fixture_id,pdf,page_no,layout,confidence,reason,heuristic_label,heuristic_confidence,text_snippet
test1_main_distribution_board,Test/Test 1/23000143 11L REV 1 AS BUILT 5-12-2013 Pg No 47-53.pdf,2,index_page,medium,contents/index keyword,index_page,0.58,"1.a LROS/IRS 23000143 CO1266 Page Class Project Yard no TABLE OF CONTENTS IHC DREDGERS BV - TSHD5500 DCI-3 ALEWIJNSE MARINE B.V. M D 0 No part of this work may be copied, stored or published without prior written permission of Alewijnse Marine Systems. > < 5-12-2013 05-12-2013 AS BUILT : : : : 1 24-1-2011 IEN CHK REV 11L -1 PVR 14 13 12 11 10 09 08 07 06 05 04 03 02 01 STAT IEN ""11L"" MAIN DISTRIBUTION BOARD 3X230V   ENERGIEWEG 46/C 6541 CX NIJMEGEN TABLE OF CONTENTS PAGE SYSTEM DESCRIPTION STATU"
test1_main_distribution_board,Test/Test 1/23000143 11L REV 1 AS BUILT 5-12-2013 Pg No 47-53.pdf,3,index_page,medium,contents/index keyword,spare_parts_table,0.48,"10 LROS/IRS 23000143 CO1266 Page Class Project Yard no TABLE OF CONTENTS IHC DREDGERS BV - TSHD5500 DCI-3 ALEWIJNSE MARINE B.V. M D 1 No part of this work may be copied, stored or published without prior written permission of Alewijnse Marine Systems. > < 5-12-2013 05-12-2013 AS BUILT : : : : 1 24-1-2011 IEN CHK REV 11L -1.a PVR 14 13 12 11 10 09 08 07 06 05 04 03 02 01 STAT IEN ""11L"" MAIN DISTRIBUTION BOARD 3X230V   ENERGIEWEG 46/C 6541 CX NIJMEGEN TABLE OF CONTENTS PAGE SYSTEM DESCRIPTION STAT"
test2_distribution_board_fixture_only,Test/Test 2/23000143 12EP REV 1 AS BUILT 5-12-2013 Pg No 45-54 .pdf,2,index_page,medium,contents/index keyword,index_page,0.58,"1.a LROS/IRS 23000143 CO1266 Page Class Project Yard no TABLE OF CONTENTS IHC DREDGERS BV - TSHD5500 DCI-3 ALEWIJNSE MARINE B.V. M D 0 No part of this work may be copied, stored or published without prior written permission of Alewijnse Marine Systems. > < 5-12-2013 05-12-2013 AS BUILT : : : : 1 24-1-2011 IEN CHK REV 12EP -1 PVR 14 13 12 11 10 09 08 07 06 05 04 03 02 01 STAT IEN ""12EP"" EMERGENCY DISTRIBUTION BOARD 3X415V   ENERGIEWEG 46/C 6541 CX NIJMEGEN TABLE OF CONTENTS PAGE SYSTEM DESCRIPTIO"
test2_distribution_board_fixture_only,Test/Test 2/23000143 12EP REV 1 AS BUILT 5-12-2013 Pg No 45-54 .pdf,3,index_page,medium,contents/index keyword,index_page,0.58,"10 LROS/IRS 23000143 CO1266 Page Class Project Yard no TABLE OF CONTENTS IHC DREDGERS BV - TSHD5500 DCI-3 ALEWIJNSE MARINE B.V. M D 1 No part of this work may be copied, stored or published without prior written permission of Alewijnse Marine Systems. > < 5-12-2013 05-12-2013 AS BUILT : : : : 1 24-1-2011 IEN CHK REV 12EP -1.a PVR 14 13 12 11 10 09 08 07 06 05 04 03 02 01 STAT IEN ""12EP"" EMERGENCY DISTRIBUTION BOARD 3X415V   ENERGIEWEG 46/C 6541 CX NIJMEGEN TABLE OF CONTENTS PAGE SYSTEM DESCRIPTI"
test2_distribution_board_fixture_only,Test/Test 2/23000143 12EP REV 1 AS BUILT 5-12-2013 Pg No 45-54 .pdf,4,index_page,medium,image heuristic fallback,index_page,0.58,"11 LROS/IRS 23000143 CO1266 Page Class Project Yard no SECTION 1 EMERGENCY GENERATOR MAIN CIRCUIT IHC DREDGERS BV - TSHD5500 DCI-3 ALEWIJNSE MARINE B.V. M D 1.a No part of this work may be copied, stored or published without prior written permission of Alewijnse Marine Systems. > < 5-12-2013 05-12-2013 AS BUILT * NO DELIVERY  ALEWIJNSE : : : :   PANEL IP23 1 24-1-2011 IEN CHK REV 12EP -10 PVR 14 13 12 11 10 09 08 07 06 05 04 03 02 01 STAT IEN ""12EP"" EMERGENCY DISTRIBUTION BOARD 3X415V   ENERGIEW"
test2_distribution_board_fixture_only,Test/Test 2/23000143 12EP REV 1 AS BUILT 5-12-2013 Pg No 45-54 .pdf,10,index_page,medium,image heuristic fallback,index_page,0.58,"17 LROS/IRS 23000143 CO1266 Page Class Project Yard no SECTION 1 EMERGENCY GENERATOR CONTROL CIRCUIT IHC DREDGERS BV - TSHD5500 DCI-3 ALEWIJNSE MARINE B.V. M D 15 No part of this work may be copied, stored or published without prior written permission of Alewijnse Marine Systems. > < 5-12-2013 05-12-2013 AS BUILT * NO DELIVERY  ALEWIJNSE : : : :   PANEL IP23 1 24-1-2011 IEN CHK REV 12EP -16 PVR 14 13 12 11 10 09 08 07 06 05 04 03 02 01 STAT IEN ""12EP"" EMERGENCY DISTRIBUTION BOARD 3X415V   ENERGI"
test2_distribution_board_fixture_only,Test/Test 2/23000143 12EP REV 1 AS BUILT 5-12-2013 Pg No 45-54 .pdf,11,index_page,medium,image heuristic fallback,index_page,0.58,"18 LROS/IRS 23000143 CO1266 Page Class Project Yard no SECTION 1 EMERGENCY GENERATOR CONTROL CIRCUIT IHC DREDGERS BV - TSHD5500 DCI-3 ALEWIJNSE MARINE B.V. M D 16 No part of this work may be copied, stored or published without prior written permission of Alewijnse Marine Systems. > < 5-12-2013 05-12-2013 AS BUILT * NO DELIVERY  ALEWIJNSE : : : :   PANEL IP23 1 24-1-2011 IEN CHK REV 12EP -17 PVR 14 13 12 11 10 09 08 07 06 05 04 03 02 01 STAT IEN ""12EP"" EMERGENCY DISTRIBUTION BOARD 3X415V   ENERGI"
test2_distribution_board_fixture_only,Test/Test 2/23000143 12EP REV 1 AS BUILT 5-12-2013 Pg No 45-54 .pdf,13,index_page,medium,image heuristic fallback,index_page,0.58,"20 LROS/IRS 23000143 CO1266 Page Class Project Yard no SECTION 1 EMERGENCY GENERATOR MEASURING IHC DREDGERS BV - TSHD5500 DCI-3 ALEWIJNSE MARINE B.V. M D 18 No part of this work may be copied, stored or published without prior written permission of Alewijnse Marine Systems. > < 5-12-2013 05-12-2013 AS BUILT * NO DELIVERY  ALEWIJNSE : : : :   PANEL IP23 1 24-1-2011 IEN CHK REV 12EP -19 PVR 14 13 12 11 10 09 08 07 06 05 04 03 02 01 STAT IEN ""12EP"" EMERGENCY DISTRIBUTION BOARD 3X415V   ENERGIEWEG 4"
test2_distribution_board_fixture_only,Test/Test 2/23000143 12EP REV 1 AS BUILT 5-12-2013 Pg No 45-54 .pdf,28,index_page,medium,image heuristic fallback,index_page,0.58,"41 LROS/IRS 23000143 CO1266 Page Class Project Yard no SECTION 3 STARTERS / DISTRIBUTION MAIN CIRCUIT IHC DREDGERS BV - TSHD5500 DCI-3 ALEWIJNSE MARINE B.V. M D 37 No part of this work may be copied, stored or published without prior written permission of Alewijnse Marine Systems. > < 5-12-2013 05-12-2013 AS BUILT * NO DELIVERY  ALEWIJNSE : : : :   PANEL IP23 1 24-1-2011 IEN CHK REV 12EP -40 PVR 14 13 12 11 10 09 08 07 06 05 04 03 02 01 STAT IEN ""12EP"" EMERGENCY DISTRIBUTION BOARD 3X415V   ENERG"
test2_distribution_board_fixture_only,Test/Test 2/23000143 12EP REV 1 AS BUILT 5-12-2013 Pg No 45-54 .pdf,30,index_page,medium,image heuristic fallback,index_page,0.58,"43 LROS/IRS 23000143 CO1266 Page Class Project Yard no SECTION 3 S2 - ENGINE ROOM SUPPLY FAN PS CONTROL CIRCUIT IHC DREDGERS BV - TSHD5500 DCI-3 ALEWIJNSE MARINE B.V. M D 41 No part of this work may be copied, stored or published without prior written permission of Alewijnse Marine Systems. > < 5-12-2013 05-12-2013 AS BUILT * NO DELIVERY  ALEWIJNSE : : : :   PANEL IP23 1 24-1-2011 IEN CHK REV 12EP -42 PVR 14 13 12 11 10 09 08 07 06 05 04 03 02 01 STAT IEN ""12EP"" EMERGENCY DISTRIBUTION BOARD 3X41"
test2_distribution_board_fixture_only,Test/Test 2/23000143 12EP REV 1 AS BUILT 5-12-2013 Pg No 45-54 .pdf,33,index_page,medium,image heuristic fallback,index_page,0.58,"52 LROS/IRS 23000143 CO1266 Page Class Project Yard no SECTION 3 S4 - ENGINE ROOM SUPPLY FAN SB REVERSIBLE CONTROL CIRCUIT IHC DREDGERS BV - TSHD5500 DCI-3 ALEWIJNSE MARINE B.V. M D 50 No part of this work may be copied, stored or published without prior written permission of Alewijnse Marine Systems. > < 5-12-2013 05-12-2013 AS BUILT * NO DELIVERY  ALEWIJNSE : : : :   PANEL IP23 1 24-1-2011 IEN CHK REV 12EP -51 PVR 14 13 12 11 10 09 08 07 06 05 04 03 02 01 STAT IEN ""12EP"" EMERGENCY DISTRIBUTION"
test2_distribution_board_fixture_only,Test/Test 2/23000143 12EP REV 1 AS BUILT 5-12-2013 Pg No 45-54 .pdf,38,index_page,medium,image heuristic fallback,index_page,0.58,"72 LROS/IRS 23000143 CO1266 Page Class Project Yard no SECTION 3 FIFI/ BALLAST/ EMERGENCY BILGE PUMP CONTROL CIRCUIT IHC DREDGERS BV - TSHD5500 DCI-3 ALEWIJNSE MARINE B.V. M D 70 No part of this work may be copied, stored or published without prior written permission of Alewijnse Marine Systems. > < 5-12-2013 05-12-2013 AS BUILT * NO DELIVERY  ALEWIJNSE : : : :   PANEL IP23 1 24-1-2011 IEN CHK REV 12EP -71 PVR 14 13 12 11 10 09 08 07 06 05 04 03 02 01 STAT IEN ""12EP"" EMERGENCY DISTRIBUTION BOARD"
test2_distribution_board_fixture_only,Test/Test 2/23000143 12EP REV 1 AS BUILT 5-12-2013 Pg No 45-54 .pdf,43,index_page,medium,image heuristic fallback,index_page,0.58,"87 LROS/IRS 23000143 CO1266 Page Class Project Yard no SECTION 3 FRESH WATER PUMP - CCWS LT 3 - STANDBY CONTROL CIRCUIT IHC DREDGERS BV - TSHD5500 DCI-3 ALEWIJNSE MARINE B.V. M D 85 No part of this work may be copied, stored or published without prior written permission of Alewijnse Marine Systems. > < 5-12-2013 05-12-2013 AS BUILT * NO DELIVERY  ALEWIJNSE : : : :   PANEL IP23 1 24-1-2011 IEN CHK REV 12EP -86 PVR 14 13 12 11 10 09 08 07 06 05 04 03 02 01 STAT IEN ""12EP"" EMERGENCY DISTRIBUTION BO"
test4_furuno_far2xx8_radar,"Test/Test 4/IME36520W_FAR2xx8 pg No 18-29,132,197-215.pdf",3,index_page,medium,image heuristic fallback,index_page,0.58,"i   SAFETY INSTRUCTIONS Wear a safety belt and hard hat when working on the antenna unit. Serious injury or death can result if someone falls from the radar antenna mast. The installer must read the applicable safety instructions before attempting to operate or install the  equipment. Indicates a potentially hazardous situation which, if not avoided,  will result in death or serious injury.  DANGER Indicates a potentially hazardous situation which, if not avoided,  could result in death or serio"
test4_furuno_far2xx8_radar,"Test/Test 4/IME36520W_FAR2xx8 pg No 18-29,132,197-215.pdf",4,index_page,medium,image heuristic fallback,index_page,0.58,"SAFETY INSTRUCTIONS ii Radio Frequency Radiation Hazard *: The following numerical values, shown in the antenna types, indicate antenna length.  [12]: 4 ft,   [20]: 6.5 ft,   [24]: 8 ft,   [30]: 10 ft,   [36]: 12 ft **: Unavailable on IMO-type radars FAR-2218(-BB) FAR-2318 FAR-2018-MARK-2 FAR-2028-MARK-2 RTR-105 (12 kW) RTR-131 (12 kW) RTR-132 (25 kW) RTR-111 (250 W) RTR-106 (25 kW) RTR-108 (25 kW) RTR-107 (30 kW) RTR-109 (30 kW) XN12CF XN20CF XN24CF XN12AF XN20AF XN24AF XN12AF XN20AF XN24AF FAR"
test4_furuno_far2xx8_radar,"Test/Test 4/IME36520W_FAR2xx8 pg No 18-29,132,197-215.pdf",5,index_page,medium,image heuristic fallback,index_page,0.58,"SAFETY INSTRUCTIONS iii Observe the following compass safe distances to prevent deviation of a magnetic  compass: Note: For more information, please refer to IMO SN/Circ.271 “Guidelines for the installation of  shipborne radar equipment.”   2.15 m 1.40 m 1.80 m 1.20 m 2.30 m 1.45 m 2.45 m 1.60 m 3.05 m 1.90 m 1.90 m 1.20 m CAUTION 0.30 m 0.30 m 4.05 m 2.65 m Standard  compass Unit Steering  compass Antenna Unit (X-band, TR-UP, 12 kW,  magnetron radar ) Antenna Unit (X-band, TR-UP, 50 kW,  magnet"
test4_furuno_far2xx8_radar,"Test/Test 4/IME36520W_FAR2xx8 pg No 18-29,132,197-215.pdf",6,index_page,medium,image heuristic fallback,index_page,0.58,"iv SYSTEM CONFIGURATION Standard connection Basic configuration is shown with solid line. For footnotes, see ""Notes"" on page xi. X-band (TR-UP, CF Antenna), 12 kW/25 kW/600 W (or 500 W) NOTICE IMO-type radar(s) must be interconnected to the following type approved sensors. For other radar types, it is recommended to connect the following type approved sensors: • EPFS meeting the requirements of the IMO resolution MSC.112(73). • Gyrocompass (or equivalent devices) meeting the requirements of the "
test4_furuno_far2xx8_radar,"Test/Test 4/IME36520W_FAR2xx8 pg No 18-29,132,197-215.pdf",7,index_page,medium,image heuristic fallback,index_page,0.58,"SYSTEM CONFIGURATION v X-band (TR-UP, AF Antenna), 12 kW/25 kW 100-230 VAC 1ø, 50-60 Hz Transformer USB Device*9 440 VAC 1ø, 50-60 Hz USB Mouse Switching Hub HUB-100 Control Unit RCU-014 or RCU-015 Intelligent Hub  HUB-3000*5 Gyrocompass*1 (AD-10 format) Gyrocompass*1 (IEC61162 format) AIS Transponder EPFS*2 (GPS) SDME (Speed log) AMS (IEC61162 format) Sub monitor 1 of ECDIS*8 Sub monitor 2 of ECDIS*8 AMS (Contact)*4 Sub monitor Antenna Cable*10 100-115/220-230 VAC  1ø, 50-60 Hz (for de-icer) Pr"
test4_furuno_far2xx8_radar,"Test/Test 4/IME36520W_FAR2xx8 pg No 18-29,132,197-215.pdf",8,index_page,medium,image heuristic fallback,index_page,0.58,"SYSTEM CONFIGURATION vi X-band (TR-UP), 50 kW USB Device*9 USB Mouse Antenna Cable Motor Cable Antenna Unit for FAR-2258, 50kW  (w/ Performance Monitor PM-32A*7) XN24AF-RSB139-122*11 XN30AF-RSB139-122*11 : Standard supply : Optional or local supply 100-115/220-230 VAC  1ø, 50-60 Hz External radar Sub monitor 2 Power Supply  Unit PSU-019 Antenna Cable Sub monitor 3 Sub monitor 1 Control Unit RCU-014/  RCU-015/  RCU-031* Control Unit  RCU-014/  RCU-015/  RCU-031* Control Unit  RCU-016 Processor  U"
test4_furuno_far2xx8_radar,"Test/Test 4/IME36520W_FAR2xx8 pg No 18-29,132,197-215.pdf",9,index_page,medium,image heuristic fallback,index_page,0.58,"SYSTEM CONFIGURATION vii S-band (TR-UP), 30 kW/250W) Sub monitor Antenna Cable 100-115/220-230 VAC  1ø, 50-60 Hz (for de-icer) Antenna Unit for FAR-2238S(-BB)/2338S, 30 kW (w/ Performance Monitor PM-52A*7 SN24CF-RSB129-107*11 SN30CF-RSB129-107*11             SN36CF-RSB129-107 Antenna Unit  for FAR-2238S-NXT(-BB)/2338S-NXT, 250 W (w/ Performance Monitor PM-52B*7) SN24CF-RSB133-111*11 SN30CF-RSB133-111*11 SN36CF-RSB133-111 Control Unit RCU-014 or RCU-015 Control Unit RCU-016 : Standard supply : Op"
test4_furuno_far2xx8_radar,"Test/Test 4/IME36520W_FAR2xx8 pg No 18-29,132,197-215.pdf",10,index_page,medium,image heuristic fallback,index_page,0.58,"SYSTEM CONFIGURATION viii S-band (TR-UP), 60 kW Antenna Cable Motor Cable Antenna Unit for FAR-2268DS, 60 kW  SN30AF-RSB144-129*11 SN36AF-RSB144-129*11 SN30DF-RSB144-129*11 : Standard supply : Optional or local supply 100-115/220-230 VAC  1ø, 50-60 Hz External radar Sub monitor 2 Power Supply  Unit PSU-019 Antenna Cable Sub monitor 3 Sub monitor 1 Control Unit RCU-014/  RCU-015/  RCU-031* Control Unit  RCU-014/  RCU-015/  RCU-031* Control Unit  RCU-016 Processor  Unit RPU-025 Gyrocompass*1 (AD-1"
test4_furuno_far2xx8_radar,"Test/Test 4/IME36520W_FAR2xx8 pg No 18-29,132,197-215.pdf",11,index_page,medium,image heuristic fallback,index_page,0.58,"SYSTEM CONFIGURATION ix X-band (TR-DOWN) Sub monitor Antenna Cable 100-115/220-230 VAC  1ø, 50-60 Hz (for de-icer) Transceiver Unit RTR-108 Antenna Unit for FAR-2328W, 25 kW (w/ Performance Monitor PM-32A) XN20CF-RSB130 XN24CF-RSB130 Wave guide Signal cable : Standard supply : Optional or local supply Control Unit RCU-014 or RCU-015 Control Unit RCU-016 USB Device*9 USB Mouse 100-230 VAC  1ø, 50-60 Hz 100-230 VAC  1ø, 50-60 Hz Transformer 440 VAC  1ø, 50-60 Hz VDR (Analog RGB) Intelligent Hub  H"
test4_furuno_far2xx8_radar,"Test/Test 4/IME36520W_FAR2xx8 pg No 18-29,132,197-215.pdf",12,index_page,medium,image heuristic fallback,index_page,0.58,"SYSTEM CONFIGURATION x S-band (TR-DOWN) Sub monitor Antenna Cable 100-115/220-230 VAC  1ø, 50-60 Hz (for de-icer) Transceiver Unit RTR-109 Antenna Unit for FAR-2338SW, 30 kW (w/ Performance Monitor PM-52A) SN36CF-RSB131 Coaxial cable Signal cable : Standard supply : Optional or local supply Control Unit RCU-014 or RCU-015 Control Unit RCU-016 USB Device*9 USB Mouse 100-230 VAC  1ø, 50-60 Hz 100-230 VAC  1ø, 50-60 Hz Transformer 440 VAC  1ø, 50-60 Hz VDR (Analog RGB) Intelligent Hub  HUB-3000*5 S"
test4_furuno_far2xx8_radar,"Test/Test 4/IME36520W_FAR2xx8 pg No 18-29,132,197-215.pdf",13,index_page,medium,image heuristic fallback,index_page,0.58,SYSTEM CONFIGURATION xi Notes 1) The gyrocompass must be type approved for compliance with IMO resolution A.424(XI) (and/ or resolution A.821(19) for installation on HSC). The gyrocompass must also have an update  rate that is adequate for the ship’s rate of turn. The update rate must be better than 40 Hz  (HSC) or 20 Hz (conventional vessel). 2) The EPFS must be type approved for compliance with IMO resolution MSC.112(73). 3) The monitors listed in the following table have been approved by the 
test4_furuno_far2xx8_radar,"Test/Test 4/IME36520W_FAR2xx8 pg No 18-29,132,197-215.pdf",15,index_page,medium,image heuristic fallback,index_page,0.58,"SYSTEM CONFIGURATION xiii Radar Component Combinations Radar Type and Function Availability This radar series is available in six specification types to meet the requirements of Authorities, and  function availability depends on specification type. • IMO: IMO compliant  • A: Near-IMO specifications • B: Standard fishing specifications • C: Advanced fishing specifications • R: Russian specifications • W: Washington Ferry specifications Also, the software version has two main versions as shown bel"
test4_furuno_far2xx8_radar,"Test/Test 4/IME36520W_FAR2xx8 pg No 18-29,132,197-215.pdf",16,index_page,medium,image heuristic fallback,index_page,0.58,"SYSTEM CONFIGURATION xiv Note 3: If the software with version 01.**/03.** is changed to the software with version 50.**, the  RP board in the processor unit is required and the software update of the RP board required as  well. The table below shows those functions which are limited to a specific radar type (Available: , Not  available: –). The menus which are not mentioned in the table below are available for all types.  This manual provides descriptions for all functions in this radar series."
test4_furuno_far2xx8_radar,"Test/Test 4/IME36520W_FAR2xx8 pg No 18-29,132,197-215.pdf",37,index_page,medium,image heuristic fallback,index_page,0.58,1.  INSTALLATION 1-7 plied) between the grounding point and ground terminal on the Antenna Unit. Coat  the hardware of the ground system with the supplied adhesive (marine sealant). Antenna chassis side Mounting platform side Arrange a ground terminal as close as possible to Antenna Unit. There are two  methods to connect the ground wire for mounting platform side. 1.1.3 FAR-20x8-MARK-2 Radars How to assemble the Antenna Unit The Antenna Unit consists of the antenna radiator and the Antenna Unit
test4_furuno_far2xx8_radar,"Test/Test 4/IME36520W_FAR2xx8 pg No 18-29,132,197-215.pdf",38,index_page,medium,image heuristic fallback,index_page,0.58,"1.  INSTALLATION 1-8 3. Coat the grayed area shown below with the supplied adhesive (marine sealant). 4. Coat the supplied O-ring with a grease (local supply) and set it to the O-ring  groove of the radiator flange. 5. Set the antenna radiator to the radiator bracket, taking care the orientation of the  radiator. 6. Coat hex bolts M8x40 (for XN20AF or XN24AF) or hex bolt M8x35/ flat washer/ spring washer (for XN12AF) with the adhesive (marine sealant) and use them to  loosely fasten the antenna "
test4_furuno_far2xx8_radar,"Test/Test 4/IME36520W_FAR2xx8 pg No 18-29,132,197-215.pdf",40,index_page,medium,image heuristic fallback,index_page,0.58,"1.  INSTALLATION 1-10 3. Insert four sets of hex bolts (supplied,  M12×60) attached the seal washers to  the mounting holes of the antenna  chassis from the top side, referring to  the installation guide (C3900Y01) at  the back of this manual. Lift the anten- na chassis slightly then insert the sup- plied insulation sheets to the bolts.  Fasten the antenna unit loosely with the bolts attached the flat washers and two  nuts from the bottom side. 4. Adjust the direction of the Antenna Unit so the "
test4_furuno_far2xx8_radar,"Test/Test 4/IME36520W_FAR2xx8 pg No 18-29,132,197-215.pdf",41,index_page,medium,image heuristic fallback,index_page,0.58,"1.  INSTALLATION 1-11 3. Coat the grayed area shown below with the supplied adhesive (marine sealant). 4. Coat the supplied O-ring with a grease (local supply) and set it to the O-ring  groove of the radiator flange. 5. Set the antenna radiator to the radiator bracket, taking care the orientation of  theradiator. 6. Set the supplied spring washers and flat washers then coat the adhesive (marine  sealant) to the threads of the supplied hex. bolts M8×40. 7. Remove the two guide pins (insert- ed at"
test4_furuno_far2xx8_radar,"Test/Test 4/IME36520W_FAR2xx8 pg No 18-29,132,197-215.pdf",42,index_page,medium,image heuristic fallback,index_page,0.58,"1.  INSTALLATION 1-12 Also, hoist the Antenna Unit slowly. Hoisting swiftly may cause a damage to the an- tenna radiator or damage the radiator chassis. Protect the parts where the antenna unit and the belt slings come into contact (dashed  area) with cloth to prevent scratches. Upright hoisting Note: Do not hoist the Antenna Unit by hanging belt  slings around the radiator directly. Sideways hoisting Fasten one belt sling to both shackles, and pass the other belt sling around the  stern side "
test4_furuno_far2xx8_radar,"Test/Test 4/IME36520W_FAR2xx8 pg No 18-29,132,197-215.pdf",44,index_page,medium,image heuristic fallback,index_page,0.58,"1.  INSTALLATION 1-14 1.2 Antenna Unit (S-band Radar) For installation considerations regarding the Antenna Unit, see section 1.1.1. 1.2.1 Installation precaution for S-band Antenna Unit Due to the S-band radiator length, there may be excessive stress placed on the radi- ator caused by vibrations, rolling and general ship movement. To prevent damage to  the Antenna Unit and radiator, do not install the antenna near the end of a platform. If  there is no other location available, reinforce the pl"
test4_furuno_far2xx8_radar,"Test/Test 4/IME36520W_FAR2xx8 pg No 18-29,132,197-215.pdf",49,index_page,medium,image heuristic fallback,index_page,0.58,"1.  INSTALLATION 1-19 6. Using a hex bolt (M6×25), nut (M6), spring washer (M6) and flat washer (M6), es- tablish the ground system on the mounting platform as shown in the following fig- ure. The location must be within 340 mm of the ground terminal on the Antenna  Unit. Connect the ground wire (RW-4747, 340 mm, supplied) between the ground- ing point and ground terminal on the Antenna Unit. Coat the hardware of the  ground system with the supplied adhesive (marine sealant). Antenna chassis sid"
test4_furuno_far2xx8_radar,"Test/Test 4/IME36520W_FAR2xx8 pg No 18-29,132,197-215.pdf",50,index_page,medium,image heuristic fallback,index_page,0.58,"1.  INSTALLATION 1-20 3. Orient the FURUNO logo of the radiator to  the side with the sticker on the bracket. If re- versely oriented, the radiator cannot be set  to the bracket. Set the radiator so the guide  pins fit into the guide holes on the radiator  bracket. 4. Attach the spring washers and the flat washers to the hex bolts and then coat the  threads of ten hex bolts (M10×25, supplied) with the supplied adhesive (marine  sealant). Loosely fix the radiator to the radiator bracket with the "
test4_furuno_far2xx8_radar,"Test/Test 4/IME36520W_FAR2xx8 pg No 18-29,132,197-215.pdf",52,index_page,medium,image heuristic fallback,index_page,0.58,"1.  INSTALLATION 1-22 2. Lay the corrosion-proof rubber mat (supplied) on the mounting platform, aligning  the holes on the rubber mat with the fixing holes on the mounting platform. 3. Lay the antenna unit on the rubber mat, orienting it so the cable gland is directed  toward ship's bow. 4. Fix the antenna base to the mounting platform with four M12x70 hex bolts, nuts,  washers and seal washers (supplied). The torque must be 63.5 N•m. For fasten- ing the double nuts, see the installation guide "
test4_furuno_far2xx8_radar,"Test/Test 4/IME36520W_FAR2xx8 pg No 18-29,132,197-215.pdf",53,index_page,medium,image heuristic fallback,index_page,0.58,1.  INSTALLATION 1-23 1.3 Monitor Unit See the appropriate operator’s manual for the following MU series monitors for the in- stallation procedure. Keep in mind the following points when selecting a location. 1.4 Control Unit The Control Units can be installed on a desktop or flush mounted in a console.  Installation considerations Keep in mind the following points when selecting a location. • Select a location where the Control Unit can be operated easily. Monitor unit Manual type Monitor unit 
test4_furuno_far2xx8_radar,"Test/Test 4/IME36520W_FAR2xx8 pg No 18-29,132,197-215.pdf",60,index_page,medium,image heuristic fallback,index_page,0.58,"1.  INSTALLATION 1-30 1.5 Power Supply Unit This unit can be installed on a bulkhead, wall or on the floor. 1.5.1 Installation considerations Keep in mind the following points when selecting a location. • Locate the Processor Unit away from heat sources because of heat that can build  up inside the cabinet. • Select a location where the vibration is minimal. • Locate the equipment away from places subject to water splash and rain. • Leave sufficient space at the sides and rear of the unit to fac"
test4_furuno_far2xx8_radar,"Test/Test 4/IME36520W_FAR2xx8 pg No 18-29,132,197-215.pdf",61,index_page,medium,image heuristic fallback,index_page,0.58,"1.  INSTALLATION 1-31 1.5.2 How to install the Power Supply Unit Use four bolts (M6, local supply) to  fasten the Power Supply Unit. For bulkhead mounting, fasten two  bolts for the lower notches, leaving 5  mm of thread exposed from the bolt  head. Set the notches of the Power  Supply Unit on the two bolts, then fas- ten two bolts for the upper bolt holes.  Then secure the Power Supply Unit in  place with all four bolts fastened tight- ly. Note: For bulkhead installations, the  cable entry must"
test4_furuno_far2xx8_radar,"Test/Test 4/IME36520W_FAR2xx8 pg No 18-29,132,197-215.pdf",62,index_page,medium,image heuristic fallback,index_page,0.58,"1.  INSTALLATION 1-32 • Install the Processor Unit on the floor, or on a bulkhead with the following direction.  For bulkhead, the cable entry must face the deck. • Connect the ground wire (IV-8sq, local supply) between the earth terminal on the  chassis and the ship’s earth, using the supplied crimp-on-lug FV2-M3 BLU. 1.6.2 How to install the Processor Unit Use four bolts (M6, local supply) to  fasten the Processor Unit. For bulkhead mounting, fasten two  bolts for the lower notches, leaving 5 "
test4_furuno_far2xx8_radar,"Test/Test 4/IME36520W_FAR2xx8 pg No 18-29,132,197-215.pdf",66,index_page,medium,image heuristic fallback,index_page,0.58,"2.  WIRING 2-2 2.1.1 Standard wiring A Cat 5e LAN cable (RW-00135, RW-00339) connects between the Antenna Unit  (Power Supply Unit for FAR-2258/2268DS) and the Processor Unit. The maximum  length of the cabling between the Processor Unit and the Antenna Unit is 80 m. Retrofit (using antenna cable RW-96006895/4896) or foremast installation is also pos- sible, with the installation of a pair of LAN Signal Converters, one in the Antenna Unit,  the other in the Processor Unit. See section 2.10. X-ba"
test4_furuno_far2xx8_radar,"Test/Test 4/IME36520W_FAR2xx8 pg No 18-29,132,197-215.pdf",67,index_page,medium,image heuristic fallback,index_page,0.58,"2.  WIRING 2-3 X/S-band radars for FAR-2258/2268DS radars 100-230 VAC  1ø, 50-60 Hz DVI-BNCX5+GND-L2.0 2 m 100-230 VAC 1ø, 50-60 Hz Transformer 440 VAC  1ø, 50-60 Hz VDR (Analog RGB) DPYC-1.5 DPYC-2.5 Antenna Cable • RW-0013  15/20/30/50 m • 03CA00099  70 m • RW-0030  15/20/30/50 m (For FAR-2258 only) Motor Cable TPYCY-2.5 : Standard supply : Optional or local supply 100-115/220-230 VAC  1ø, 50-60 Hz External radar Sub monitor 2 Power Supply  Unit PSU-019 Antenna Unit Processor Unit RPU-025 DVI-"
test4_furuno_far2xx8_radar,"Test/Test 4/IME36520W_FAR2xx8 pg No 18-29,132,197-215.pdf",68,index_page,medium,image heuristic fallback,index_page,0.58,"2.  WIRING 2-4 X-band/S-band (TR-DOWN) radars The appropriate radars are FAR-2328W and FAR-2338SW. DVI-D/D SINGLE LINK 5/10 m 100-230 VAC  1ø, 50-60 Hz 100-230 VAC 100-230 VAC Transformer 440 VAC  1ø, 50-60 Hz Control Unit  RCU-016 Monitor Unit MU-231/MU-270W VDR (Analog RGB) Gyrocompass  (AD-10 format) Gyrocompass  (IEC61162 format) AIS Transponder EPFS (GPS) Sub display Antenna Cable (LAN+serial) RW-00135 15/30/40/50 m 100-115/220-230 VAC  1ø, 50-60 Hz (for de-icer) PROCESSOR  UNIT RPU-025 ANT"
test4_furuno_far2xx8_radar,"Test/Test 4/IME36520W_FAR2xx8 pg No 18-29,132,197-215.pdf",70,index_page,medium,image heuristic fallback,index_page,0.58,"2.  WIRING 2-6 2.2 Antenna Unit (X-band, TR-UP) 2.2.1 How to fabricate the cables LAN cable RW-00135 (antenna cable, RSB-128/130/146) For X-band radar, the end of the antenna cable RW-00135 which connects to the An- tenna Unit is pre-fabricated. RW-0013/RW-0030/03CA00099 (antenna cable, RSB-139) • RW-0013/03CA00099: No armor Expose inner vinyl sheath and remove  it by approx. 25 mm. Be careful not to  damage the shield and cores.  Fold back the shield, wrap it onto the vinyl  sheath and cut it, "
test4_furuno_far2xx8_radar,"Test/Test 4/IME36520W_FAR2xx8 pg No 18-29,132,197-215.pdf",71,index_page,medium,image heuristic fallback,index_page,0.58,"2.  WIRING 2-7 • RW-0030: With armor RW-9600/6895/4873 (for retrofit or foremast installation, RSB-128/146) The existing cable (RW-9600/6895/4873) can be used for the following cases. • Cable extension for foremast installation (only for RW-9600 cable) • Retrofit Depending on your installation, one or more of the following kits (available as optional  extras) may be required. For the LAN Coaxial Converter, see section 2.10 ""LAN Sig- nal Converter"" and for details. • LAN Signal Converter OP03-247"
test4_furuno_far2xx8_radar,"Test/Test 4/IME36520W_FAR2xx8 pg No 18-29,132,197-215.pdf",72,index_page,medium,image heuristic fallback,index_page,0.58,"2.  WIRING 2-8 For wiring the RW-9600 cable via the cable cover, the cable fabrication is shown be- low. In other cases, see the installation manual in the optional kit. The unused power lines are tied up and attached to a crimp-on lug FV5.5-S4 (LF),  supplied locally. Connect these unused lines to the ground terminal with the shield  line. See the interconnection diagram at the back of this manual for details. RW-00136 (for a sub monitor, RSB-128/130/146) Note: The maximum cable length is 50 m."
test4_furuno_far2xx8_radar,"Test/Test 4/IME36520W_FAR2xx8 pg No 18-29,132,197-215.pdf",73,index_page,medium,image heuristic fallback,index_page,0.58,"2.  WIRING 2-9 TPYCY-2.5 (Motor power cable for RSB-139) 2.2.2 How to connect the cables (RSB-128) 1. Loosen four bolts from the rear cover to remove the rear cover. If the de-icer is  already installed, loosen two bolts inside the antenna to remove the front cover. Note 1: The cable for the performance monitor is connected between the rear  cover and the RF-TB Board in the Antenna Unit. Open the cover slowly to prevent  damage to the cable and connector. Note 2: If the de-icer is to be installe"
test4_furuno_far2xx8_radar,"Test/Test 4/IME36520W_FAR2xx8 pg No 18-29,132,197-215.pdf",78,index_page,medium,image heuristic fallback,index_page,0.58,"2.  WIRING 2-14 3) Pass the de-icer power cable through  the cable band. Connect the cable to  TB901 on the DE-ICER board  (03P9573), using the supplied crimp- on lugs.  4) Attach the motor and connectors re- moved at step 1). 5) Set the Voltage Setting switch accord- ing to the power source for the de-icer;  115 V or 230 V. The default setting is  230 V. 6) Apply power to the de-icer then press and hold the TEST switch for about ten  seconds. Check that the heater gets hot and then release the "
test4_furuno_far2xx8_radar,"Test/Test 4/IME36520W_FAR2xx8 pg No 18-29,132,197-215.pdf",80,index_page,medium,image heuristic fallback,index_page,0.58,"2.  WIRING 2-16 2.2.3 How to connect the cables (RSB-146) 1. Loosen four bolts from the rear  cover to remove the rear cover. Note: If the performance moni- tor is installed, disconnect the  XH connector on the rear cover. 2. Loosen four screws on the cable cover at the starboard side to open the cable cov- er. Unfasten two screws (from the left) on the cable clamp and loosen the right- most screw to open the cable clamp, then remove the rubber packing on the left  slot. The rubber packing may b"
test4_furuno_far2xx8_radar,"Test/Test 4/IME36520W_FAR2xx8 pg No 18-29,132,197-215.pdf",81,index_page,medium,image heuristic fallback,index_page,0.58,"2.  WIRING 2-17 LAN cable: LAN connector through the wiring clamps (A, B) Shield of LAN cable: Screw (D) <For RW-9600> Disconnect the connector between the BNC case and the converter, connect  the coaxial cable to the BNC case. After connection, fasten the BNC case to  the chassis (Tightening torque: 1.2 N•m). Power line: TB801 through the wir- ing clamps (A, B, C). The unused  lines should be bound together and  connected to the screw (E). Shield of power line: Screw (D) Coaxial cable: BNC case"
test4_furuno_far2xx8_radar,"Test/Test 4/IME36520W_FAR2xx8 pg No 18-29,132,197-215.pdf",82,index_page,medium,image heuristic fallback,index_page,0.58,"2.  WIRING 2-18 6. Close the cable cover, then coat the  screws with the supplied adhesive (ma- rine sealant). The torque must be 4.1  N•m. 7. Hook the safety rope to the rope groove on the  chassis, then attach the rear cover (Tightening  torque: 21 N•m). Take care not to damage the  cables when attaching the cover of the antenna  unit. Note: If the performance monitor is attached,  connect the XH connector, removed at step 1,  on the rear cover. 8. Fix the cables within approx. 300 mm from  th"
test4_furuno_far2xx8_radar,"Test/Test 4/IME36520W_FAR2xx8 pg No 18-29,132,197-215.pdf",84,index_page,medium,image heuristic fallback,index_page,0.58,"2.  WIRING 2-20 2.2.4 How to connect the cables (RSB-139) 1. Loosen 12 bolts from both covers to remove the covers. Note 1: If the performance monitor is installed, the cable for the performance  monitor is connected between the cover for the RF unit side and the RF-TB Board  in the Antenna Unit. Open the cover slowly to prevent damage to the cable and  connector. Note 2: Both covers have the safety chains to pre- vent falling covers. 2. Disconnect the motor drive connectors (J917, J918) and the"
test4_furuno_far2xx8_radar,"Test/Test 4/IME36520W_FAR2xx8 pg No 18-29,132,197-215.pdf",86,index_page,medium,image heuristic fallback,index_page,0.58,"2.  WIRING 2-22 6. Push the flat washer against the armor then sandwich in the armor between two  flat washers. 7. Trim the armor so that it does not extend past the flat washers. 8. Pass the antenna and power cables through each cable entrance and attach the  appropriate connectors to the appropriate cables. For how to connect the cables  to WAGO connector, see ""WAGO connector"" on page 2-5. For pin arrangement,  see the interconnection diagram at the back of this manual. Note: A terminal opener"
test4_furuno_far2xx8_radar,"Test/Test 4/IME36520W_FAR2xx8 pg No 18-29,132,197-215.pdf",88,index_page,medium,image heuristic fallback,index_page,0.58,"2.  WIRING 2-24 DPYCY-1.5 (for the optional de-icer) • Before beginning any work on the Antenna Unit, turn off the breaker for the de-icer  at the mains switchboard. (Turning off the display unit has no effect.) • The de-icer activates when the temperature becomes 0 °C, and shuts down when  the temperature reaches 5 °C. Clamp the armor with the cable clamp. Flexible waveguide The connector at the antenna side is pre-attached to the flexible waveguide. The  bending radius shown below must be obse"
test4_furuno_far2xx8_radar,"Test/Test 4/IME36520W_FAR2xx8 pg No 18-29,132,197-215.pdf",89,index_page,medium,image heuristic fallback,index_page,0.58,"2.  WIRING 2-25 2.3.2 How to connect the cables (RSB-130) 1. Loosen four bolts from the rear cover to remove the rear cover. If the de-icer is  already installed, loosen two bolts inside the antenna to remove the front cover. Note 1: The cable for the performance monitor is connected between the rear  cover and the RF-TB Board in the Antenna Unit. Open the cover slowly to prevent  damage to the cable and connector. Note 2: If the de-icer is to be installed, remove four M5 screws and spread open "
test4_furuno_far2xx8_radar,"Test/Test 4/IME36520W_FAR2xx8 pg No 18-29,132,197-215.pdf",90,index_page,medium,image heuristic fallback,index_page,0.58,"2.  WIRING 2-26 3. Unfasten four screws to open the cable entrance cover. Note: The orientation of the cable entrance can be changed. See ""How to change  the orientation"" on page 2-10. 4. Unfasten the two screws fixing the cable clamp for the serial cable, then pass the  serial cable (TTYCYSLA-10) through the cable entrance. If applicable, unfasten the two screws fixing the cable clamp for the de-icer power  cable, then pass the cables through the cable entrance. Note 1: The dummy plug is provid"
test4_furuno_far2xx8_radar,"Test/Test 4/IME36520W_FAR2xx8 pg No 18-29,132,197-215.pdf",93,index_page,medium,image heuristic fallback,index_page,0.58,"2.  WIRING 2-29 8. Position the cables so their armors lie beneath their respective cable clamps in the  cable entrance. Fasten the cable clamps. 9. Coat the hinge with the supplied adhesive (marine sealant) to waterproof the  hinge then close the cable entrance cover. Fix the cable cover with four screws,  then coat the screws with the supplied adhesive (marine sealant). 10. Reconnect the performance monitor connector (J807) to the RF-TB Board. 11. Connect the waveguide to the antenna with eith"
test4_furuno_far2xx8_radar,"Test/Test 4/IME36520W_FAR2xx8 pg No 18-29,132,197-215.pdf",95,index_page,medium,image heuristic fallback,index_page,0.58,"2.  WIRING 2-31 RW-0013/03CA00099 (Antenna cable, RSB-144) RW-9600/6895/4873 (for retrofit) To use the existing cable (RW-9600/6895/4873) for the retrofit, two optional kits are  required. For the LAN Coaxial Converter, see section 2.10 ""LAN Signal Converter"" for  details. • LAN Signal Converter: Type: OP03-247-2 (for RSB-129)                                      Type: OP03-247-1 (for RSB-133) • Retrofit Cable Kit: Type: OP03-255-1 (for RSB-129/133) Note: The maximum antenna cable length is 100 "
test4_furuno_far2xx8_radar,"Test/Test 4/IME36520W_FAR2xx8 pg No 18-29,132,197-215.pdf",96,index_page,medium,image heuristic fallback,index_page,0.58,"2.  WIRING 2-32 DPYCY-1.5 (for the optional de-icer) • Before beginning any work on the Antenna Unit, turn off the breaker for the de-icer  at the mains switchboard. (Turning off the display unit has no effect.) • The de-icer activates when the temperature becomes 0 °C, and shuts down when  the temperature reaches 5 °C. TPYCY-2.5 (Motor power cable, RSB-144) 2.4.2 How to connect the cables (RSB-129/133) Three cables are connected to the Antenna Unit: anttena, sub monitor* and de-icer*  power cab"
test4_furuno_far2xx8_radar,"Test/Test 4/IME36520W_FAR2xx8 pg No 18-29,132,197-215.pdf",97,index_page,medium,image heuristic fallback,index_page,0.58,"2.  WIRING 2-33 1. Loosen four bolts on the rear cover to remove the rear cover. If the de-icer is al- ready installed, loosen also four bolts on the front cover to remove the front cover. If the lifting fixtures are still attached, they should be removed. For how to remove  the lifting fixtures, see ""How to hoist the Antenna Unit"" on page 1-16. Note 1: The cable for the performance monitor is connected between the rear  cover and the RF-TB Board in the Antenna Unit. Open the cover slowly to pre"
test4_furuno_far2xx8_radar,"Test/Test 4/IME36520W_FAR2xx8 pg No 18-29,132,197-215.pdf",98,index_page,medium,image heuristic fallback,index_page,0.58,"2.  WIRING 2-34 3. Disconnect the coaxial cable and unfasten the four bolts as shown below. Then,  remove the RF unit with the handle. Note: For magnetron radars, lay the unit on its side or on top of non-ferrous  material, to prevent demagnetization. 4. Unfasten the cable gland for the antenna cable, then remove the gasket, three flat  washers, and protector. 5. Slide the cable gland,  the gasket and three  flat washers onto the  cable.  6. Push the flat washer  against the armor. 7. Trim the a"
test4_furuno_far2xx8_radar,"Test/Test 4/IME36520W_FAR2xx8 pg No 18-29,132,197-215.pdf",105,index_page,medium,image heuristic fallback,index_page,0.58,"2.  WIRING 2-41 5. Apply the supplied adhesive (marine sealant) to the threads of the cable glands,  and then fasten it tightly with the hook spanner. Note: Use the wrench of the correct size referring to cable gland size below. If  youdo not have the hook spanner, contact your dealer. • Gland for the antenna cable: φ50 • Gland for the motor power cable: φ42 6. Check that the gasket on cover are seated properly, then close the cover. The  torque for the fixing bolts must be 15.0 N•m. 7. Seal the"
test4_furuno_far2xx8_radar,"Test/Test 4/IME36520W_FAR2xx8 pg No 18-29,132,197-215.pdf",106,index_page,medium,image heuristic fallback,index_page,0.58,"2.  WIRING 2-42 Microwave coaxial cable See the supplied instruction manual (C32-01904) in Antenna Unit for details. 2.5.2 How to connect the cables (RSB-131) Three cables are connected to the Antenna Unit: serial cable from the transceiver unit,  microwave coaxial cable and de-icer power cable (option). The procedure shows how  to connect all cables. Disregard the descriptions for the optional equipment if not ap- plicable. Note: Apply the supplied adhesive (marine sealant) to the unused cable "
test4_furuno_far2xx8_radar,"Test/Test 4/IME36520W_FAR2xx8 pg No 18-29,132,197-215.pdf",112,index_page,medium,image heuristic fallback,index_page,0.58,2.  WIRING 2-48 DPYC-2.5 cable (for Power) Clamp the sheath with the cable clamp. RW-00339 (for Processor Unit) The end of the cable RW-00339 which connects to the Power Supply Unit is prefabri- cated. Clamp the cable at the outer shield which is wrapped on the outer sheath.  RW-4864/00136 (for sub monitor) The ends of the sub monitor cable are prefabricated. Clamp the cable at the outer  shield. 2.6.2 How to connect cables inside the Power Supply Unit Connect the ground wire between the ground 
test4_furuno_far2xx8_radar,"Test/Test 4/IME36520W_FAR2xx8 pg No 18-29,132,197-215.pdf",113,index_page,medium,image heuristic fallback,index_page,0.58,"2.  WIRING 2-49 Cable entrance There are two layers at the cable entrance on the front side of the Power Supply Unit,  upper and lower entrances. Remove the six M4 screws of total to set the cables on the  cable entrances. The lane for each cable is as shown below, referring to the Wiring Label attached on  the reverse side of the top cover. Connection of Antenna cable 1. Connect the lines of the cable to the appropriate WAGO connectors (TB701,  TB702 and TB703), referring to the interconnection"
test4_furuno_far2xx8_radar,"Test/Test 4/IME36520W_FAR2xx8 pg No 18-29,132,197-215.pdf",114,index_page,medium,image heuristic fallback,index_page,0.58,"2.  WIRING 2-50 • Shield line: Screw (C) • Coaxial cable: J716 through the wiring clamp (D). Then clamp the shield part of  the coaxial cable with the cable clamp (E). Connection of Motor power cable (From Antenna Unit) 1. Connect the lines of the cable to the appropriate WAGO connectors (TB713), re- ferring to the interconnection diagram at the back of this manual. 2. Set the motor power cable on the upper  cable entrance, and fasten the armor  part of the antenna cable with the cable  clamp. F"
test4_furuno_far2xx8_radar,"Test/Test 4/IME36520W_FAR2xx8 pg No 18-29,132,197-215.pdf",115,index_page,medium,image heuristic fallback,index_page,0.58,"2.  WIRING 2-51 Connection of Power cable 1. Loosen four screws on the front plate, then unfasten two screws on the cable  clamp to set the power cable. 2. Set the power cable on the cable entrance, and fasten the sheath part of the pow- er cable with the cable clamp. For the clamp position, see ""DPYC-2.5 cable (for  Power)"" on page 2-48. 3. Remove the plastic cover on TB1 to pass the power cable. 4. Connect the cable to TB1 with the pre-attached crimp-on lugs, referring to the wir- ing label ne"
test4_furuno_far2xx8_radar,"Test/Test 4/IME36520W_FAR2xx8 pg No 18-29,132,197-215.pdf",116,index_page,medium,image heuristic fallback,index_page,0.58,"2.  WIRING 2-52 3. Connect the lines of the cable for Processor Unit as shown below through the wir- ing clamp (B).  • Serial lines: TB704 • Shield line: Screw (A) • LAN cable: J503 Connection of cable for Control Unit 1. Connect the lines of the cable to the appropriate WAGO connectors (TB711 and  TB712), referring to the interconnection diagram at the back of this manual. 2. Set the heat shrinkable part of the cable for Control Unit on the appropriate lane  on the lower cable entrance, as show"
test4_furuno_far2xx8_radar,"Test/Test 4/IME36520W_FAR2xx8 pg No 18-29,132,197-215.pdf",118,index_page,medium,image heuristic fallback,index_page,0.58,"2.  WIRING 2-54 2.7 Transceiver Unit The TR-DOWN radar requires the transceiver unit as follows: • Transceiver Unit RTR-108 for X-band radar (FAR-2328W) • Transceiver Unit RTR-109 for S-band radar (FAR-2338SW) 2.7.1 How to fabricate the cables For how to connect the LAN modular plug, see ""LAN cable"" on page 2-6. For how to  connect the WAGO connector, see ""WAGO connector"" on page 2-5.  TTYCYSLA-10 (for serial cable) Clamp the armor with the cable clamp. J710* (A) (A) (B) (B) J710* For RW-4864 ca"
test4_furuno_far2xx8_radar,"Test/Test 4/IME36520W_FAR2xx8 pg No 18-29,132,197-215.pdf",120,index_page,medium,image heuristic fallback,index_page,0.58,"2.  WIRING 2-56 • Destination of Antenna cable Power line: TB801 through the wiring clamp (A). LAN cable: J821 through the wiring clamps (A and B, three places.) Shield of power line: Screw (C) Shield of LAN cable: Screw (D) • Destination of cable for the sub monitor Signal line: TB803 through the wiring clamp (A). Coaxial cable: TB804 Shield of signal cable: Screw on fixing plate (C) • Destination of Serial cable from the Antenna Unit Serial cable: TB802 and TB803 through the wiring clamp (A). "
test4_furuno_far2xx8_radar,"Test/Test 4/IME36520W_FAR2xx8 pg No 18-29,132,197-215.pdf",121,index_page,medium,image heuristic fallback,index_page,0.58,"2.  WIRING 2-57 4. Bind all cables with cable ties supplied locally (two places). 5. Check that armor of cables are lying in their respective cable slots then fasten the  cable clamp. Flexible waveguide (FR-9) The RF interconnection between the Antenna Unit and the transceiver can be made  with a flexible waveguide (FR-9). If the rectangular waveguide is used, observe the fol- lowing installation guidelines.  • Correctly installed waveguide runs ensure the most efficient transmission of electri-"
test4_furuno_far2xx8_radar,"Test/Test 4/IME36520W_FAR2xx8 pg No 18-29,132,197-215.pdf",123,index_page,medium,image heuristic fallback,index_page,0.58,2.  WIRING 2-59 • Destination of Serial cable from the Antenna Unit Serial cable: TB802 and TB803 through the wiring clamp (A). Shield of serial cable: Screw on fixing plate (D) 4. Bind all cables with cable ties supplied locally (two places). 5. Check that armor of cables are lying in their respective cable slots then fasten the  cable clamp. Microwave coaxial plug Attach the microwave coaxial plug to the coaxial cable. See the applicable FURUNO  technical information for the procedure. Attach 
test4_furuno_far2xx8_radar,"Test/Test 4/IME36520W_FAR2xx8 pg No 18-29,132,197-215.pdf",124,index_page,medium,image heuristic fallback,index_page,0.58,"2.  WIRING 2-60 2.8 Processor Unit 2.8.1 How to fabricate cables For locations of cables and cores, see the sticker on the reverse side of the top cover.  (All dimensions in millimeters) For how to connect the LAN modular plug, see ""LAN cable"" on page 2-6. For how to  connect the WAGO connector, see ""WAGO connector"" on page 2-5.  RW-00135/RW-00339 (for Antenna cable) Note: For the 1.5 m of RW-00339 cable (for FAR-2258/2268DS radar), fabrication is  not required. RW-9600/6895/4873 (for retrofit o"
test4_furuno_far2xx8_radar,"Test/Test 4/IME36520W_FAR2xx8 pg No 18-29,132,197-215.pdf",125,index_page,medium,image heuristic fallback,index_page,0.58,"2.  WIRING 2-61 DPYC-2.5/6 cable (for Power) Clamp the sheath with the cable clamp. For the supplied crimp-on lugs, use FV2-4 for  AC power cable, FV5.5-4 for DC power cable. TTYCSLA series cable (for serial) 2.8.2 How to connect cables inside the Processor Unit Connect the ground wire between the ground termi- nal on the chassis and the ship’s earth. How to open/close the top cover Unfasten six screws (M4×8) to open the top cover  from the Processor Unit. After the appropriate cable connections"
test4_furuno_far2xx8_radar,"Test/Test 4/IME36520W_FAR2xx8 pg No 18-29,132,197-215.pdf",126,index_page,medium,image heuristic fallback,index_page,0.58,"2.  WIRING 2-62 Connection of Antenna cable For existing antenna cable, see section 2.10 ""LAN Signal Converter"". 1. Remove the spacers to pass the antenna cable on the upper plate. 2. Fasten the cable to the post part of the plate with a cable tie (local supply). Con- nect the inner/outer shields and the extra wires of the existing cable to the ground  terminal. Note: Be sure the vinyl sheath of the cables is on the post. 3. Pass the cable to connect the WAGO connector on the TB Board 03P9648  t"
test4_furuno_far2xx8_radar,"Test/Test 4/IME36520W_FAR2xx8 pg No 18-29,132,197-215.pdf",127,index_page,medium,image heuristic fallback,index_page,0.58,"2.  WIRING 2-63 4. Remount the plastic cover and the power cable cover. Connection of cables for serial, contact signal lines and sub monitors of EC- DIS 1. Unfasten the four bolts dashed circled below to remove the upper plate of the ca- ble clamp. 2. Remove the spacers to pass the appropriate cables on the upper and lower  plates. The recommended cable entrances are shown as below. 3. Fasten the cables to the post part of the plates with cable ties (local supply). Note: Be sure the vinyl sheat"
test4_furuno_far2xx8_radar,"Test/Test 4/IME36520W_FAR2xx8 pg No 18-29,132,197-215.pdf",129,index_page,medium,matrix/cross-reference keywords,index_page,0.58,"2.  WIRING 2-65 3.  Fasten the cable to the post part of the plate  with a cable tie (local supply). Note: Be sure the vinyl sheath on the post. 4. Pass the cables to the TB board 03P9648 and clamp the shield of the cable with  the cable clamp (A) shown in the following figure. Then, connect to J611 and J612. Connection of cable of LAN, Monitor Unit, VDR Connect the cables of Intelligent HUB (HUB-3000) and Switching HUB (HUB-100) to  the LAN ports in front of the Processor Unit. Connect the cabl"
test4_furuno_far2xx8_radar,"Test/Test 4/IME36520W_FAR2xx8 pg No 18-29,132,197-215.pdf",131,index_page,medium,image heuristic fallback,index_page,0.58,2.  WIRING 2-67 RGB signal from the DVI-I. See the operator’s manual supplied with the VDR. Ad- justment of the output is necessary. Menu Setting (For MU series monitors) The [INSTALLATION SETTING] menu appears only when the power is turned on for  the first time after installation of the monitor unit. Adjust the settings referring to the following table. *: [DVI PWR SYNC] is the slide switch at the bottom rear of the monitor unit. Confirm  that this switch is set to [ON] (default setting). See 
test4_furuno_far2xx8_radar,"Test/Test 4/IME36520W_FAR2xx8 pg No 18-29,132,197-215.pdf",133,index_page,medium,image heuristic fallback,index_page,0.58,"2.  WIRING 2-69 Method 2: Using antenna cable RW-9600 2.10.2 Wiring in the Antenna Unit with LAN Signal Converter pre-in- stalled (X-band radar only) Note: If the Antenna Unit does not included the LAN Signal Converter, the converter  kit (available as an optional extra) is required. See ""LAN Signal Converter Kit  (option)"" on page 2-68. Dismount the transceiver unit in the Antenna Unit. See section 2.2.2, for details.  1. Unfasten the coaxial cable from the converter in the Antenna Unit, then u"
test4_furuno_far2xx8_radar,"Test/Test 4/IME36520W_FAR2xx8 pg No 18-29,132,197-215.pdf",134,index_page,medium,image heuristic fallback,index_page,0.58,"2.  WIRING 2-70 2.10.3 Wiring in the Processor Unit installed the LAN Signal Convert- er already (X-band radar only) 1. Disconnect the connection (A) between the converter and BNC case. Unfasten  two screws (B) on the BNC case assembly to remove the BNC case assembly  from the Processor Unit. 2. Loosen two screws on the BNC case. Attach the coaxial cable from the Antenna  Unit. 3. Loosen the screws (C) on the BNC case assembly,  then attach the BNC case assembly to the original  position in the "
test4_furuno_far2xx8_radar,"Test/Test 4/IME36520W_FAR2xx8 pg No 18-29,132,197-215.pdf",135,index_page,medium,image heuristic fallback,index_page,0.58,"2.  WIRING 2-71 Note: The TEST button is for factory use. Do not operate the button. 2.11 Junction Box (option) For X-band radars, the Junction boxes are  required when the distance between the An- tenna Unit and Processor Unit is greater than  100 meters (max. 460 meters); for example,  the Antenna Unit is installed on the foremast.  Use signal cable RW-9600 (×2), power cable  DPYCY-6 (×3), and coaxial cable RG-12/ UY(×3). Pass each cable through its cable gland as  shown to the right. LAN OFF "
test4_furuno_far2xx8_radar,"Test/Test 4/IME36520W_FAR2xx8 pg No 18-29,132,197-215.pdf",136,index_page,medium,image heuristic fallback,index_page,0.58,2.  WIRING 2-72 2.12 Intelligent HUB (option) Secure the LAN cables to the cable clamps on the HUB-3000 with cable ties (sup- plied). 2.13 VDR Connection The Processor Unit has the DVI-I port or the LAN port for connection of a VDR. 2.13.1 DVI-I (Analog RGB) port connection • Use the optional RGB cable (DVI-BNCX5+GND-L2.0) to connect the VDR. • The DVI-D port and DVI-I port have their own circuits. This prevents interruption of  the radar picture shown on the main monitor connected to the DVI-D 
test4_furuno_far2xx8_radar,"Test/Test 4/IME36520W_FAR2xx8 pg No 18-29,132,197-215.pdf",137,index_page,medium,contents/index keyword,index_page,0.58,"3-1 3. ADJUSTMENTS Note: After completing the settings and adjustments, copy the setting data to a SD- card* (USB flash memory* for C-type radars), referring to the Operator's Manual. This  will allow easy restoration of setting data after the MAIN Board is replaced, etc.  *: The SD card slot is in front of the Processor Unit, and the USB flash memory slot is  connected to the RP board 03P9657. At the first start-up after installation, turn on  the Processor Unit with the main switch. Open  the "
test4_furuno_far2xx8_radar,"Test/Test 4/IME36520W_FAR2xx8 pg No 18-29,132,197-215.pdf",138,index_page,medium,contents/index keyword,index_page,0.58,3.  ADJUSTMENTS 3-2 RCU-015/016 RCU-031 How to Use the Menu 1. Press the Power key to turn on the unit. 2. Press the MENU key or click the [MENU] box to  open the main menu. The [RADAR INSTALLATION] menu does not ap- pear when the unit is first turned on. It appears on  the main menu after displaying it by following the  procedures on the section 3.1 and is displayed until  the unit is turned off. 3. Operate the track ball or the mouse wheel to select  a menu item then click the left button. 4. 
test4_furuno_far2xx8_radar,"Test/Test 4/IME36520W_FAR2xx8 pg No 18-29,132,197-215.pdf",139,index_page,medium,image heuristic fallback,index_page,0.58,"3.  ADJUSTMENTS 3-3 3.1 Radar Installation Menu The [RADAR INSTALLATION] menu has various items through two pages for adjust- ment of the radar. To show this menu;  For RCU-014/031: Press and hold the HL OFF key, then press the MENU key five  times. For RCU-015/016: Put the cursor on the [MENU] box. Press and hold the F1 key, then  right-click five times. Tuning initialization Tuning initialization is required before setting up the radar. Open the main menu then select [ECHO]→  [TUNING INITIALIZ"
test4_furuno_far2xx8_radar,"Test/Test 4/IME36520W_FAR2xx8 pg No 18-29,132,197-215.pdf",141,index_page,medium,image heuristic fallback,index_page,0.58,"3.  ADJUSTMENTS 3-5 3.4 How to Suppress Main Bang Main bang is the clutter at the center of the screen that you typically see on the radar  display, and it may mask close-in targets. If main bang appears at the screen center,  suppress it as follows. 1. Transmit the radar on a long range and then wait ten minutes. 2. Adjust the gain to show a slight amount of noise on the display. 3. Select the 0.125 NM range, and turn off the A/C SEA and A/C RAIN controls. 4. Show the [RADAR INSTALLATION] menu,"
test4_furuno_far2xx8_radar,"Test/Test 4/IME36520W_FAR2xx8 pg No 18-29,132,197-215.pdf",142,index_page,medium,image heuristic fallback,index_page,0.58,"3.  ADJUSTMENTS 3-6 When using the number keys, the indication is first selected as a whole. At this time,  you can toggle between plus ""+"" or minus ""-"". Press the 8 key for ""-"", press the 2 key  for ""+"". If single digits are highlighted, toggle is not possible. In this case, press the  CANCEL/TRAILS key to re-highlight the whole indication. [RING SUPPRESSION] Remove “ring” noise which appears with the waveguide type radars. Adjust so the  rings disappear at the range of 0.125 m. The setting ran"
test4_furuno_far2xx8_radar,"Test/Test 4/IME36520W_FAR2xx8 pg No 18-29,132,197-215.pdf",143,index_page,medium,image heuristic fallback,index_page,0.58,"3.  ADJUSTMENTS 3-7 [CLOSE TGT ES LEVEL] Select the effect level of the echo stretch around own ship which is selected in  [CLOSE TGT ES MODE] among six enlarging patterns. The higher the number the  greater the amount of stretch. To disable echo stretch, select [OFF] (default).  The six enlarging patterns are shown in the table below, “Distance 1” means that the  distance is closer to the own ship, and “Distance 3” means that the distance gets far- ther. “Distance 3” is about half of display ra"
test4_furuno_far2xx8_radar,"Test/Test 4/IME36520W_FAR2xx8 pg No 18-29,132,197-215.pdf",145,index_page,medium,image heuristic fallback,index_page,0.58,"3.  ADJUSTMENTS 3-9 3.5.3 [SCANNER] menu Open the main menu then select [RADAR INSTALLA- TION]→ [SCANNER] to open the [SCANNER] menu. [SECTOR BLANK1(2)] Set area(s) where to prevent transmission. Heading must  be properly aligned (see section 3.2) before setting any  blind sector. For example, set the area where an interfer- ing object at the rear of the antenna would produce a dead  sector (area where no echoes appear) on the display. To  enter an area, enter start bearing relative to the headi"
test4_furuno_far2xx8_radar,"Test/Test 4/IME36520W_FAR2xx8 pg No 18-29,132,197-215.pdf",146,index_page,medium,image heuristic fallback,index_page,0.58,"3.  ADJUSTMENTS 3-10 [DUAL RADAR SETTINGS] When installing two FAR-2xx8 series radars, the im- age from both radars (main radar and external radar)  may be shown together on one radar display. Note 1: This function is NOT available between the  FAR-2xx8 radar and other radars. Note 2: This function is available only for A/B type  radars using software version 01.**/03.**. Note 3: This function is not available when [HSC] is  set to [ON]. Note 4: When [COMBINE] is selected, some func- tion are un"
test4_furuno_far2xx8_radar,"Test/Test 4/IME36520W_FAR2xx8 pg No 18-29,132,197-215.pdf",148,index_page,medium,image heuristic fallback,index_page,0.58,"3.  ADJUSTMENTS 3-12 3.5.4 [INSTALLATION] menu Open the main menu then select [RADAR INSTALLATION]→ [INSTALLATION] to  open the [INSTALLATION] menu through two pages. On the page 1, select [NEXT] to  open the page 2. [RANGE UNIT] For B/C/W-type radars, select the range unit, [NM], [SM], [KM] or [kyd] then push the  left button. For the all other radar types, the range unit is fixed at [NM] so this menu is  not shown. [RADAR No.] For multiple radar system using the network hub, set number (name) "
test4_furuno_far2xx8_radar,"Test/Test 4/IME36520W_FAR2xx8 pg No 18-29,132,197-215.pdf",149,index_page,medium,contents/index keyword,index_page,0.58,"3.  ADJUSTMENTS 3-13 • [30UP]: For FAR-2238S(-BB)/2338S • [30DOWN]: For FAR-2338SW • [S-NXT]: For FAR-2238S-NXT(-BB)/2338S-NXT • [50]: For FAR-2258 • [60]: For FAR-2268DS • [X-NXT]: For FAR-2228-NXT(-BB)/2328-NXT [TYPE] Select the type of radar.                                                                          (: Available,  —: Not available) [ON TIME], [TX TIME] These items show the number of hours the radar has been turned on and transmitted,  respectively. Value can be changed; for ex"
test4_furuno_far2xx8_radar,"Test/Test 4/IME36520W_FAR2xx8 pg No 18-29,132,197-215.pdf",150,index_page,medium,image heuristic fallback,index_page,0.58,"3.  ADJUSTMENTS 3-14 2. Select [PM GAIN ADJ] then spin the scrollwheel so that the outer arc faintly ap- pears. The setting range is 0 to 255 (default: 255). Wait at least eight scans then  right click to set. Note: Turn off a stern blind sector before adjusting the PM gain, to display the  echo from the performance monitor properly. [PM GRAPH RESET] This menu is active only when the PM is connected to the Antenna Unit. Select [YES] to reset all PM graphs, after replacing the magnetron. Note 1: "
test4_furuno_far2xx8_radar,"Test/Test 4/IME36520W_FAR2xx8 pg No 18-29,132,197-215.pdf",151,index_page,medium,image heuristic fallback,index_page,0.58,"3.  ADJUSTMENTS 3-15 [ANT CABLE] Select the method of connection between the radar  sensor and the Processor Unit. [LAN] (LAN cable only)  or [LAN+COAXIAL] (LAN and coaxial cables). Select  [LAN+COAXIAL] when the optional LAN Signal Converter is installed. [ICE MODE SETTINGS] For the radars using software version 01.**/03.**. To activate this settings, the paid un- lock code is required. For the unlock code purchase, contact your dealer. [RADAR] Select radar from [MAIN] or [SUB] to activate the "
test4_furuno_far2xx8_radar,"Test/Test 4/IME36520W_FAR2xx8 pg No 18-29,132,197-215.pdf",152,index_page,medium,image heuristic fallback,index_page,0.58,"3.  ADJUSTMENTS 3-16 Note: [48NM] is available only for the [MODEL] setting is set to [50] or [60] (see  ""[MODEL]"" on page 3-12). [TT ECHO LEVEL] Set the detection level of echoes. The setting range is 1 to 31 (default: 13). [QV DISPLAY] This function is used for diagnostic purposes. • [OFF]: Normal picture (default) • [ON]: Quantized video. Default setting is restored when the power is turned off. [TT W/O GYRO] Select [ON] to use TT without a gyro (default: [OFF]). If [OFF] is selected, TT can "
test4_furuno_far2xx8_radar,"Test/Test 4/IME36520W_FAR2xx8 pg No 18-29,132,197-215.pdf",153,index_page,medium,image heuristic fallback,index_page,0.58,"3.  ADJUSTMENTS 3-17 [TRACK PRESET] • [GATE SIZE]: Set the gate size among [S], [M], [L] or [LL]  (default: [M]) • [FILTER RESPONSE]: Set the filter response function.  The setting range is 1 to 4. [1]: Filter response is improved (default). [4]: Filter stability is improved. • [LOST COUNT]: Set the number of scans to allow before  a target is declared a lost target. The setting range is 1 to  20 scans (default: [9SCAN]). • [MAX SPEED]: Set the maximum tracking speed. The  setting range is 40 to"
test4_furuno_far2xx8_radar,"Test/Test 4/IME36520W_FAR2xx8 pg No 18-29,132,197-215.pdf",155,index_page,medium,image heuristic fallback,index_page,0.58,"3.  ADJUSTMENTS 3-19 The available alerts are as follows: <For IMO-type radars using software version 01.**/03.**> <For Fishing specifications radars using software version 50.**> To monitor for Processor Unit failure, connect SYS_FAIL and PWR_FAIL from ter- minal J613 in the Processor Unit to the AMS. ALERT DATA OUT Select the alert output format, [ALR] or [ALF] (default). After changing this setting, the  system should be reboot. AIS ALERT I/F Set the AIS alert interface. [OFF] does not output"
test4_furuno_far2xx8_radar,"Test/Test 4/IME36520W_FAR2xx8 pg No 18-29,132,197-215.pdf",156,index_page,medium,image heuristic fallback,index_page,0.58,"3.  ADJUSTMENTS 3-20 LOG(BT) ALERT Select [ON] to activate alert ""NO LOG(BT) SIGNAL"" for signal loss of speed over  ground. LOG(WT) ALERT Select [ON] to activate alert ""NO LOG(WT) SIGNAL"" for signal loss of speed through  water. 3.5.8 [INPUT PORT SETTINGS] menu The input signals to the ports on the Processor Unit are shown below. Default setting Setting for multiple sensors The input signal setting for each port can be set in the [INPUT PORT SETTINGS]  menu. PROCESSOR  UNIT RPU-025 Gyrocompass  "
test4_furuno_far2xx8_radar,"Test/Test 4/IME36520W_FAR2xx8 pg No 18-29,132,197-215.pdf",159,index_page,medium,image heuristic fallback,index_page,0.58,"3.  ADJUSTMENTS 3-23 3.5.9 [NET WORK SETTINGS] menu Open the main menu then select [RADAR INSTAL- LATION]→ [NEXT]→ [NETWORK SETTINGS] to  open the [NETWORK SETTINGS] menu. Note 1: Network settings should be done while the  radar is disconnected from the LAN network, as a  standalone radar. Note 2: The system restarts automatically after the  network settings are changed. Note 3: When you change the radar number, this  equipment restarts automatically. After restarting,  confirm the IP address in"
test4_furuno_far2xx8_radar,"Test/Test 4/IME36520W_FAR2xx8 pg No 18-29,132,197-215.pdf",160,index_page,medium,image heuristic fallback,index_page,0.58,"3.  ADJUSTMENTS 3-24 For the program version 03.**, select network class [CLASS B] or [CLASS C]. If [DE- FAULT] is selected, reboot the system with [CLASS C] and the IP address is set to  192. 168. 000. 001. *: For the program version 03.** [MULTICAST ADDRESS] Set the multicast address with the cursor and the keypad. [VDR SETTINGS] Note: This menu is NOT available for C-type radars. • [VDR LAN OUTPUT]: Select [ON] to output the VDR  signal through LAN connection.  For [ON], set the multicast por"
test4_furuno_far2xx8_radar,"Test/Test 4/IME36520W_FAR2xx8 pg No 18-29,132,197-215.pdf",161,index_page,medium,image heuristic fallback,index_page,0.58,"3.  ADJUSTMENTS 3-25 [RX SETTINGS] Select [ON] to receive the following data signals: • [MISC]: Other equipment data (sensor of engine etc.) • [TGTD]: Target data • [SATD]: Satellite data • [NAVD]: Navigation data • [TIME]: Time • [PROP]: Specified data by manufacturer or user • [CAM1], [CAM2]: Alert management data (ACK,  ACN and HBT sentences) Note: This menus are available only on the radars  using software version “03.**”. TX SETTINGS • [BAM PORT SETTING]: Select the port which trans- mits d"
test4_furuno_far2xx8_radar,"Test/Test 4/IME36520W_FAR2xx8 pg No 18-29,132,197-215.pdf",162,index_page,medium,image heuristic fallback,index_page,0.58,"3.  ADJUSTMENTS 3-26 [DEMO ECHO] Select the type of simulated echo to use. [EG-3000] (Echo Generator), [TT-TEST],  [PC] or [EG-4000]. Select [OFF] to deactivate this feature (default: [OFF]). [EAV W/O GYRO] The echo averaging feature can be used without a gyrocompass. Select [ON] to use  the feature without a gyrocompass (default: [OFF]). [ECDIS] Select the ECDIS communication method, [SERIAL] or [LAN]. Select [OFF] for no EC- DIS connection (default: [OFF]). [EXT BRILL CONTROL] Select [ON] to a"
test4_furuno_far2xx8_radar,"Test/Test 4/IME36520W_FAR2xx8 pg No 18-29,132,197-215.pdf",163,index_page,medium,image heuristic fallback,index_page,0.58,"3.  ADJUSTMENTS 3-27 [SHUTTLE FERRY SWITCH] Note: This menu is NOT available on the radars with software version 50.**. Select a port to detect a navigation direction of a shuttle ferry (default: [RS-232C]). [ECDIS ROUTE DISPLAY] Note: This menu is NOT available on the radars with software version 50.**. Select [NORMAL] to show the routes with a straight lines, [LEGACY] to show the  routes with a curve lines. [ARPA OUTPUT PORT] Select the TT output setting for LAN. For normal use, select [LEGACY"
test4_furuno_far2xx8_radar,"Test/Test 4/IME36520W_FAR2xx8 pg No 18-29,132,197-215.pdf",164,index_page,medium,image heuristic fallback,index_page,0.58,"3.  ADJUSTMENTS 3-28 5. Select [RUN]. The message ""PROCESS- ING. PLEASE WAIT."" appears, then the  [CHART ADMINISTRATION] menu ap- pears. 6. Select [COPY CHART FROM USB DE- VICE] to display the list for data in the USB flash memory. 7. Select the chart data to copy. 8. Select [SELECT CHART TO COPY]. The confirmation message appears. 9. Select [RUN] to copy the chart data. 10. Click the left button. 11. Do one of the following methods to unlock the chart data. How to unlock the chart data automati"
test4_furuno_far2xx8_radar,"Test/Test 4/IME36520W_FAR2xx8 pg No 18-29,132,197-215.pdf",165,index_page,medium,image heuristic fallback,index_page,0.58,"3.  ADJUSTMENTS 3-29 1. Connect the USB flash memory with chart data on it in the USB drive from the RP  board. 2. Press the MENU key to open the main menu. 3. Select [INITIAL SETTINGS]. 4. Select [UPDATE CHART]. The following message appears. 5. Select [RUN]. The message ""PROCESS- ING. PLEASE WAIT."" appears, then the  [CHART ADMINISTRATION] menu ap- pears. After restarting, the unlock code is saved in  the USM flash memory. The file name is 20  characters of this system ID, file extension:  uc."
test4_furuno_far2xx8_radar,"Test/Test 4/IME36520W_FAR2xx8 pg No 18-29,132,197-215.pdf",167,index_page,medium,contents/index keyword,index_page,0.58,"4-1 4. INPUT/OUTPUT DATA 4.1 Processor Unit Input and output data are shown in the table below. Note: This radar accepts position data fixed by WGS-84 geodetic datum only. Set the  datum to WGS-84 on the EPFS (GPS, etc.) connected to this radar. If other type of  datum is input, the error message ""DATUM"" appears and the AIS feature is inopera- tive. Input *: Data input cycle must be more than 40 Hz (high speed craft) or 20 Hz (conventional  ships). **: For C-type radars only Data Specification C"
test4_furuno_far2xx8_radar,"Test/Test 4/IME36520W_FAR2xx8 pg No 18-29,132,197-215.pdf",168,index_page,medium,contents/index keyword,index_page,0.58,"4.  INPUT/OUTPUT DATA 4-2 Output **: These sentences are output in order of targets close to the own ship. The output  sentence and mode can be set at the [TT PRESET] menu (See section 3.5.5). The  baudrate can be set at the [BAUD RATE] menu (See section 3.5.6).  IEC 61162 input sentence and priority Data Specification Contents Remarks Radar system  data IEC 61162-1, RS-232C, IEC 61162-450 RSD, OSD, TLL For ECDIS, PC plotter TT data** IEC 61162-1, IEC 61162-450 TTD, TTM, TLB For ECDIS  Alert han"
test4_furuno_far2xx8_radar,"Test/Test 4/IME36520W_FAR2xx8 pg No 18-29,132,197-215.pdf",169,index_page,medium,contents/index keyword,index_page,0.58,"4.  INPUT/OUTPUT DATA 4-3 *1: THS and HDT are IEC 61162-2. All other sentences are IEC 61162-1 ed5. *2: For retrofit. *3: To priority of GLL data, see ""[PRIORITIZE GLL]"" on page 3-21. *4: NOT for IMO-type radars installed with software version 01.**/03.**. *5: For C-type radars. *6: NOT for the radars installed with software version 03.**. IEC 61162 output sentence *: NOT for the radars installed with software version 03.**. Alert  interface The alert interface for this equipment are shown as fo"
test4_furuno_far2xx8_radar,"Test/Test 4/IME36520W_FAR2xx8 pg No 18-29,132,197-215.pdf",172,index_page,medium,image heuristic fallback,index_page,0.58,"AP-2 APPX. 2 DIGITAL INTERFACE Digital Interface • Input sentence ABK, ACK, ACN, ALR, BWC, BWR, CUR, DBK*1, DBS*1, DBT, DDC, DPT, DTM, GGA, GLL,  GNS, HBT, HDG*2, HDM*2, HDT*1, MTW, MWV, OSD, RAQ, RMB, RMC, ROT, RTE, THS,  TLL*3, TTM*2, VBW, VDM, VDO, VDR, VHW, VSD, VTG, VWR*1, VWT*1, WPL, ZDA • Output sentences ABM, ACK*4, AIQ, ALC, ALF, ALR, ARC, BBM, DDC, EVE, HBT, OSD, RSD, TLB, TLL*3, TTD,  TTM, VSD *1: For retrofit. *2: For C-type radars. *3: NOT for IMO/A-type radars installed with softwa"
test4_furuno_far2xx8_radar,"Test/Test 4/IME36520W_FAR2xx8 pg No 18-29,132,197-215.pdf",173,index_page,medium,image heuristic fallback,index_page,0.58,"APPX. 2 DIGITAL INTERFACE AP-3 ACK - Acknowledge alarm ACN - Alert command ALR - Set alarm state BWC - Bearing and distance to waypoint – Great circle BWR - Bearing and distance to waypoint – Rhumb line $--ACK,xxx*hh<CR><LF>                   1         1. Unique alarm number (identifier) at alarm source (000 to 999) $--ACN,hhmmss.ss,aaa,x.x,x.x,ca,a*hh<CR><LF>                        1            2     3   4   5  6           1. Time (hh=00 to 23, mm=00 to 59, ss.ss=00.00 to 60.99, null) 2. Manufa"
test4_furuno_far2xx8_radar,"Test/Test 4/IME36520W_FAR2xx8 pg No 18-29,132,197-215.pdf",174,index_page,medium,image heuristic fallback,index_page,0.58,"APPX. 2 DIGITAL INTERFACE AP-4 CUR - Water current layer – Multi-layer water current data DBK - Depth below keel DBS - Depth below surface DBT - Depth below transducer DDC - Display dimming control DPT - Depth $--CUR,A,x,x.x,x.x,x.x,a,x.x,x.x,x.x,a,a*hh<CR><LF>             1  2  3   4    5  6   7   8   9  1011   1. Validity of data (A=Valid) 2. Data set number (No use) 3. Layer number (1 to 5) 4. Current depth in meters (No use) 5. Current direction in degrees (0.0 to 359.9) 6. Direction referen"
test4_furuno_far2xx8_radar,"Test/Test 4/IME36520W_FAR2xx8 pg No 18-29,132,197-215.pdf",175,index_page,medium,image heuristic fallback,index_page,0.58,"APPX. 2 DIGITAL INTERFACE AP-5 DTM - Datum reference GGA - Global positioning system fix data GLL - Geographic position, latitude/longitude GLL - Future position $--DTM,ccc,a,x.x,a,x.x,a,x.x,ccc*hh<CR><LF>                1  2  3  4  5   6  7    8 1. Local datum (W84=WGS84, W72=WGS72, S85=SGS85, P90=PE90, three characters) 2. Local datum subdivision code (No use) 3. Lat offset, min (No use) 4. N/S (No use)  5. Lon offset, min (No use) 6. E/W (No use)  7. Altitude offset, meters (No use) 8. Refere"
test4_furuno_far2xx8_radar,"Test/Test 4/IME36520W_FAR2xx8 pg No 18-29,132,197-215.pdf",176,index_page,medium,image heuristic fallback,index_page,0.58,"APPX. 2 DIGITAL INTERFACE AP-6 GNS - GNSS fix data HBT - Heartbeat supervision sentence HDG - Heading, Deviation and Variation  HDM - Heading, Magnetic HDT - Heading, true MTW - Water temperature MWV - Wind speed and angle $--GNS,hhmmss.ss,llll.ll,a,yyyyy.yy,a,c--c,xx,x.x,x.x,x.x,x.x,x.x,a*hh<CR><LF>                      1           2   3       4     5   6    7   8    9   10  11  12 13 1. UTC of position (No use) 2. Latitude  (0000.0000 to 9000.0000) 3. N/S 4. Longitude (00000.0000 to 18000.0000"
test4_furuno_far2xx8_radar,"Test/Test 4/IME36520W_FAR2xx8 pg No 18-29,132,197-215.pdf",177,index_page,medium,image heuristic fallback,index_page,0.58,"APPX. 2 DIGITAL INTERFACE AP-7 OSD - Own ship data RAQ - Query sentence RMB - Recommended minimum navigation information. RMC - Recommended minimum specific GNSS data ROT- Rate of turn $--OSD,x.x,A,x.x,a,x.x,a,x.x,x.x,a*hh<CR><LF>               1  2   3  4   5  6  7   8   9 1. Heading, degrees true (No use) 2. Heading status (No use) 3. Vessel course, degrees true (0.0 to 359.9) 4. Course reference (B=Bottom tracking log, M=Manually entered, W=Water referenced, P=Positioning system ground  refer"
test4_furuno_far2xx8_radar,"Test/Test 4/IME36520W_FAR2xx8 pg No 18-29,132,197-215.pdf",178,index_page,medium,image heuristic fallback,index_page,0.58,"APPX. 2 DIGITAL INTERFACE AP-8 RTE - Routes THS - True heading and status TLL - Target Latitude and Longitude TTM - Tracked Target Message VBW - Dual ground/water speed $--RTE,x.x,x.x,a,c--c,c--c, ●   ● ,c--c*hh <CR><LF>               1    2  3   4     5    ●   ●      n 1. Total number of sentences being transmitted (1 to 50, null) 2. Sentence number (1 to 50, null) 3. Sentence mode (c:complete route, all waypoints, w:working route, first listed waypoint is ""FROM"", second is ""TO""  and remaining "
test4_furuno_far2xx8_radar,"Test/Test 4/IME36520W_FAR2xx8 pg No 18-29,132,197-215.pdf",179,index_page,medium,image heuristic fallback,index_page,0.58,"APPX. 2 DIGITAL INTERFACE AP-9 VDM - AIS VHF data-link message VDO - AIS VHF data-link own-vessel report VDR - Set and drift VHW - Water speed and heading VSD - AIS voyage static data !--VDM,x,x,x,a,s--s,x*hh<CR><LF>             1 2 3 4   5    6 1. Total number of sentences needed to transfer the message (1 to 9) 2. Sentence number (1 to 9) 3. Sequential message identifier (0 to 9, null) 4. AIS channel Number (A, B, null) 5. Encapsulated ITU-R M.1371 radio message (1 to 63 bytes) 6. Number of fi"
test4_furuno_far2xx8_radar,"Test/Test 4/IME36520W_FAR2xx8 pg No 18-29,132,197-215.pdf",180,index_page,medium,image heuristic fallback,index_page,0.58,"APPX. 2 DIGITAL INTERFACE AP-10 VTG - Course over ground and ground speed VWR - Wind relative Bearing and Velocity  VWT - True wind speed and angle WPL - Waypoint location ZDA - Time and date $--VTG,x.x,T,x.x,M,x.x,N,x.x,K,a*hh <CR><LF>              1   2  3   4  5   6   7  8  9 1. Course over ground, degrees (0.0 to 359.9) 2. T=True (fixed) 3. Course over ground, degrees (No use) 4. M=Magnetic (No Use) 5. Speed over ground, knots (0.0 to 999.9) 6. N=Knots (fixed) 7. Speed over ground (0.0 to 99"
test4_furuno_far2xx8_radar,"Test/Test 4/IME36520W_FAR2xx8 pg No 18-29,132,197-215.pdf",181,index_page,medium,image heuristic fallback,index_page,0.58,"APPX. 2 DIGITAL INTERFACE AP-11 Output sentences ABM - AIS addressed binary and safety related message ACK - (See input sentences on page AP-3. NOT for the radars with software version 03.**.)  AIQ - Query sentence ALC - Cyclic alert list ALF - Alert sentence !--ABM,x,x,x,xxxxxxxxx,x,xx,s--s,x*hh<CR><LF>            1 2 3       4         5  6    7  8 1. Total number of sentences needed to transfer the message (1 to 9) 2. Message sentence number (1 to 9) 3. Message sequence identifier (0 to 3) 4. "
test4_furuno_far2xx8_radar,"Test/Test 4/IME36520W_FAR2xx8 pg No 18-29,132,197-215.pdf",182,index_page,medium,image heuristic fallback,index_page,0.58,"APPX. 2 DIGITAL INTERFACE AP-12 ALR - Set alarm state ARC - Alert command refused BBM - AIS broadcast binary message DDC - Display dimming control EVE - General event message HBT - Heartbeat supervision sentence $--ALR,hhmmss.ss,xxx,A,A,c—c*hh<CR><LF>                        1        2   3 4    5 1. Time of alarm condition change, UTC (000000.00 to 235959.99, 235960.00 to 235960.99, 240000.00 to 240000.99,  240001.00 to 240001.99, null) 2. Unique alarm number (identifier) at alarm source (000 to "
test4_furuno_far2xx8_radar,"Test/Test 4/IME36520W_FAR2xx8 pg No 18-29,132,197-215.pdf",183,index_page,medium,image heuristic fallback,index_page,0.58,"APPX. 2 DIGITAL INTERFACE AP-13 OSD- Own ship data RSD - Radar system data TLB - Target label TLL - Target latitude and longitude $**OSD,x.x,A,x.x,a,x.x,a,x.x,x.x,a*hh<CR><LF>               1  2   3  4   5  6  7    8  9 1. Heading, degrees true (0.0 to 359.9, null) 2. Heading status (A:data valid, V:data invalid) 3. Vessel course, degrees true (0.0 to 359.9, null) 4. Course reference (B=Bottom tracking log, M=Manually entered, W=Water referenced, R=Radar tracking (of fixed  target), P=Positionin"
test4_furuno_far2xx8_radar,"Test/Test 4/IME36520W_FAR2xx8 pg No 18-29,132,197-215.pdf",184,index_page,medium,image heuristic fallback,index_page,0.58,"APPX. 2 DIGITAL INTERFACE AP-14 TTD - Tracked target data TTM - Tracked target message VSD - AIS voyage static data !--TTD,hh,hh,x,s--s,x*hh<CR><LF>             1   2  3  4   5    1. Total hex number of sentences need to transfer the message (h’01) 2. Hex sentence number (h’01) 3. Sequential message identifier (null) 4. Encapsulated trancked target data (6 bit binary-converted data) 5. Number of fill bits (0 to 5) $**TTM,xxx,x.x,x.x,a,x.x,x.x,a,x.x,x.x,a,c--c,a,a,hhmmss.ss,a*hh<CR><LF>          "
test4_furuno_far2xx8_radar,"Test/Test 4/IME36520W_FAR2xx8 pg No 18-29,132,197-215.pdf",185,index_page,medium,image heuristic fallback,index_page,0.58,"AP-15 APPX. 3 ALERT LIST Note: This chapter shows the alert list for the radars using software version 03.02. For the alert  list for other software versions, contact your dealer. This radar provides aggregated header alerts for presentation of an aggregation on the AMS (Alert  Management System). The following table shows the aggregate header alerts along with the cor- responding ALF alert number. *: “×” indicates instance number. The following table lists the possible alerts for this equipment"
test4_furuno_far2xx8_radar,"Test/Test 4/IME36520W_FAR2xx8 pg No 18-29,132,197-215.pdf",186,index_page,medium,image heuristic fallback,index_page,0.58,"APPX. 3 ALERT LIST AP-17 3052, 1 TT TARGET  LOST ""CHECK LOST TGT. ACQ TARGET IF NECESSARY"" Warning Cat: A Meaning: TT target is lost. Remedy: Press the ALARM ACK key. Lost target indication (blinking in red) is removed. 3052, 2 REF TARGET  LOST ""CHECK LOST TGT. ACQ TARGET IF NECESSARY"" Warning Cat: A Meaning: REF targets is lost. Remedy: Press the ALARM ACK key. If the target was used as a speed reference, ac- quire a new reference target. 3052, 3 AIS TARGET  LOST ""CONFIRM AIS LOST TARGETS"" Warn"
test4_furuno_far2xx8_radar,"Test/Test 4/IME36520W_FAR2xx8 pg No 18-29,132,197-215.pdf",187,index_page,medium,image heuristic fallback,index_page,0.58,"APPX. 3 ALERT LIST AP-19 3015, 23 LOST POSI- TION ""CHECK POSITION SENSOR OR SENTENCE MONI- TOR"" Warning Cat: B Meaning: EPFS Error. No position data received from EPFS device for thirty seconds. Remedy: Press the ALARM ACK key. Restore the signal. This indication cannot be  erased if the position signal is missing. The indication is automatically removed when the  signal is restored. 3015, 24 LOST DATUM ""CHECK POSITION SENSOR OR SENTENCE MONI- TOR"" Warning Cat: B Meaning: DTM sentence not receiv"
test4_furuno_far2xx8_radar,"Test/Test 4/IME36520W_FAR2xx8 pg No 18-29,132,197-215.pdf",188,index_page,medium,image heuristic fallback,index_page,0.58,"APPX. 3 ALERT LIST AP-21 ALF format indications The following indications are shown by this equipment when ALF format is in use. The indications  have no category, are not subject to responsibility transfer and are not output as ALF sentences. Note: Indications also appear in the ALERT BOX on the screen and on the ALERT LIST. *2: This alert appears only for For FAR-2x58/2x68DS. *3: This alert appears only for FAR-2228-NXT(-BB) and FAR-2328-NXT. Keep in mind the following  points: • This alert ca"
test4_furuno_far2xx8_radar,"Test/Test 4/IME36520W_FAR2xx8 pg No 18-29,132,197-215.pdf",189,index_page,medium,image heuristic fallback,index_page,0.58,"APPX. 3 ALERT LIST AP-23 52001, 42 RFC:P48V ERROR ""CONDUCT A DIAGNOSTIC TEST WHILE THE ERROR  IS PRESENT. SUPPLY THE TEST RESULTS TO YOUR  LOCAL DEALER."" Meaning: Voltage in the +48V line of the RF-Converter is outside rating. Remedy: Press the ALARM ACK key. Have a qualified technician check the power. 52001, 43 RFC:IF PLL UNLOCK ""CONDUCT A DIAGNOSTIC TEST WHILE THE ERROR  IS PRESENT. SUPPLY THE TEST RESULTS TO YOUR  LOCAL DEALER."" Meaning: PLL lock on the IF side of the RF-Converter is unlocke"
test4_furuno_far2xx8_radar,"Test/Test 4/IME36520W_FAR2xx8 pg No 18-29,132,197-215.pdf",190,index_page,medium,image heuristic fallback,index_page,0.58,"APPX. 3 ALERT LIST AP-25 52602, 2 SPD SOURCE CHG ""SPEED SOURCE USING IN SYSTEM CHANGES TO  OTHER SOURCE."" Meaning: Speed sensor input lost, automatically changed sensors. Remedy: Press the ALARM ACK key. The indication is automatically removed when the  signal is restored or a different sensor is selected. 52602, 3 HDG SOURCE CHG ""HEADING SOURCE USING IN SYSTEM CHANGES TO  OTHER SOURCE."" Meaning: Heading sensor input lost, automatically changed sensors. Remedy: Press the ALARM ACK key. The indic"
test4_furuno_far2xx8_radar,"Test/Test 4/IME36520W_FAR2xx8 pg No 18-29,132,197-215.pdf",191,index_page,medium,image heuristic fallback,index_page,0.58,"APPX. 3 ALERT LIST AP-27 522 TT TGT 95%(AUTO) ""CANCEL NON-DANGEROUS TT TARGETS  MANUALLY"" Caution Cat: B Meaning: Automatically acquired target capacity has reached 95%. Remedy: Press the ALARM ACK key. Remove TT symbols manually. 524 TT TGT 95% (MAN) ""CANCEL NON-DANGEROUS TT TARGETS  MANUALLY"" Caution Cat: B Meaning: Manually acquired target capacity has reached 95%. Remedy: Press the ALARM ACK key. Remove TT symbols manually. 530 AIS DISPLAY 95% ""ADJUST [AIS DISP FILTER] SETTINGS"" Caution Cat:"
test4_furuno_far2xx8_radar,"Test/Test 4/IME36520W_FAR2xx8 pg No 18-29,132,197-215.pdf",192,index_page,medium,image heuristic fallback,index_page,0.58,"APPX. 3 ALERT LIST AP-29 722 LOST TRIGGER SIG ""EXECUTE THE DIAGNOSTIC TEST"" Warning Cat: B Meaning: Antenna trigger interrupted/lost Remedy: Press the ALARM ACK key. Restore signal or rectify reason for signal loss. 723 LOST VIDEO SIG ""EXECUTE THE DIAGNOSTIC TEST"" Warning Cat: B Meaning: Video signal interrupted/lost. Remedy: Press the ALARM ACK key. Restore signal or rectify reason for signal loss. 70 LOST CTRL UNIT ""CHECK CONNECTION WITH CONTROL UNIT"" Warning Cat: B Meaning: Control Unit (RCU-"
test4_furuno_far2xx8_radar,"Test/Test 4/IME36520W_FAR2xx8 pg No 18-29,132,197-215.pdf",193,index_page,medium,image heuristic fallback,index_page,0.58,"APPX. 3 ALERT LIST AP-31 380 LOST AIS COM ""CHECK AIS OR SENTENCE MONITOR"" Caution Cat: B Meaning: No AIS data received for thirty seconds when AIS function is OFF. Remedy: Press the ALARM ACK key. Check power and connection to AIS unit. 279 LOST COG/SOG SIG ""CHECK POSITION SENSOR OR SENTENCE  MONITOR"" Caution Cat: B Meaning: No COG/SOG data received from EPFS device for thirty seconds when [EPFS]  NOT is set as speed reference. Remedy: Press the ALARM ACK key. Restore the signal. This indication"
test4_furuno_far2xx8_radar,"Test/Test 4/IME36520W_FAR2xx8 pg No 18-29,132,197-215.pdf",194,index_page,medium,image heuristic fallback,index_page,0.58,"APPX. 3 ALERT LIST AP-33 771-3 MTR-DRV:MTR PWR  ERR ""CONDUCT A DIAGNOSTIC TEST WHILE THE ERROR IS  PRESENT. SUPPLY THE TEST RESULTS TO YOUR LOCAL  DEALER."" Meaning: MTR-DRV board motor’s voltage is outside recommended rating. Remedy: Press the ALARM ACK key. Have a qualified technician check the motor. 771-4 MTR-DRV:P12V ERR ""CONDUCT A DIAGNOSTIC TEST WHILE THE ERROR IS  PRESENT. SUPPLY THE TEST RESULTS TO YOUR LOCAL  DEALER."" Meaning: Voltage in the +12V line of the MTR-DRV motor is outside rec"
test4_furuno_far2xx8_radar,"Test/Test 4/IME36520W_FAR2xx8 pg No 18-29,132,197-215.pdf",195,index_page,medium,image heuristic fallback,index_page,0.58,"APPX. 3 ALERT LIST AP-35 775-4 VSWR ERROR ""CONDUCT A DIAGNOSTIC TEST WHILE THE ERROR IS  PRESENT. SUPPLY THE TEST RESULTS TO YOUR LOCAL  DEALER."" Meaning: Abnormal VSWR detected by the RF Converter. Remedy: Press the ALARM ACK key. Have a qualified technician check the antenna. 083 RPU:FAN1 NO RO- TATE ""CONDUCT A DIAGNOSTIC TEST WHILE THE ERROR IS  PRESENT. SUPPLY THE TEST RESULTS TO YOUR LOCAL  DEALER."" Meaning: The FAN1 in the processor unit is stopped or disconnected. Remedy: Press the ALARM "
test4_furuno_far2xx8_radar,"Test/Test 4/IME36520W_FAR2xx8 pg No 18-29,132,197-215.pdf",261,index_page,medium,image heuristic fallback,index_page,0.58,D-46 25/Mar/2021 H.MAKI 
test4_furuno_far2xx8_radar,"Test/Test 4/IME36520W_FAR2xx8 pg No 18-29,132,197-215.pdf",262,index_page,medium,image heuristic fallback,index_page,0.58,"      $ % & '  0$66 6&$/( ':*1R $33529(' &+(&.(' '5$:1 NJ ྡ⛠ 7<3( 1$0( 5()1R ⯟ᾏ⏝࣮ࣞࢲ࣮ 0$5,1(5$'$5 ┦஫⤖⥺ᅗ ,17(5&211(&7,21',$*5$0 56%  '&9 +0&&($ -%  7;+9+  7;+9&    39+ 39& 02725+ 02725+ 02725& 02725&     -  - )$5%%)$5      3 3 - $,6B7'$ $,6B7'% $,6B5'$ $,6B5'% $,6B&20021 77<&6/$     - 77<&6/$  *36B5'+ *36B5'& 1&    - /2*B5'+ /2*B5'& 1&                    "
test4_furuno_far2xx8_radar,"Test/Test 4/IME36520W_FAR2xx8 pg No 18-29,132,197-215.pdf",263,index_page,medium,image heuristic fallback,index_page,0.58,"      $ % & '  0$66 6&$/( ':*1R $33529(' &+(&.(' '5$:1 NJ ྡ⛠ 7<3( 1$0( 5()1R ┦஫⤖⥺ᅗ ,17(5&211(&7,21',$*5$0 56%  '&9 +0&&($ -%  7;+9+  7;+9&    39+ 39& 02725+ 02725+ 02725& 02725&    -  -  -      3 3 - $,6B7'$ $,6B7'% $,6B5'$ $,6B5'% $,6B&20021 77<&6/$     - 77<&6/$  *36B5'+ *36B5'& 1&    - /2*B5'+ /2*B5'& 1&                          3 3 3 3 3 3 - $06B7'$ $06B7"
test4_furuno_far2xx8_radar,"Test/Test 4/IME36520W_FAR2xx8 pg No 18-29,132,197-215.pdf",264,index_page,medium,image heuristic fallback,index_page,0.58,"      $ % & '  0$66 6&$/( ':*1R $33529(' &+(&.(' '5$:1 NJ ྡ⛠ 7<3( 1$0( 5()1R ⯟ᾏ⏝࣮ࣞࢲ࣮ 0$5,1(5$'$5 ┦஫⤖⥺ᅗ ,17(5&211(&7,21',$*5$0  '&9 +0&&($ -%    39+ 39& 02725+ 02725+ 02725& 02725&               ,9VT 7% 3(   5:  32:(5 ✵୰⥺㒊 $17(11$81,7 39+ 39& 02725+ 02725+ 02725& 02725&    7% /$1 3(5)250$1&(021,725 ࣃࣇ࢛࣮࣐ࣥࢫࣔࢽࢱ࣮ $&+ $&& ȭ+]  9$& '3<&<  )25'(,&(5 ị⤖㜵Ṇ⏝  +0&&($ '&9 -%   "
test4_furuno_far2xx8_radar,"Test/Test 4/IME36520W_FAR2xx8 pg No 18-29,132,197-215.pdf",265,index_page,medium,image heuristic fallback,index_page,0.58,"      $ % & '  0$66 6&$/( ':*1R $33529(' &+(&.(' '5$:1 NJ ྡ⛠ 7<3( 1$0( 5()1R ⯟ᾏ⏝࣮ࣞࢲ࣮ 0$5,1(5$'$5 ┦஫⤖⥺ᅗ ,17(5&211(&7,21',$*5$0  '&9 +0&&($ -%  7;+9+  7;+9&    39+ 39& 02725+ 02725+ 02725& 02725&    -  -  -          ,9VT 7% 3(   5:  32:(5 ✵୰⥺㒊 $17(11$81,7 7;+9+ 1& 7;+9& 1& 1& 39+ 39& 02725+ 02725+ 02725& 02725&    7% - /$1 3(5)250$1&(021,725 ࣃࣇ࢛࣮࣐ࣥࢫࣔࢽࢱ࣮ $&+ $&& ȭ+]  "
test4_furuno_far2xx8_radar,"Test/Test 4/IME36520W_FAR2xx8 pg No 18-29,132,197-215.pdf",266,index_page,medium,image heuristic fallback,index_page,0.58,"      $ % & '  0$66 6&$/( ':*1R $33529(' &+(&.(' '5$:1 NJ ྡ⛠ 7<3( 1$0( 5()1R  '&9 +0&&($ -%    39+ 39& 02725+ 02725+ 02725& 02725&    -            ,9VT 7% 3(   5:  32:(5 ✵୰⥺㒊 $17(11$81,7 39+ 39& 02725+ 02725+ 02725& 02725&    7% - /$1 3(5)250$1&(021,725 ࣃࣇ࢛࣮࣐ࣥࢫࣔࢽࢱ࣮ $&+ $&& ȭ+]  9$& '3<&<  )25'(,&(5 ị⤖㜵Ṇ⏝  +0&&($ '&9 -%    39+ 39& 02725+ 02725+ 02725& 02"
test4_furuno_far2xx8_radar,"Test/Test 4/IME36520W_FAR2xx8 pg No 18-29,132,197-215.pdf",267,index_page,medium,image heuristic fallback,index_page,0.58,"      $ % & '  0$66 6&$/( ':*1R $33529(' &+(&.(' '5$:1 NJ ྡ⛠ 7<3( 1$0( 5()1R ⯟ᾏ⏝࣮ࣞࢲ࣮ 0$5,1(5$'$5 ┦஫⤖⥺ᅗ ,17(5&211(&7,21',$*5$0 )$5:         ࣮ࣞࢲ࣮㔜␚ࡢࢥࢿࢡࢱ᥋⥆ )$%5,&$7,21)255$'$529(5/$< - *1' +' %3 75,* 9,'(2 ࢳࣕ ࢔࢝ ࢲ࢖ ࢟ 㺢㺼㺑㺚㺼㺖&2$;       1&   1& 1& 5;1 7;1 7;3 5;3 1& 036& 㺏㺓 㺚㺹㺏㺓 㺚㺹㺟㺊 㺟㺊 %/8 :+7%/8 :+7%51 %51 )5)73&&< 3 3 㺚㺹㺞㺼㺐 㺞㺼㺐 㺚㺹㺮㺢㺼㺶 㺮㺢㺼㺶 *51 :+725* 25* :+7*51 )$%5,&$7,21)25/$1&$%/( /$1ࢣ࣮ࣈࣝࡢࢥࢿࢡࢱ᥋⥆ 5: *1' *1' *1' ࢩࣟ ࢡࣟ :+7 %/. %51 "
test4_furuno_far2xx8_radar,"Test/Test 4/IME36520W_FAR2xx8 pg No 18-29,132,197-215.pdf",268,index_page,medium,image heuristic fallback,index_page,0.58,"      $ % & '  0$66 6&$/( ':*1R $33529(' &+(&.(' '5$:1 NJ ྡ⛠ 7<3( 1$0( 5()1R ⯟ᾏ⏝࣮ࣞࢲ࣮ 0$5,1(5$'$5 ┦஫⤖⥺ᅗ ,17(5&211(&7,21',$*5$0 )$56: )$%5,&$7,21)25/$1&$%/( /$1ࢣ࣮ࣈࣝࡢࢥࢿࢡࢱ᥋⥆       1&   1& 1& 5;1 7;1 7;3 5;3 1& 036& 㺏㺓 㺚㺹㺏㺓 㺚㺹㺟㺊 㺟㺊 %/8 :+7%/8 :+7%51 %51 )5)73&&< 3 3 㺚㺹㺞㺼㺐 㺞㺼㺐 㺚㺹㺮㺢㺼㺶 㺮㺢㺼㺶 *51 :+725* 25* :+7*51         ࣮ࣞࢲ࣮㔜␚ࡢࢥࢿࢡࢱ᥋⥆ )$%5,&$7,21)255$'$529(5/$< - *1' +' %3 75,* 9,'(2 ࢳࣕ ࢔࢝ ࢲ࢖ ࢟ 㺢㺼㺑㺚㺼㺖&2$; 5: *1' *1' *1' ࢩࣟ ࢡࣟ :+7 %/. %51"
test4_furuno_far2xx8_radar,"Test/Test 4/IME36520W_FAR2xx8 pg No 18-29,132,197-215.pdf",269,index_page,medium,image heuristic fallback,index_page,0.58,"      $ % & '  0$66 6&$/( ':*1R $33529(' &+(&.(' '5$:1 NJ ྡ⛠ 7<3( 1$0( 5()1R 0$5,1(5$'$5 ┦஫⤖⥺ᅗ ,17(5&211(&7,21',$*5$0 7%    *1' 02725+ 02725& 5:   *1' 7% ,)B287   7% 7;B+9 7;B+9              *1' *1' 39 +' %3 19 7;B6,* *1' 638B075B7'$ 638B075B7'% 638B075B5'$ 638B075B5'% 7;B+9B021,B6(/            7% *1' 3/B$ 3/B% 3/B& +($7(5+ +($7(5& 781(B,1'    781(B&217 0%6B/ /1$B021 7% )$1B0$*B) 7;B75,* 781(B*$7( 0$*B&85B/9"
test4_furuno_far2xx8_radar,"Test/Test 4/IME36520W_FAR2xx8 pg No 18-29,132,197-215.pdf",270,index_page,medium,image heuristic fallback,index_page,0.58,"      $ % & '  0$66 6&$/( ':*1R $33529(' &+(&.(' '5$:1 NJ ྡ⛠ 7<3( 1$0( 5()1R 0$5,1(5$'$5 ┦஫⤖⥺ᅗ ,17(5&211(&7,21',$*5$0    *1' 02725+ 02725& 5:   *1' 7%   7% 7;B+9 7;B+9              *1' *1' 39 +' %3 19 7;B6,* *1' 638B075B7'$ 638B075B7'% 638B075B5'$ 638B075B5'% 7;B+9B021,B6(/            7% *1' 3/B$ 3/B% 3/B& +($7(5+ +($7(5& 781(B,1'    781(B&217 0%6B/ /1$B021 7% )$1B0$*B) 7;B75,* 781(B*$7( 0$*B&85B/9/    *1' 0"
test4_furuno_far2xx8_radar,"Test/Test 4/IME36520W_FAR2xx8 pg No 18-29,132,197-215.pdf",271,index_page,medium,image heuristic fallback,index_page,0.58,"      $ % & '  0$66 6&$/( ':*1R $33529(' &+(&.(' '5$:1 NJ ྡ⛠ 7<3( 1$0( 5()1R ⯟ᾏ⏝࣮ࣞࢲ࣮ 0$5,1(5$'$5 ┦஫⤖⥺ᅗ ,17(5&211(&7,21',$*5$0 㸨㸯㸧㐀⯪ᡤᡭ㓄ࠋ 㸨㸰㸧࢜ࣉࢩࣙࣥࠋ 237,21 6+,3<$5'6833/< 127( ὀグ  '&9 +0&&($ -%      39+ 39& 02725+ 02725+ 02725& 02725&     -  -      3 3 - $,6B7'$ $,6B7'% $,6B5'$ $,6B5'% $,6B&20021 77<&6/$     - 77<&6/$  *36B5'+ *36B5'& 1&    - /2*B5'+ /2*B5'& 1&                      "
test4_furuno_far2xx8_radar,"Test/Test 4/IME36520W_FAR2xx8 pg No 18-29,132,197-215.pdf",272,index_page,medium,image heuristic fallback,index_page,0.58,"      $ % & '  0$66 6&$/( ':*1R $33529(' &+(&.(' '5$:1 NJ ྡ⛠ 7<3( 1$0( 5()1R ⯟ᾏ⏝࣮ࣞࢲ࣮ 0$5,1(5$'$5 ┦஫⤖⥺ᅗ ,17(5&211(&7,21',$*5$0 237,21 6+,3<$5'6833/< 127(  '&9 +0&&($ -%      39+ 39& 02725+ 02725+ 02725& 02725&     -  -      3 3 - $,6B7'$ $,6B7'% $,6B5'$ $,6B5'% $,6B&20021 77<&6/$     - 77<&6/$  *36B5'+ *36B5'& 1&    - /2*B5'+ /2*B5'& 1&                          3 3 3 3 3 3"
test4_furuno_far2xx8_radar,"Test/Test 4/IME36520W_FAR2xx8 pg No 18-29,132,197-215.pdf",273,index_page,medium,image heuristic fallback,index_page,0.58,"   $  % & '5$:1 &+(&.(' $33529(' ':*1R 7,7/( 1$0( ྡ⛠ 5()1R 7<$0$6$., +0$., ,17(5&211(&7,21',$*5$0 ┦஫⤖⥺ᅗ 5-% 㜵Ỉ᥋⥆⟽㸦✵୰⥺ࢣ࣮ࣈࣝᘏ㛗㸧 -81&7,21%2;$17(11$&$%/((;7(16,21                7% -81&7,21%2; 㜵Ỉ᥋⥆⟽ 5-%   7% 㺢㺼㺑㺚㺼㺖 &2$; -%  +0&&($ /$1ྠ㍈ኚ᥮ჾ            7% '&9,1 1& 7;+9+ 7;+9& 02725+ 02725+ 02725& 02725& 1& 1& 39+ 39& 5:0$;P -%  +0&&($ /$1ྠ㍈ኚ᥮ჾ              1& 7;+9+ 7;+9& 027"
test4_furuno_far2xx8_radar,"Test/Test 4/IME36520W_FAR2xx8 pg No 18-29,132,197-215.pdf",274,index_page,medium,image heuristic fallback,index_page,0.58,"   $  % & '5$:1 &+(&.(' $33529(' ':*1R 7,7/( 1$0( ྡ⛠ 5()1R 7<$0$6$., +0$., ,17(5&211(&7,21',$*5$0 ┦஫⤖⥺ᅗ 5-%                7% -81&7,21%2; 㜵Ỉ᥋⥆⟽ 5-%   7% 㺢㺼㺑㺚㺼㺖 &2$; -%  +0&&($ /$1ྠ㍈ኚ᥮ჾ            7% '&9,1 1& 7;+9+ 7;+9& 02725+ 02725+ 02725& 02725& 1& 1& 39+ 39& -%  +0&&($ /$1ྠ㍈ኚ᥮ჾ              1& 7;+9+ 7;+9& 02725+ 02725+ 39+ 39& 02725& 02725& 02725+ 02725& '&9,1  "
test5_ae_d2842le_dci,Test/Test 5/Extracted pages from DCI DR 12 & 14 AE PARTS CAT D2842LE ESN 49361860994101.pdf,1,index_page,medium,image heuristic fallback,index_page,0.58,"D 2842 LE #000001000066 CRANKCASE 1 51.01102-6056 CRANKCASE REPLACEMENT GROUP ASSEMBLY 1 2 51.01105-6037 BEARING CAP MAIN BEARING 6 3 06.22022-3061 DOWEL PIN 8H8X18-ST50-2K-ZNPHR3F 12 4 51.01105-6039 BEARING CAP THRUST BEARING 1 5 51.91301-0071 DOWEL PIN 2 6 51.90020-0293 HEX COLLAR BOLT M18X2X153-10.9 14 7 06.01494-4316 HEX SHOULDER STUD M12X1,5X85-10.9-MAN183-PHR 14 8 51.04410-0169 CAMSHAFT BUSH FINISHED PART 6 9 51.04410-0148 CAMSHAFT BUSH 1 10 51.04410-0115 THRUST RING 1 11 51.91605-0118 COV"
test5_ae_d2842le_dci,Test/Test 5/Extracted pages from DCI DR 12 & 14 AE PARTS CAT D2842LE ESN 49361860994101.pdf,2,index_page,medium,image heuristic fallback,index_page,0.58,"D 2842 LE #000001000066 18 06.56631-0235 SEAL 14,3X22X1,5-ST/FKM1-80 WITH ELASTOMER LIP 2 19 06.08042-0605 DRAIN PLUG M18X1,5-ST-A3C 1 - 51.93610-0015 OIL SPRAYER NOZZLE 1 - - REPLACED BY * - 51.93610-0008 OIL SPRAYER NOZZLE 1 20 06.56631-0237 SEAL 18,3X26X1,5-ST/FKM1-80 WITH ELASTOMER LIP 1 21 51.90310-0149 DRAIN PLUG M26X1,5X12-ST 6 22 06.56631-0112 SEAL 26,7X34,93X2-ST/FPM1-80 WITH ELASTOMER LIP 6 23 06.08042-0611 DRAIN PLUG M30X1,5-ST-A3C 3 24 06.56631-0114 SEAL 31X39X2-ST/FPM1-80 WITH ELAST"
test5_ae_d2842le_dci,Test/Test 5/Extracted pages from DCI DR 12 & 14 AE PARTS CAT D2842LE ESN 49361860994101.pdf,3,index_page,medium,image heuristic fallback,index_page,0.58,"D 2842 LE #000001000300 CRANKCASE CYLINDER LINER HOUSING COVER 1 51.01201-0467 CYLINDER LINER NORMAL COLLAR HEIGHT 10,05 MM 12 1 51.01201-0306 CYLINDER LINER OVERSIZE DIAMETER 0.50 MM OUTSIDE DIAMETER NB 1 51.01201-0307 CYLINDER LINER OVERSIZE DIAMETER 1.00 MM OUTSIDE DIAMETER NB 1 51.01201-0342 CYLINDER LINER HEIGHT: + 0,2 NB 2 51.96501-0493 O-RING 138X2,1-FPM2-70 24 3 51.96501-0522 O-RING 144X4-FPM2-70 24 4 51.01501-6018 HOUSING COVER ASSEMBLY 1 5 51.01903-0251 CONTROL HOUSING SEAL ASBESTOS-FR"
test5_ae_d2842le_dci,Test/Test 5/Extracted pages from DCI DR 12 & 14 AE PARTS CAT D2842LE ESN 49361860994101.pdf,7,index_page,medium,image heuristic fallback,index_page,0.58,"D 2842 LE #027001000009 FLYWHEEL HOUSING 1 51.01401-6137 TIMING CASE ASSEMBLY 1 2 51.01510-0206 RADIAL SHAFT SEAL 120X140X13-ACM/PTFE 1 3 51.90720-0200 THRUST WASHER 1 4 51.90020-0159 HEX LOCK SCREW M8X8,4-12.9-PAB 2 5 04.10160-9164 ADHESIVE 50 ML BOTTLE 1 6 06.06145-0308 STUD M12-M12X1,5X30-8.8 3 7 51.01402-0018 COVER 1 8 51.96501-0262 O-RING 92X3-FPM1-70-GN 1 9 06.01284-3117 HEXAGON SCREW M8X30-10.9-MAN183-A2C 5 10 06.16739-0014 SPRING WASHER A8-MAN183-B1 5 11 06.08042-0609 DRAIN PLUG M26X1,5-"
test5_ae_d2842le_dci,Test/Test 5/Extracted pages from DCI DR 12 & 14 AE PARTS CAT D2842LE ESN 49361860994101.pdf,18,index_page,medium,image heuristic fallback,index_page,0.58,"D 2842 LE #000002000047 CRANKSHAFT MOUNTING PARTS 1 51.02115-6006 TIMING GEAR - CRANKSHAFT ASSEMBLY 1 2 06.22022-3015 DOWEL PIN 8H8X32-ST50-2K 1 3 51.01114-6085 THRUST BEARING NORMAL ASSEMBLY 1 3 51.01114-6087 THRUST BEARING REPAIR STAGE 1 = 0,25 MM ASSEMBLY 1 3 51.01114-6088 THRUST BEARING REPAIR STAGE 2 = 0,50 MM ASSEMBLY 1 3 51.01114-6089 THRUST BEARING REPAIR STAGE 3 = 0,75 MM ASSEMBLY 1 3 51.01114-6090 THRUST BEARING REPAIR STAGE 4 = 1,00 MM ASSEMBLY 1 4 51.01110-6528 MAIN BEARING NORMAL 6 "
test5_ae_d2842le_dci,Test/Test 5/Extracted pages from DCI DR 12 & 14 AE PARTS CAT D2842LE ESN 49361860994101.pdf,25,index_page,medium,image heuristic fallback,index_page,0.58,"D 2842 LE #000003000056 CYLINDER HEAD GASKET CYLINDER HEAD BOLT 1 06.08042-0603 DRAIN PLUG M14X1,5-ST-A3C 12 2 06.56190-0706 SEAL A14X20-CU 12 3 51.03901-0298 CYLINDER HEAD GASKET ASBESTOS-FREE 12 4 51.90490-0022 EXTERNAL HEX ROUND BOLT M15X2X168-1200N/MM2-E20-ZNPHR3 24 5 51.90490-0023 EXTERNAL HEX ROUND BOLT M15X2X144-1200N/MM2-E20-ZNPHR3 36 6 51.90490-0024 EXTERNAL HEX ROUND BOLT M15X2X109-1200N/MM2-E20-ZNPHR3 12 7 09.16012-0117 ASSEMBLY PASTE 100 G TUBE NB 8 51.97801-0211 ADHESIVE LABEL 75X35"
test5_ae_d2842le_dci,Test/Test 5/Extracted pages from DCI DR 12 & 14 AE PARTS CAT D2842LE ESN 49361860994101.pdf,32,index_page,medium,image heuristic fallback,index_page,0.58,"D 2842 LE #000005000200 OIL COOLER 1 51.05604-0030 OIL COOLER HOUSING 1 2 51.05901-0146 OIL COOLER SEAL 1 3 06.01283-5218 HEXAGON SCREW M10X35-8.8-MAN183-B1 5 3 06.01283-5222 HEXAGON SCREW M10X55-8.8-MAN183-B1 5 4 - DELETED * 5 06.02109-0040 CYLINDER SCREW M10X25-10.9-MAN183-A3C 5 6 06.15033-0814 WASHER 10X18X1,6-200HV-MAN183-B1 5 7 51.05601-0169 OIL COOLER 2 8 06.56254-2203 GASKET 26X48X1,0-AFOE2-M3219 4 9 06.01283-5122 HEXAGON SCREW M8X55-8.8-MAN183-B1 8 10 06.01283-5111 HEXAGON SCREW M8X16-8."
test5_ae_d2842le_dci,Test/Test 5/Extracted pages from DCI DR 12 & 14 AE PARTS CAT D2842LE ESN 49361860994101.pdf,33,index_page,medium,image heuristic fallback,index_page,0.58,"D 2842 LE #000005000200 20 51.05902-0048 OIL COOLER SEAL ASBESTOS-FREE 1 21 06.01283-5123 HEXAGON SCREW M8X60-8.8-MAN183-B1 3 22 06.16043-0210 SPRING WASHER B8-FST-A3C 22 24 50.98130-0273 REDUCING NIPPLE M26X1,5 / M10X1 1 25 06.08099-0023 DRAIN PLUG CM10X1-ST-MAN183-B1 1 26 06.56631-0233 SEAL 10,3X16X1,5-ST/FKM1-80 WITH ELASTOMER LIP 1 27 06.56631-0112 SEAL 26,7X34,93X2-ST/FPM1-80 WITH ELASTOMER LIP 3 28 06.08062-0203 DRAIN PLUG M14X1,5-ST-ZNPHR3F 1 29 06.56631-0235 SEAL 14,3X22X1,5-ST/FKM1-80 W"
test5_ae_d2842le_dci,Test/Test 5/Extracted pages from DCI DR 12 & 14 AE PARTS CAT D2842LE ESN 49361860994101.pdf,39,index_page,medium,image heuristic fallback,index_page,0.58,"D 2842 LE #013005000303 OIL SUCTION LINE 1 51.05702-5344 OIL SUCTION LINE LEFT 1 2 51.05702-5345 OIL SUCTION LINE RIGHT 1 3 51.05705-0025 PERFORATED PLATE 2 4 51.90815-0016 SNAP RING 73,0X78,6X2,00 2 5 06.56259-0033 GASKET 35X58X1,0-AFOE2-M3219-A1-G1 2 6 06.01283-5115 HEXAGON SCREW M8X25-8.8-MAN183-B1 4 7 06.16739-0014 SPRING WASHER A8-MAN183-B1 4 8 51.97480-0422 FISH PLATE G20X5X61-10-41-9-ST37-2 2 HOLES 1 9 06.01283-5113 HEXAGON SCREW M8X20-8.8-MAN183-B1 2 10 06.15230-0205 WASHER 8,4X21X4-ST-M"
test5_ae_d2842le_dci,Test/Test 5/Extracted pages from DCI DR 12 & 14 AE PARTS CAT D2842LE ESN 49361860994101.pdf,44,index_page,medium,image heuristic fallback,index_page,0.58,"D 2842 LE #000006000096 COOLANT PUMP MOUNTING PARTS 1 51.06500-6472 COOLANT PUMP ASSEMBLY 1 - 51.06501-0326 PUMP HOUSING 1 - 51.91606-0053 COVER A50,2/10,5-X5CRNI1810N 1 1 - EFFECTIVE PRODUCTION START 19/02 SEE PLATE: * - - COOLANT PUMP WITH PLUG CONNECTION * 2 06.08092-0144 DRAIN PLUG AM14X1,5-ST-A3C 1 3 06.56631-0235 SEAL 14,3X22X1,5-ST/FKM1-80 WITH ELASTOMER LIP 1 4 06.08069-0053 DRAIN PLUG G1/2""A-ST-A3C 2 5 06.56190-0716 SEAL A21X26-CU 2 - 04.10160-9164 ADHESIVE 50 ML BOTTLE 1 6 51.93410-011"
test5_ae_d2842le_dci,Test/Test 5/Extracted pages from DCI DR 12 & 14 AE PARTS CAT D2842LE ESN 49361860994101.pdf,48,index_page,medium,image heuristic fallback,index_page,0.58,"D 2842 LE #004006000120 COOLANT PUMP TENSION PULLEY - 51.95800-7135 TENSION PULLEY ASSEMBLY 1 1 51.95820-0012 V-BELT PULLEY 2A94-40M6 2-GROOVE 1 2 06.29020-0125 CIRCLIP 40X1,75-ZNPHR5F 1 3 06.15033-0818 WASHER 17X28X2,5-200HV-MAN183-B1 1 4 51.93410-0110 BALL BEARING 6203-2RS1C3LHT23 2 5 06.37769-0053 NILOS GLAND 2 6 51.91701-0285 SLINGER 2 7 51.91701-0283 BUSH 12,2X17H6X24/39,5X35,7-9SMNPB2 1 8 51.93020-0294 BUSH 12,5X17,6F7X21,5/0,3-SINT-D10 1 9 51.19107-0110 GUIDE PIECE 1 10 06.15013-0413 WASH"
test5_ae_d2842le_dci,Test/Test 5/Extracted pages from DCI DR 12 & 14 AE PARTS CAT D2842LE ESN 49361860994101.pdf,49,index_page,medium,image heuristic fallback,index_page,0.58,D 2842 LE #016006000560 EXHAUST SYSTEM COOLING WATER LINES 1 51.06302-0296 COOLING WATER PIPE HARDENED 1 2 50.06302-5654 COOLING WATER PIPE 1 3 06.56257-2508 GASKET 50X78X2-AFQ1-M3219 ASBESTOS-FREE 2 4 06.01283-5214 HEXAGON SCREW M10X22-8.8-MAN183-B1 4 5 04.27405-9150 COOLING WATER HOSE 50X1000-3-BL NB 6 06.67122-6121 HOSE CLAMP A50-70X9-W2-2 2 7 51.06302-6021 INTAKE MANIFOLD HARDENED 1 8 51.96601-0482 GASKET ASBESTOS-FREE 1 9 06.01283-5117 HEXAGON SCREW M8X30-8.8-MAN183-B1 4 10 04.27405-9150 CO
test5_ae_d2842le_dci,Test/Test 5/Extracted pages from DCI DR 12 & 14 AE PARTS CAT D2842LE ESN 49361860994101.pdf,53,index_page,medium,image heuristic fallback,index_page,0.58,"D 2842 LE #016006000550 THERMOSTAT HOUSING CONNECTING PARTS MOUNTING PARTS 1 50.06404-0031 THERMOSTAT HOUSING 1 2 50.06301-0583 COOLING WATER PIPE 1 3 51.06402-0061 COOLING WATER THERMOSTAT 79 DEG. 3 4 51.06901-0108 COOLANT PUMP SEAL ASBESTOS-FREE 3 5 06.56341-2122 O-RING 60X4B-NBR3-60 3 6 06.01013-7118 HEX SHOULDER STUD M8X65-8.8-MAN183-B1 3 7 - DELETED * 8 06.08042-0609 DRAIN PLUG M26X1,5-ST-A3C 1 9 06.56631-0112 SEAL 26,7X34,93X2-ST/FPM1-80 WITH ELASTOMER LIP 1 10 06.08042-0603 DRAIN PLUG M14"
test5_ae_d2842le_dci,Test/Test 5/Extracted pages from DCI DR 12 & 14 AE PARTS CAT D2842LE ESN 49361860994101.pdf,59,index_page,medium,image heuristic fallback,index_page,0.58,D 2842 LE #016008002130 EXHAUST PIPES WATER COOLED MOUNTING PARTS 1 51.08901-0099 EXHAUST MANIFOLD SEAL ASBESTOS-FREE 12 2 06.01019-0141 HEX SHOULDER STUD M10X140-8.8-A3C 24 3 51.08901-0041 GASKET ASBESTOS-FREE 4 4 51.08105-0048 INTERMEDIATE PIECE RIGHT 1 5 51.08105-0047 INTERMEDIATE PIECE 1 6 51.90201-0173 STUD M10X30-GA-WARMFEST-C3J 8 - 04.10160-9131 ADHESIVE 50 ML-GN BOTTLE NB 7 06.15013-0412 WASHER 10X20X2-200HV-MAN183-B1 12 8 06.11241-0306 HEX LOCK NUT AM10-10-MAN183-B1 12 9 06.08092-0144 D
test5_ae_d2842le_dci,Test/Test 5/Extracted pages from DCI DR 12 & 14 AE PARTS CAT D2842LE ESN 49361860994101.pdf,60,index_page,medium,image heuristic fallback,index_page,0.58,"D 2842 LE #016008000271 EXHAUST SYSTEM BLEEDER LINES - - ITEM NUMBER 1 - 4 DELETED * 5 50.98110-0108 SWIVEL UNION L10M-OMD-ST-PHR/A3K 4 6 06.56631-0235 SEAL 14,3X22X1,5-ST/FKM1-80 WITH ELASTOMER LIP 4 7 50.06302-5458 COOLING WATER PIPE 1 8 06.71130-2107 T-UNION T-L10-MAN183-B1 2 9 50.06302-5459 COOLING WATER PIPE 1 10 50.06302-5460 COOLING WATER PIPE 1 11 04.27405-9502 COOLING WATER HOSE 10X20000-5 NB 12 06.67420-1218 SPRING CLIP A-18X12 4 13 50.06302-5461 COOLING WATER PIPE 1 14 06.71239-0006 E"
test5_ae_d2842le_dci,Test/Test 5/Extracted pages from DCI DR 12 & 14 AE PARTS CAT D2842LE ESN 49361860994101.pdf,63,index_page,medium,image heuristic fallback,index_page,0.58,"D 2842 LE #014008000040 INTERCOOLER ELBOW AIR DUCT MOUNTING PARTS 1 51.09411-0195 INTERCOOLER ELBOW 1 2 06.08042-0606 DRAIN PLUG M20X1,5-ST-A3C 2 3 06.56190-0715 SEAL A20X26-CU 2 4 51.09904-0009 INTERCOOLER SEAL ASBESTOS-FREE 2 5 51.09411-5024 WYE 1 6 06.01284-7121 HEXAGON SCREW M8X50-10.9-MAN183-PHR 2 7 06.01284-3117 HEXAGON SCREW M8X30-10.9-MAN183-A2C 26 8 06.01013-7122 HEX SHOULDER STUD M8X85-8.8-MAN183-B1 2 9 06.01013-7127 HEX SHOULDER STUD M8X120-8.8-MAN183-B1 4 10 06.01019-0322 HEX SHOULDE"
test5_ae_d2842le_dci,Test/Test 5/Extracted pages from DCI DR 12 & 14 AE PARTS CAT D2842LE ESN 49361860994101.pdf,67,index_page,medium,image heuristic fallback,index_page,0.58,"D 2842 LE #016009000060 TURBOCHARGER OIL RETURN LINES 1 51.05702-5432 OIL RETURN PIPE RIGHT 1 2 51.98131-0071 HOSE NIPPLE 22-M26X1,5-ST 1 3 06.56631-0112 SEAL 26,7X34,93X2-ST/FPM1-80 WITH ELASTOMER LIP 1 4 51.96330-0346 HOSE 22X65-1 1 5 04.97126-9004 INSULATING HOSE 35X2,5X40000-HYPALON NB 6 06.67128-0513 HOSE CLAMP S32-39 3 7 51.05702-5167 OIL RETURN PIPE TURBOCHARGER 1 8 51.96601-0383 GASKET 26X52,5X11X1,5-AFOE2 ASBESTOS-FREE 2 9 06.01283-5214 HEXAGON SCREW M10X22-8.8-MAN183-B1 4 10 - DELETED "
test5_ae_d2842le_dci,Test/Test 5/Extracted pages from DCI DR 12 & 14 AE PARTS CAT D2842LE ESN 49361860994101.pdf,68,index_page,medium,image heuristic fallback,index_page,0.58,"D 2842 LE #016009000050 TURBOCHARGER PRESSURE OIL LINES 1 51.05702-5153 OIL PRESSURE PIPE 1 2 51.05702-5152 OIL PRESSURE PIPE 1 3 51.96601-0386 GASKET 12X38X11X1-AFOE4 ASBESTOS-FREE 2 4 06.01283-5214 HEXAGON SCREW M10X22-8.8-MAN183-B1 4 5 06.78350-2106 HOLLOW SCREW UNION 10-ZNPHR3F 1 6 06.56631-0235 SEAL 14,3X22X1,5-ST/FKM1-80 WITH ELASTOMER LIP 2 7 51.09141-0004 GUARD PLATE 1 8 51.09141-0005 GUARD PLATE LEFT 1 9 06.01284-5113 HEXAGON SCREW M8X20-10.9-MAN183-B1 3 10 06.15013-0411 WASHER 8X16X1,6"
test5_ae_d2842le_dci,Test/Test 5/Extracted pages from DCI DR 12 & 14 AE PARTS CAT D2842LE ESN 49361860994101.pdf,69,index_page,medium,image heuristic fallback,index_page,0.58,D 2842 LE #002010000043 INJECTION LINES 1 51.10302-6117 INJECTION LINE CYLINDERS 1-6 SET 1 2 51.10302-0553 INJECTION LINE CYLINDER 1 1 3 51.10302-0554 INJECTION LINE CYLINDER 2 1 4 51.10302-0555 INJECTION LINE CYLINDER 3 1 5 51.10302-0556 INJECTION LINE CYLINDER 4 1 6 51.10302-0557 INJECTION LINE CYLINDER 5 1 7 51.10302-0558 INJECTION LINE CYLINDER 6 1 8 51.97401-6059 MOUNTING CLAMP B-2-ST/EPDM-FE/ZN8C FOR INJECTION PIPES 1 9 51.97401-6038 MOUNTING CLAMP B-3-ST/EPDM-ZN FOR INJECTION PIPES 6 10 5
test5_ae_d2842le_dci,Test/Test 5/Extracted pages from DCI DR 12 & 14 AE PARTS CAT D2842LE ESN 49361860994101.pdf,71,index_page,medium,image heuristic fallback,index_page,0.58,"D 2842 LE #000010000008 INJECTION LINES MOUNTING PARTS 1 51.97485-0065 BRACKET 1 2 06.01284-6911 HEXAGON SCREW M6X16-10.9-MAN183-PHR 1 3 06.16739-0011 SPRING WASHER A6-MAN183-B1 1 4 06.11064-2112 HEXAGON NUT M6-8-MAN183-B1 1 5 06.15230-0205 WASHER 8,4X21X4-ST-MAN183-B1 1 6 06.15013-0411 WASHER 8X16X1,6-200HV-MAN183-B1 2 7 51.97480-0684 BRACKET 1 8 06.01284-6911 HEXAGON SCREW M6X16-10.9-MAN183-PHR 2 9 06.16739-0011 SPRING WASHER A6-MAN183-B1 1 10 06.11064-2112 HEXAGON NUT M6-8-MAN183-B1 1 11 51.9"
test5_ae_d2842le_dci,Test/Test 5/Extracted pages from DCI DR 12 & 14 AE PARTS CAT D2842LE ESN 49361860994101.pdf,73,index_page,medium,image heuristic fallback,index_page,0.58,"D 2842 LE #015010000010 NOZZLE HOLDER - 51.10101-7274 NOZZLE HOLDER COMBINATION 12 1 51.10101-6040 NOZZLE HOLDER 12 - 09.16012-0114 HT GREASE TB100G TUBE NB 2 81.10106-0010 THRUST PIN 12 3 51.97601-0138 PRESSURE SPRING 12 4 81.11308-0015 SHIM 0,80 MM NB 4 81.11308-0016 SHIM 0,85 MM NB 4 81.11308-0059 SHIM 0,88 MM NB 4 81.11308-0017 SHIM 0,90 MM NB 4 81.11308-0018 SHIM 0,95 MM NB 4 81.11308-0060 SHIM 0,98 MM NB 4 51.11308-0010 SHIM 1,00 MM NB 4 81.11308-0001 SHIM 1,05 MM NB 4 81.11308-0061 SHIM 1"
test5_ae_d2842le_dci,Test/Test 5/Extracted pages from DCI DR 12 & 14 AE PARTS CAT D2842LE ESN 49361860994101.pdf,74,index_page,medium,image heuristic fallback,index_page,0.58,"D 2842 LE #015010000010 4 51.11308-0011 SHIM 1,35 MM NB 4 81.11308-0064 SHIM 1,38 MM NB 5 81.11308-0007 SHIM 1,40 MM NB 5 51.11308-0012 SHIM 1,45 MM NB 5 81.11308-0065 SHIM 1,48 MM NB 5 51.11308-0013 SHIM 1,50 MM NB 5 51.11308-0014 SHIM 1,55 MM NB 5 81.11308-0066 SHIM 1,58 MM NB 5 81.11308-0008 SHIM 1,60 MM NB 5 81.11308-0009 SHIM 1,65 MM NB 5 81.11308-0067 SHIM 1,68 MM NB 5 51.11308-0015 SHIM 1,70 MM NB 5 51.11308-0016 SHIM 1,75 MM NB 5 81.11308-0068 SHIM 1,78 MM NB 5 51.11308-0017 SHIM 1,80 MM"
test5_ae_d2842le_dci,Test/Test 5/Extracted pages from DCI DR 12 & 14 AE PARTS CAT D2842LE ESN 49361860994101.pdf,79,index_page,medium,image heuristic fallback,index_page,0.58,"D 2842 LE #015012004120 DRIP OIL LINE INJECTION PUMP MOUNTING PARTS 1 51.12305-5127 DRIP OIL LINE 2 2 51.96501-0348 SEAL 6,2X11X1-CU DOUBLE 12 3 51.98150-0167 HOLLOW SCREW M6X15,5E-42CRMOS4V-ZNPHR3F 10 4 51.12302-5045 FUEL LINE 1 5 51.12302-5046 DRIP OIL LINE LEFT 1 - - ITEM NUMBER 6 - 8 DELETED * 9 51.91701-0295 BUSH 9X18X29-ST35NBK 1 10 51.98150-0169 HOLLOW SCREW 2 11 06.78412-0305 THREADED UNION 1 12 51.98101-0077 TWIN RING UNION 1 13 06.56631-0232 SEAL 8,3X14X1-ST/FKM1-80 WITH ELASTOMER LIP "
test5_ae_d2842le_dci,Test/Test 5/Extracted pages from DCI DR 12 & 14 AE PARTS CAT D2842LE ESN 49361860994101.pdf,81,index_page,medium,image heuristic fallback,index_page,0.58,"D 2842 LE #015012004140 FUEL LINES 1 - DELETED * 2 06.78320-0106 RING UNION LL10-A4C 1 3 51.98150-0175 HOLLOW SCREW M14X1,5X26E-ST-SW19-P3A 1 4 06.56631-0235 SEAL 14,3X22X1,5-ST/FKM1-80 WITH ELASTOMER LIP 2 5 51.98131-2001 THREADED UNION 1 6 51.12301-5850 FUEL LINE 1 7 06.78160-0106 THREADED UNION A8-ST 1 8 06.56631-0235 SEAL 14,3X22X1,5-ST/FKM1-80 WITH ELASTOMER LIP 1 9 51.12302-5184 FUEL LINE ASSEMBLY 1 - 51.97480-0636 BRACKET 1 - 51.91701-0114 BUSH 9X12,9X5,5-ST35NBK 1 - 06.15230-0205 WASHER "
test5_ae_d2842le_dci,Test/Test 5/Extracted pages from DCI DR 12 & 14 AE PARTS CAT D2842LE ESN 49361860994101.pdf,89,index_page,medium,image heuristic fallback,index_page,0.58,"D 2842 LE #000099000008 ENGINE SEAL SET - 06.56333-3256 O-RING 24,2X3B-FPM1-70-GN 1 - - NOT AVAILABLE AS COMPLETE UNIT REPLACED BY * - 51.01510-0206 RADIAL SHAFT SEAL 120X140X13-ACM/PTFE 1 - 51.02130-0013 RACE 1 - 51.01510-6004 RADIAL SHAFT SEAL 105X130X12RD-ACM/PTFE/FILZ ASSEMBLY 1 - 51.01903-0166 CONTROL HOUSING SEAL ASBESTOS-FREE 1 - 51.01908-0022 GASKET ASBESTOS-FREE 1 - 51.04902-0028 SEAL - VALVE STEM D25/D28 24 - - ONLY FOR D2842 LXF * - 51.08901-0041 GASKET ASBESTOS-FREE 4 - 51.38902-0006"
test6_man_bw_spares_catalogue,Test/Test 6/Extracted pages from MAN B&W SPARES PARTS CATALOGUE.pdf,1,index_page,medium,image heuristic fallback,index_page,0.58,"18'€ <br> MAN <br> Pos. <br> 1 <br> 1 <br> 30 <br> 46 <br> 63 <br> 64 <br> 66 <br> 67 <br> 70 <br> 21 <br> 72 <br> 73 <br> Ölwanne für 6 Zyl,Mbtor <br> Benennung <br> Dsignation <br> Carter d'huile pour moteur à6 cylindres <br> Olwanne für 7 Zyl.Motor <br> Carter d'huile pour moteur à 7 cylindres <br> Ölwanne für 8 Zyl.Motor <br> Fausse bride <br> Carter d'huile pour moteur à8 cylindres <br> Ölwanne fur 9 Zyl.-Motor <br> Dichtung <br> Joint <br> Carter d'huile pour moteur à 9 cylindres <br> Blin"
test6_man_bw_spares_catalogue,Test/Test 6/Extracted pages from MAN B&W SPARES PARTS CATALOGUE.pdf,2,index_page,medium,image heuristic fallback,index_page,0.58,"POs <br> 1 <br> 2 <br> 3 <br> 4 <br> 11 <br> 13 <br> 15 <br> 16 <br> 17 <br> 18 <br> 22 <br> 23 <br> 24 <br> 25 <br> 26 <br> 27 <br> 31 <br> 33 <br> 34 <br> 35 <br> D36 5624 <br> Benennung <br> Désignation <br> Zylinderkurbelgehäuse mit Pos.11, <br> 13-27 für 6 Zyl.-Motor <br> Carter de vilebrequin avec rep. 11, <br> 13-27 pour moteur à 6 cylindres <br> Zylinderkurbelgehäuse mit Pos. 11, <br> 13-27 für 7 Zyl.-Motor <br> Carter de vilebrequin avec rep. 11, <br> 13-27 pour moteur à 7 cylindres <br"
test6_man_bw_spares_catalogue,Test/Test 6/Extracted pages from MAN B&W SPARES PARTS CATALOGUE.pdf,3,index_page,medium,image heuristic fallback,index_page,0.58,Pos. <br> 37 <br> 38 <br> 39 <br> 40 <br> 41 <br> 42 <br> 43 <br> 44 <br> 45 <br> 46 <br> 47 <br> 48 <br> 49 <br> 50 <br> 53 <br> 54 <br> 57 <br> 58 <br> 59 <br> 60 <br> 62 <br> 63 <br> 64 <br> 66 <br> 67 <br> 69 <br> 70 <br> 71 <br> 72 <br> Benennung <br> Désignation <br> Stiftschraube <br> Goujon <br> Stiftschraube <br> Goujon <br> Stiftschraube <br> Goujon <br> Stiftschraube <br> Goujon <br> Stiftschraube <br> Goujon <br> Stiftschraube <br> Goujon <br> Stiftschraube <br> Goujon <br> Verschluß
test6_man_bw_spares_catalogue,Test/Test 6/Extracted pages from MAN B&W SPARES PARTS CATALOGUE.pdf,8,index_page,medium,image heuristic fallback,index_page,0.58,"MAN <br> Pos. <br> S8'1L <br> 2 <br> L <br> 5 <br> 6 <br> K <br> 12 <br> 13 <br> 14 <br> 15 <br> 17 <br> 661 <br> 602 <br> 603 <br> 604 <br> 605 <br> 606 <br> 18 <br> 20 <br> 21 <br> 22 <br> 23 <br> 24 <br> 25 <br> Benennung <br> Désignation <br> lanschleger, konplett rit Pos. 2-6 <br> Flasaue-bride conpl. avec pos. 2 <br> Untere Flanschlagerhalfte <br> biti inferieur de flasoue-bride <br> Obere Flanschlagerhalfte <br> Boulon <br> bitiésupérieur de flasque-bride <br> Schraube <br> Stift <br> Gou"
test6_man_bw_spares_catalogue,Test/Test 6/Extracted pages from MAN B&W SPARES PARTS CATALOGUE.pdf,10,index_page,medium,image heuristic fallback,index_page,0.58,MAN <br> Pos. <br> 6 <br> 12 <br> 17 <br> 24 <br> 26 <br> 33 <br> 37 <br> 40 <br> 42 <br> 47 <br> 48 <br> 51 <br> 52 <br> 55 <br> 56 <br> Benennung <br> Désignation <br> D36 5624 <br> Kurbelwelle mit Pos. 24+26 für <br> 6 Zyl.-Motor <br> Vilebrequin avec rep. 24+26 pour <br> moteur a 6 cylindres <br> Kurbelwelle mit Pos. 24+26 für <br> 7 Zyl.-Mbtor <br> Vilebrequin avec rep. 24+26 pour <br> moteur a 7 cylindres <br> Kurbelwelle mit Pos. 24+26 für <br> 8 Zyl.-Motor <br> Vilebrequin avec rep. 24+2
test6_man_bw_spares_catalogue,Test/Test 6/Extracted pages from MAN B&W SPARES PARTS CATALOGUE.pdf,12,index_page,medium,image heuristic fallback,index_page,0.58,"4.85 <br> Pos. <br> B <br> 6 <br> MAN <br> D36 5626 <br> Benennung <br> Désignaion <br> Obere Lagerschale <br> Coussinet supérieur <br> Untere Lagerschale <br> Coussinet inferieur <br> Fixierstück <br> Piece de fixation <br> Zylinderschraube <br> Vis à tête cylindri que <br> D <br> X <br> 021,04/ <br> KURBELWE LLENLAGER <br> MAIN BEARING <br> PALIER DE VILEBREQUIN <br> COJINETE DEL CIGÜENAL <br> Designation <br> Designación <br> Upper bearing shell <br> Casquillo superior <br> Lower bearing shel"
test6_man_bw_spares_catalogue,Test/Test 6/Extracted pages from MAN B&W SPARES PARTS CATALOGUE.pdf,13,index_page,medium,image heuristic fallback,index_page,0.58,"11.83 <br> MAN <br> Pos. <br> 1 <br> 2 <br> 4 <br> 5 <br> 6 <br> 8 <br> 9 <br> 10 <br> 11 <br> 16 <br> 17 <br> 18 <br> 19 <br> 4 <br> 32* <br> 33* <br> 35** <br> 36* <br> 42 <br> 43 <br> 45 <br> 46 <br> Benennung <br> Dsignation <br> PaBschraube <br> Boulon d'ajustage <br> Zahnrad <br> Roue dentée <br> Sechskantschraube <br> Boulon a six pans <br> Sicherungsblech <br> Tôle d'arrt <br> Boulona six pans <br> Sechskantmutter <br> Ecrou àsix pans <br> Kegelstift <br> Verschalung, zweiteilig <br> kom"
test6_man_bw_spares_catalogue,Test/Test 6/Extracted pages from MAN B&W SPARES PARTS CATALOGUE.pdf,14,index_page,medium,image heuristic fallback,index_page,0.58,"Pos <br> 47 <br> 51 <br> 52 <br> 53 <br> 55 <br> 59 <br> 60 <br> 66 <br> 67 <br> 68 <br> 69 <br> 73 <br> 77 <br> 79 <br> 80 <br> 8 <br> 82 <br> 83 <br> 84 <br> 87 <br> 80 <br> Benennung <br> Désignation <br> Zylinderschraube <br> Vis à tête cylindrique <br> Gehäuse, zweiteilig <br> komplett mit pos. 52-55 <br> Boltier, deux pièces <br> compl. avec rep. 52-55 <br> Gehäuseunterteil <br> Partie inferieure du boitier <br> Gehuseoberteil <br> Partie supérieure du boftier <br> Zylinderschraube <br> Vi"
test6_man_bw_spares_catalogue,Test/Test 6/Extracted pages from MAN B&W SPARES PARTS CATALOGUE.pdf,16,index_page,medium,image heuristic fallback,index_page,0.58,Pos. <br> 1 <br> 2 <br> A <br> B <br> 15 <br> 21** <br> 22 <br> 23 <br> 24 <br> 25 <br> D36 5626 <br> Benennung <br> Désignation <br> Dämpferträger <br> Entraîneur <br> Dämpfermasse <br> Moyeu <br> Amortisseur de vibrations de masse <br> Nabe <br> Hülsenfeder <br> Ressortàdouilles <br> Hülsenfederbolzen <br> Disque latéral <br> Boulon pour ressort cylindrique <br> Seitenscheibe <br> Paßschraube <br> SCHWINGUNGSDMPFER <br> VIBRATION DAMPER <br> AMORTISSEUR DE VIBRATIONS <br> AMORTIGUADOR DE VIBRA
test6_man_bw_spares_catalogue,Test/Test 6/Extracted pages from MAN B&W SPARES PARTS CATALOGUE.pdf,18,index_page,medium,image heuristic fallback,index_page,0.58,"88 <br> MAN <br> Pos. <br> K <br> 2 <br> 11 <br> 15 <br> A <br> B <br> E* <br> H* <br> K <br> Benennung <br> Désignation <br> Pleuellager komplett mit Pos. <br> 1, 15, A, B <br> Palier de bielles, compl. avec rep. <br> 1, 15, A, B <br> Pleuellagerkörper <br> Pleuellager komplett mit Pos. 2-4,11 <br> Corps du palier de tête de bielle <br> Pleuellagerdeckel <br> Palier de bielles, compl. avec rep. <br> 2-4, 11 <br> Vis de bielle <br> Fixierstift <br> Chapeau du palier de tte de bielle <br> Plevels"
test6_man_bw_spares_catalogue,Test/Test 6/Extracted pages from MAN B&W SPARES PARTS CATALOGUE.pdf,21,index_page,medium,image heuristic fallback,index_page,0.58,"MAN <br> Pos. <br> K <br> L <br> B&W <br> 2 <br> 3 <br> 68*01 <br> 5 <br> 6 <br> 8 <br> 1 <br> 12 <br> 13 <br> Benennung <br> Désignation <br> 14 <br> 15 <br> Kolben mit Kolbenringe, komplett <br> 20 <br> 21 <br> de piston avec rep. 2-8, 11 <br> Piston avec segments de piston, compl. <br> Kolben ohne Kolbenringe mit Pos. 2-21 <br> Piston sans segments de piston <br> avec rep. 2-21 <br> Kolbenunterteil <br> Partie inferieure du piston <br> Kolbenoberteil <br> Partie supérieure du piston <br> Druc"
test6_man_bw_spares_catalogue,Test/Test 6/Extracted pages from MAN B&W SPARES PARTS CATALOGUE.pdf,23,index_page,medium,image heuristic fallback,index_page,0.58,"POs. <br> 18 <br> 22 <br> 29* <br> 30* <br> D36 5626 <br> AN <br> Benennung <br> Désignation <br> Zylinderbuchse <br> Chemise de cylindre <br> Runddichtring <br> ZYLINDERBUCHSE <br> CYLINDER LINER <br> CHEMISE DE CYLINDRE <br> CAMISA DE CILINDRO <br> Joint torique <br> Runddichtring <br> Jointtorique <br> Runddichtring <br> Joint torique <br> Dichtring <br> Anneau-joint <br> Spannstück <br> Pièce de serrage <br> Zylinderschraube <br> Vis àtête cylindrique <br> Dichtring, Höhe 13 mm <br> Anneau-j"
test6_man_bw_spares_catalogue,Test/Test 6/Extracted pages from MAN B&W SPARES PARTS CATALOGUE.pdf,25,index_page,medium,image heuristic fallback,index_page,0.58,€8*ll <br> MAN <br> Pos. <br> 11 <br> 17 <br> 18 <br> 19 <br> /22 <br> 23 <br> 24 <br> 25 <br> 28 <br> 29 <br> V31 <br> V32 <br> Benennung <br> Désignation <br> Übertrittsgehäuse <br> Boîtier de passage <br> Drehschieber für Ausführung A <br> Tiroir rot atif pour version A <br> Drehschieber für Ausführung B <br> Iiroir rotatif pour version B <br> 0-Ring <br> -D36 5626 <br> Joint torique <br> Federblech <br> Ressort <br> Scheibe <br> Rondelle <br> Sechskantschraube <br> Boulon à six pans <br> Dic
test6_man_bw_spares_catalogue,Test/Test 6/Extracted pages from MAN B&W SPARES PARTS CATALOGUE.pdf,27,index_page,medium,image heuristic fallback,index_page,0.58,"MAN <br> Pos. <br> 68° 1 <br> K <br> 3 <br> 5 <br> 6 <br> 11 <br> 12 <br> 16 <br> 18 <br> 21 <br> 23 <br> 2L <br> 25 <br> 26 <br> 27 <br> 28 <br> 30 <br> 31 <br> 32 <br> 34 <br> Benennung <br> Désignation <br> lylinderkopf, komplett <br> Culasse, compl. <br> lylinderkopf mit Pos. 2, 24-38 <br> Culasse avec rep. 2, 24-38 <br> Lylinderkopf mit Pos. 3-23,47-49 <br> Culasse avec rep. 3-23, 47-49 <br> Zylinderkopf <br> Culasse <br> Verschlußschraube <br> Bouchon fileté <br> Dichtring <br> Anneau-join"
test6_man_bw_spares_catalogue,Test/Test 6/Extracted pages from MAN B&W SPARES PARTS CATALOGUE.pdf,28,index_page,medium,image heuristic fallback,index_page,0.58,Pos <br> 35 <br> 3 <br> Benennung <br> Désignation: <br> Sechskantschraube <br> Boulon å six pans <br> Runddichtring <br> Joint torique <br> Zylinderstift <br> Cheville cylindrique <br> Wasserleitmantel <br> Enveloppe d'eau <br> Runddichtring <br> Joint torique <br> Runddichtring <br> Joint torique <br> Sechskantschraube <br> Boulon six pans <br> Sicherungsblech <br> Tle d'errt <br> Einlabventilführung <br> Guide de soupape de admission <br> Runddichtring <br> Joint-torique <br> Runddichtring <b
test6_man_bw_spares_catalogue,Test/Test 6/Extracted pages from MAN B&W SPARES PARTS CATALOGUE.pdf,30,index_page,medium,image heuristic fallback,index_page,0.58,"MAN <br> Pos. <br> 98 <br> K <br> 16 <br> 22 <br> 23 <br> 24 <br> 25 <br> 28 <br> 29 <br> 31 <br> Benennung <br> Désignation <br> Anschlu8stück <br> Si cherheits- und Indizierventil <br> komplett <br> Piece de raccord <br> Soupape de securité et soupape de <br> prise de diagrammes, compl. <br> Dichtung <br> Joint <br> lylinderschraube <br> Vis àtte cylindrique <br> Einschraubstutzen <br> Tubulure filetee <br> Halter <br> Support <br> Ihdizierrohr mit Isolierung <br> luyau de prise de diagrammes "
test6_man_bw_spares_catalogue,Test/Test 6/Extracted pages from MAN B&W SPARES PARTS CATALOGUE.pdf,32,index_page,medium,image heuristic fallback,index_page,0.58,Pos. <br> 5 <br> 13 <br> 17 <br> 18 <br> MAN <br> Benennung <br> Désignation <br> lylinderkopfhaube <br> Couvre-culasse <br> Dchtring <br> Anneau-ijoint <br> Handgriff <br> Poignée <br> Sprengring <br> Baque de serrage <br> Stiftschraube <br> Goujon <br> Haltebügel <br> Etrier de retenue <br> Platte <br> Plaque <br> Halter <br> Support <br> Sechskantschraube <br> Boulon à six pans <br> Haltebügel <br> Etrier de retenue <br> Scheibe <br> Rondelle <br> Splint <br> Goupille fendue <br> ND36 5626 <b
test6_man_bw_spares_catalogue,Test/Test 6/Extracted pages from MAN B&W SPARES PARTS CATALOGUE.pdf,35,index_page,medium,image heuristic fallback,index_page,0.58,MA•N <br> Pos. <br> S8*9 <br> 2 <br> 3 <br> 5 <br> 6 <br> 7 <br> 12 <br> 13 <br> 15 <br> 16 <br> 17 <br> 19 <br> 20 <br> 21 <br> 22 <br> 28 <br> 30 <br> 34 <br> 35 <br> 38 <br> Benennung <br> Désignation <br> Kurbelraundeckel bestehend aus Pos. 3-7 <br> ouvercle du carter de 1'attelage mobile <br> Comprenant pos. 3-7 <br> Kurbelraun deckel <br> Boulon à six pans <br> Scheibe <br> Disque <br> Sechskantmutter <br> ouvercle du carter de 1'attelage mobile Tapa del carter <br> Sechskantschraube <br> 
test6_man_bw_spares_catalogue,Test/Test 6/Extracted pages from MAN B&W SPARES PARTS CATALOGUE.pdf,37,index_page,medium,image heuristic fallback,index_page,0.58,"11.88 <br> MAN <br> Pos <br> 10 <br> Benennung <br> Désignation <br> Siège de soupape <br> Entlastungsventil, komp ett <br> Soupape de decharge, conpl. <br> Wentilsitz <br> Ventilplatten <br> Placue de soupape <br> Oistenzrohr <br> Tuyau d'écertenent <br> Senkkopfschraube <br> Vis novee <br> ùr uCk feder <br> Ressort de pression <br> Runddichtring <br> Joint taricue <br> federring <br> nneau-ressort <br> Sechsksntmutter <br> Ecrou six pans <br> Sicherungsring <br> Anneau de blocage <br> Distanzr"
test6_man_bw_spares_catalogue,Test/Test 6/Extracted pages from MAN B&W SPARES PARTS CATALOGUE.pdf,38,index_page,medium,image heuristic fallback,index_page,0.58,8 <br> MA•N <br> Pos <br> 42 <br> 51 <br> D36 5624 <br> Berenung <br> Désgnetion <br> Palatte kgmpiet <br> iersorelug <br> Resêtemert <br> iersotelung <br> Revêtenert <br> iersotalug <br> Revetemert <br> inoversctelung <br> Revêtemert <br> ictring <br> Arneejsit <br> Dicotring <br> Areee-ioint <br> Dichtring <br> Anree-iirt <br> ouvErcie pour notEur . 7. <br> cylingres <br> Couvercie pour moteur yiircres <br> cylincres <br> SechskartschresE <br> Secnskertmutter <br> Sechskertschreue <br> Bouior 
test6_man_bw_spares_catalogue,Test/Test 6/Extracted pages from MAN B&W SPARES PARTS CATALOGUE.pdf,40,index_page,medium,image heuristic fallback,index_page,0.58,4.85 <br> MAN <br> Pos. <br> B <br> 10 <br> D <br> G <br> H <br> 30 <br> 31 <br> 2 <br> 34 <br> 6 <br> A <br> JD36 5624 <br> Benennung <br> Dèsignation <br> Achse komplett mit Pos. 2+4 <br> Axe compl. avec rep. 2+4 <br> Achse <br> Axe <br> Verschlußschraube <br> Bouchon fileté <br> Achse <br> Axe <br> Schraube <br> Vis <br> Scheibe <br> Disque <br> Zahnrad <br> Roue dentée <br> Doppelzahnrad komplett mit Pos. B-F <br> Roue dentée cylindrique comp1. avec <br> rep. B-f <br> Stirnrad <br> Roue dent
test6_man_bw_spares_catalogue,Test/Test 6/Extracted pages from MAN B&W SPARES PARTS CATALOGUE.pdf,43,index_page,medium,image heuristic fallback,index_page,0.58,"88'8 <br> MAN <br> Pos. <br> 2 <br> 8 <br> 12 <br> 13 <br> 16 <br> 17 <br> 18 <br> 501* <br> 503* <br> 505 <br> 512 <br> 520 <br> 521 <br> 523 <br> 526 <br> Benennung <br> Dsignation <br> Nockenwelle für rechtslaufenden <br> Notor, komplett <br> nD36 5624 <br> Arbre à cames, pour moteur tournant <br> àdroite, compl. <br> Nockenwelle für linksl aufenden <br> Motor, komplett <br> welle für 6 Zyl.-Motor <br> Arbre a cames pour moteur tournant <br> gauche, compl. <br> Arbre pour moteur à 6 cylindres"
test6_man_bw_spares_catalogue,Test/Test 6/Extracted pages from MAN B&W SPARES PARTS CATALOGUE.pdf,47,index_page,medium,image heuristic fallback,index_page,0.58,"MA•N <br> Pos. <br> K <br> 5 <br> 6 <br> 8 <br> 9 <br> 11 <br> 1 <br> 19 <br> 20 <br> 24 <br> 22 <br> 2 <br> 26 <br> 27 <br> 28 <br> 29 <br> 33 <br> 34 <br> 35 <br> Benennung <br> Désignation <br> Kipphebel, komplett <br> Culbuteur <br> Kipphebel gehäuse <br> Boftier du culbuteur <br> Dichtung <br> Joint <br> Zylinderschraube <br> Vis à tête cylindrique <br> Verschlu&schraube <br> Bouchon fileté <br> Dichtring <br> Anneau-joint <br> Kugelkappe <br> Coussinet de rotule <br> Sprengring <br> Baque "
test6_man_bw_spares_catalogue,Test/Test 6/Extracted pages from MAN B&W SPARES PARTS CATALOGUE.pdf,50,index_page,medium,image heuristic fallback,index_page,0.58,"(AN <br> Pos <br> 1 <br> 2 <br> 3 <br> 4 <br> 5 <br> 8 <br> 9 <br> 11 <br> 12 <br> 13 <br> 14 <br> 15 <br> 16 <br> 18 <br> 22 <br> 27 <br> 28 <br> 34 <br> Benennung <br> Désignation <br> Stößelführung <br> Guide de poussoir <br> Rollenstößel, komplett mit Pos. 3-9 <br> Poussoir àgalet, compl. avec rep. 3-9 <br> Stößel <br> Poussoir <br> Druckstück <br> Pièce de pression <br> Rolle <br> Galet <br> Achse <br> Axe <br> Buchse <br> Douille <br> Druckscheibe <br> Rondelle de pression <br> Sicherungsr"
test6_man_bw_spares_catalogue,Test/Test 6/Extracted pages from MAN B&W SPARES PARTS CATALOGUE.pdf,52,index_page,medium,image heuristic fallback,index_page,0.58,"Pos <br> K <br> 3 <br> 4 <br> 5 <br> 10 <br> D36 5626 <br> Benennung <br> Désignation <br> Einlaßventil, komplett <br> Soupape d'admission, compl. <br> Ventilkegel <br> Cône de soupape <br> Druckfeder <br> Ressort de pression <br> Druckfeder <br> Ressort de pression <br> Federteller <br> Cuvette de ressort <br> EINLASSVENTIL <br> INLET VALVE <br> SOUPAPE D'ADMISSION <br> VALVULA DE ADMISION <br> 113.01/1 <br> Ventilkegelstück <br> Bague conique <br> Ventildrehvorrichtung, komplett <br> Dispositi"
test6_man_bw_spares_catalogue,Test/Test 6/Extracted pages from MAN B&W SPARES PARTS CATALOGUE.pdf,54,index_page,medium,image heuristic fallback,index_page,0.58,"7.85 <br> MAN <br> Pos. <br> K <br> 7 <br> 8 <br> 9 <br> 11 <br> Benennung <br> Désignation <br> Auslaßventil, komplett <br> Soupape d'echappement, complete <br> Ventilkegel mit flbgel buchse <br> Cöne de soupape avec doulled aflettes <br> Druckfeder <br> Ressort de pression <br> Dr uckfeder <br> Ressort de pression <br> Federteller <br> Plaque de ressort <br> -Ring <br> Joint torique <br> Ventilkege lstück <br> Clavette demi-lune <br> Axiallager <br> Palier axial <br> Ventilkorb, komplett mit P"
test6_man_bw_spares_catalogue,Test/Test 6/Extracted pages from MAN B&W SPARES PARTS CATALOGUE.pdf,56,index_page,medium,image heuristic fallback,index_page,0.58,Pos. <br> 1 <br> 3 <br> 4 <br> 6 <br> 7 <br> 10 <br> 11 <br> 12 <br> 13 <br> D36 5626 <br> Benennung <br> Désignation <br> Hebel <br> Levier <br> Drehwinkel-MeBumformer <br> rotatif <br> TRANSMITTER FOR REMOTE FUEL PUMP SETTING <br> TRANSMETEURADISTANCE DE DEBIT <br> TELETRANSMISOR DE ADMISION <br> Convertisseur-transmetteur de l'angle <br> Sechskantschraube <br> Boulonàsixpans <br> Sechskantmutter <br> Ecrou à six pans <br> Federring <br> Anneau-ressort <br> Stangenkopf-Gelenklager <br> Palier 
test6_man_bw_spares_catalogue,Test/Test 6/Extracted pages from MAN B&W SPARES PARTS CATALOGUE.pdf,58,index_page,medium,image heuristic fallback,index_page,0.58,Pos. <br> 1 <br> 6 <br> 17 <br> 18 <br> 19 <br> 22 <br> 23 <br> 24 <br> 26 <br> 28 <br> 30 <br> 32 <br> 33 <br> 34 <br> 38 <br> 40 <br> 42 <br> 43 <br> 44 <br> 45 <br> 48 <br> 49 <br> 50 <br> 405 <br> 406 <br> D36 5624 <br> Benennung <br> Désignation <br> Konsole <br> Console <br> Levier <br> Bedienungseinrichtung <br> Installation de manoeuve <br> Kopfschraube <br> Boulonàtête <br> Zylinderschraube <br> Vis àtêtecylindrique <br> Sechskantschraube <br> Boulon à six pans <br> Sicherungsscheibe <b
test6_man_bw_spares_catalogue,Test/Test 6/Extracted pages from MAN B&W SPARES PARTS CATALOGUE.pdf,62,index_page,medium,image heuristic fallback,index_page,0.58,Pos. <br> 1 <br> 6 <br> 17 <br> 18 <br> 19 <br> 22 <br> 23 <br> 24 <br> 26 <br> 28 <br> 30 <br> 31 <br> 32 <br> 33 <br> 36 <br> 37 <br> 38 <br> D36 5624 <br> Benennung <br> Désignation <br> Console <br> Bedienungseinrichtung <br> Installation de manoeuve <br> Konsole <br> Levier <br> Kopfschraube <br> Boulon à tête <br> Zylinderschraube <br> Vis àtête cylindrique <br> Sechskantschraube <br> Boulon à six pans <br> Sicherungsscheibe <br> Disque de sécurité <br> Hebel <br> Hebel <br> Levier <br> Si
test6_man_bw_spares_catalogue,Test/Test 6/Extracted pages from MAN B&W SPARES PARTS CATALOGUE.pdf,83,index_page,medium,image heuristic fallback,index_page,0.58,"12.88 <br> MAN <br> Bild <br> fiqure <br> fiqure figura <br> p36 5602 <br> 720 <br> 721 <br> 744 <br> 752 <br> TEILE ZUR BEDIENUNGSEINRICHTUNG <br> PARTS OF MANOEUVRING EQUIPMENT M.A,N, -DIESEL125.98 <br> PIECES D INSTALLATION DE MANOEUVRE <br> PARTES DEL DISPOSITIVO DE MANIOBRA <br> 125.98/9 <br> Benennung <br> Désignation <br> Endschalter <br> Interrupteur fin de course <br> Druckschalter <br> Interrupteur à pression <br> Druckschalter <br> Interrupteur à pression <br> Pressostat-Druckschalter"
test6_man_bw_spares_catalogue,Test/Test 6/Extracted pages from MAN B&W SPARES PARTS CATALOGUE.pdf,85,index_page,medium,image heuristic fallback,index_page,0.58,"MAN <br> Pos. <br> 10 <br> 11 <br> 15 <br> 16 <br> 17 <br> 20 <br> 21 <br> 22 <br> 23 <br> 26 <br> 28 <br> 29 <br> 30 <br> 32 <br> 34 <br> 38 <br> 40 <br> 43 <br> 44 <br> 45 <br> 49 * <br> 51 <br> 53 <br> 55 <br> D36 5624 <br> Benennung <br> Désignation <br> Spritzdüse <br> Gicleur <br> Reglerantriebsgehduse mit Pos. 4 <br> Boitier du commande de réqulateur <br> avec rep. 4 <br> Gewindestift <br> Goupille filetée <br> Flanschlager komplett, mit Pos. 9-11 <br> Flasque-bride compl. avec pos. 9-11 "
test6_man_bw_spares_catalogue,Test/Test 6/Extracted pages from MAN B&W SPARES PARTS CATALOGUE.pdf,86,index_page,medium,image heuristic fallback,index_page,0.58,Pos <br> 6 <br> 57 <br> 79 <br> 80 <br> 83 <br> 84 <br> 85 <br> C6 <br> Benennung <br> Désignation <br> Stirnrad <br> Roue dentée droite <br> Sechskant sch raube <br> Boulon a six pans <br> Sechskan tmutter <br> Ecrou à six pans <br> Anlaufscheibe <br> Disque d'écartement <br> Sechskantschraube <br> Boulon à six pans <br> Axiallager <br> Palier axial <br> Stiftschraube <br> Goujon <br> Verschlußschraube <br> Bouchon filete <br> Dichtring <br> Anneau-joint <br> Verschlußsch raube <br> Bouchon fil
test6_man_bw_spares_catalogue,Test/Test 6/Extracted pages from MAN B&W SPARES PARTS CATALOGUE.pdf,88,index_page,medium,image heuristic fallback,index_page,0.58,£8*1L <br> MA•N <br> Pos. <br> 3 <br> 6 <br> 15 <br> 17 <br> 18 <br> 20 <br> 23 <br> 24 <br> 25 <br> 26 <br> Benennung <br> Dsignation <br> D36 5624 <br> Woodward-Regler PG A 58 <br> Régulateur Woodward PG A 58 <br> Woodward- Booster-Servomotor <br> Servo-moteur Woodward-Booster <br> Sechskantschraube <br> Boulon à six pans <br> Sechskantschraube <br> Boulon a six pans <br> Federring <br> Anneau-ressort <br> Hebel <br> Levier <br> Sechskantschraube <br> Boulon a six pans <br> Hebel <br> Levier <
test6_man_bw_spares_catalogue,Test/Test 6/Extracted pages from MAN B&W SPARES PARTS CATALOGUE.pdf,90,index_page,medium,image heuristic fallback,index_page,0.58,MAN <br> Pos. <br> 98'6 <br> 3 <br> 5 <br> 10 <br> 12 <br> 13 <br> 15 <br> 16 <br> 19 <br> 21 <br> 23 <br> 24 <br> 25 <br> 26 <br> 27 <br> 28 <br> 29 <br> 30 <br> 32 <br> 33 <br> 34 <br> 35 <br> 36 <br> Benennung <br> Désignation <br> welle <br> Arbre <br> Sechskantschraube <br> Boulon a six pans <br> Zylinderstift <br> Cheville cylindrique <br> Welle <br> Arbre <br> Aufnahmestück <br> Boîtier <br> Zylinderschraube <br> Vis àtête cylindrique <br> Zylinderstift <br> Cheville cylindrique <br> Span
test6_man_bw_spares_catalogue,Test/Test 6/Extracted pages from MAN B&W SPARES PARTS CATALOGUE.pdf,91,index_page,medium,image heuristic fallback,index_page,0.58,"45 <br> 46 <br> 48 <br> 52 <br> 53 <br> 55 <br> 67 <br> 40 <br> 63 <br> 38 <br> 39 <br> 502 <br> 503 <br> 504 <br> Pos. <br> Benennung <br> Désignation <br> Sechskantschraube <br> Boulon à six pans <br> Sechskantschraube <br> Boulon àsix pans <br> Nocken für 7-9, 14-18 Zyl.-Motor <br> Came pour moteur à 7-9, 14-18 cylindres <br> Wellendichtring <br> Garniture d'arbre <br> Nocken fur 6+42 Zyl-Motor <br> Came, pour moteur à 6+12 cylindres <br> Spannhulse <br> Douille de serrage <br> Scheibe <br> D"
test6_man_bw_spares_catalogue,Test/Test 6/Extracted pages from MAN B&W SPARES PARTS CATALOGUE.pdf,93,index_page,medium,image heuristic fallback,index_page,0.58,"M•AN <br> Pos. <br> 1 <br> 2 <br> 3 <br> 5 <br> 6 <br> 501 <br> 502 <br> 503 <br> 504 <br> 505 <br> 506 <br> 507 <br> 508 <br> Benennung <br> Dsignation <br> Anlaßventil, komplett mit Pos. <br> 501-508 <br> Soupape de lancement, complete avec <br> pos. 501-508 <br> 0-Ring <br> Joint torique <br> Dichtring <br> Anneau-joint <br> Obturateur 12-18 cylindres, sans <br> renversement <br> Druckflansch <br> Blindeinsatz, 12-18 Zyl., ohne Umst. <br> Bride de pression <br> Sechskantschraube <br> Boulon à"
test6_man_bw_spares_catalogue,Test/Test 6/Extracted pages from MAN B&W SPARES PARTS CATALOGUE.pdf,95,index_page,medium,image heuristic fallback,index_page,0.58,"11.88 <br> MAN <br> Pos. <br> 1 <br> 5 <br> 5 <br> 7 <br> 8 <br> 10 <br> 11 <br> 15 <br> 6 <br> 17 <br> 18 <br> 19 <br> 20 <br> D36 5626 <br> Benennung <br> Désignation <br> Hauptanlaßventil, komplett <br> Gehäuse <br> Boitier <br> Ventilsitz <br> Siège de soupape <br> Ventilkolben <br> Soupape de lancement principale, compl. <br> Piston de soupape <br> Sicherheitsventil <br> Soupape de sécurité <br> Dichtring <br> Anneau-joint <br> Sechskantschraube <br> Boulon a six pans <br> Druckfeder <br> R"
test6_man_bw_spares_catalogue,Test/Test 6/Extracted pages from MAN B&W SPARES PARTS CATALOGUE.pdf,98,index_page,medium,image heuristic fallback,index_page,0.58,"Pos. <br> K <br> 1 <br> 3 <br> 5 <br> 6 <br> 7 <br> 12 <br> 13 <br> 17 <br> 18 <br> 19 <br> 23 <br> 24 <br> 25 <br> 26 <br> 27 <br> 28 <br> 29 <br> 30 <br> 31 <br> 32 <br> 34 <br> 35 <br> 36 <br> 37 <br> AN <br> Benennung <br> Désignation <br> Kraftstoffeinspritzpumpe,komplett <br> Pompe d'injection de combustible, <br> compl. <br> Ventilträger, komplett mit Pos. 3-7 <br> Porte-soupape, compl. avec rep. 3-7 <br> Ventilkegel <br> Cône de soupape <br> VerschluBschraube <br> Bouchon fileté <br> Spa"
test6_man_bw_spares_catalogue,Test/Test 6/Extracted pages from MAN B&W SPARES PARTS CATALOGUE.pdf,99,index_page,medium,image heuristic fallback,index_page,0.58,Pos. <br> 541 <br> 39 <br> 40 <br> 42 <br> 43 <br> 44 <br> 46 <br> 45 <br> 48 <br> 47 <br> 51 <br> 52 <br> 53 <br> 54 <br> 59 <br> 60 <br> 62 <br> 63 <br> 64 <br> D <br> 65 <br> 80 <br> 66 <br> 67 <br> A <br> B <br> C <br> Benennung <br> Désignation <br> Sechskantschraube <br> Boulon à six pans <br> Runddichtring <br> Joint-torique <br> Runddichtring <br> Joint-torique <br> Regelhülse <br> Douille de réglage <br> Federteller <br> Cuvette de ressort <br> Runddichtring <br> Joint-torique <br> Fede
test6_man_bw_spares_catalogue,Test/Test 6/Extracted pages from MAN B&W SPARES PARTS CATALOGUE.pdf,100,index_page,medium,image heuristic fallback,index_page,0.58,"6/1 <br> MA+N <br> Pos. <br> 1 <br> 2 <br> 3 <br> 5 <br> 6 <br> 8 <br> 10 <br> 13 <br> 15 <br> 16 <br> 17 <br> 18 <br> 20 <br> 21 <br> 22 <br> 23 <br> 24 <br> 25 <br> 26 <br> 27 <br> 28 <br> Benennung <br> Désignation <br> LD36 5624 <br> Rechte Federhülse <br> Elastisches Glied komplett mit Pos. <br> 2-5, 8-10, 13-18 <br> Elénent élastique compl. avec pos. <br> 2-5, 8-10, 13-18 <br> Linke Fede rhulse <br> Ressort buselure à droit <br> Flanschlager <br> Flasque-bride <br> Ressort buselure gauche "
test6_man_bw_spares_catalogue,Test/Test 6/Extracted pages from MAN B&W SPARES PARTS CATALOGUE.pdf,101,index_page,medium,image heuristic fallback,index_page,0.58,Pos. <br> 29 <br> 6 <br> 1 <br> 43 <br> 6 <br> 50 <br> 51 <br> 52 <br> 53 <br> 5 <br> 56 <br> Benennung <br> Désignation <br> Druckfeder <br> Ressort de pression <br> Kolbenring <br> Segment de piston <br> Einfachwirkender lylinder <br> Cylindre àsimple effet <br> FuBbefestigung <br> Equerre de fixation <br> Hutmutter <br> Ecrou à chapeau <br> Sechskantmutter <br> Ecrou à six pans <br> Halterung <br> Support <br> Platte <br> Plaque <br> Bock <br> Support <br> Sechskantschr aube <br> Boulon a six
test6_man_bw_spares_catalogue,Test/Test 6/Extracted pages from MAN B&W SPARES PARTS CATALOGUE.pdf,102,index_page,medium,image heuristic fallback,index_page,0.58,"JANBAU ELASTISCHES GLIED, FULLUNGSBE GRENZER, ABSTELL <br> ZYLINDER <br> MAN MDUNTING THE ELASTIC LINK, LIMI TATION OF ADMISSION, <br> Sp36 5624 <br> |SHUT-DOWN CYLINDER <br> MONTAGE D'ELÉNENT ELASTIQUE, LIMTE DE L'ADMI SSION <br> DE CONBUSTIBLE, CYLINDRE D'ARRET <br> MONTAJE DE ARTICULACIÓN ELASTICA LIM TACION DE <br> ADMISIN DE COMBUSTIBLE, CILINDRO DE PARADA <br> 203.04/2 <br> 26,28 <br> L 40/45 <br> B11.20300-1444 <br> 42 <br> 41 <br> 10 1S <br> 36 40 835 <br> 52,53 <br> 45 <br> 203.04 <br> "
test6_man_bw_spares_catalogue,Test/Test 6/Extracted pages from MAN B&W SPARES PARTS CATALOGUE.pdf,103,index_page,medium,image heuristic fallback,index_page,0.58,"Pos. <br> 1 <br> 2 <br> 3 <br> 5 <br> 7 <br> 8 <br> 10 <br> 11 <br> 12 <br> 13 <br> 14 <br> 15 <br> 17 <br> 19 <br> 20 <br> 23 <br> 25 <br> 26 <br> 29 <br> 31 <br> 32 <br> 35 <br> 37 <br> D36 5624 <br> Benennung <br> Désignation <br> Hebel <br> Levier <br> Sechskantschraube <br> Boulon àsix pans <br> Sechskantmutter <br> Ecrou à six pans <br> Verbindungsstange, komplett mit Pos. <br> 505, 506, 511,518, 519 <br> Hebel <br> 505, 506, 511, 518, 519 <br> Levier <br> Spannstift <br> Paßschraube <br> "
test6_man_bw_spares_catalogue,Test/Test 6/Extracted pages from MAN B&W SPARES PARTS CATALOGUE.pdf,104,index_page,medium,image heuristic fallback,index_page,0.58,POs <br> 38 <br> 4 <br> 42 <br> 43 <br> 44 <br> 45 <br> 46 <br> 47 <br> 50 <br> 51 <br> 54 <br> 55 <br> 56 <br> 60 <br> 61 <br> 62 <br> 65 <br> 66 <br> 67 <br> 68 <br> 70 <br> 71 <br> 72 <br> 505 <br> 506 <br> 511 <br> 518 <br> Benennung <br> Désignation <br> Schmiernippel <br> Graisseur <br> Welle <br> Arbre <br> Welle für 6 Zyl.-Motor <br> Arbre pour moteur à 6cylindres <br> Welle für 7 Zyl.-Motor <br> Arbre pour moteurà 7cylindres <br> Welle für 8 Zyl.-Motor <br> Arbre pour moteur à 8 cylindr
test6_man_bw_spares_catalogue,Test/Test 6/Extracted pages from MAN B&W SPARES PARTS CATALOGUE.pdf,105,index_page,medium,image heuristic fallback,index_page,0.58,Pos <br> 519 <br> 603 <br> 604 <br> 605 <br> 606 <br> 607 <br> 608 <br> 609 <br> 610 <br> 611 <br> 612 <br> 613 <br> D36 5624 <br> Benennung <br> Désignation <br> Regelhebel <br> Sechskantmutter zu Pos. 518 <br> Ecrou à six pans pour rep. 518 <br> Verbindungslasche <br> Couvre-joint <br> Levier de réglage <br> Zugfeder <br> Spannhülse <br> Ressort de traction <br> Douille de serrage <br> Kegelstift <br> Klemmstück <br> Goupille conique <br> REGELGESTANGE FÜR EINSPRITZPUMPEN <br> GOVERNOR LINKAGE
test6_man_bw_spares_catalogue,Test/Test 6/Extracted pages from MAN B&W SPARES PARTS CATALOGUE.pdf,106,index_page,medium,image heuristic fallback,index_page,0.58,"3W <br> C 23 -26 41 17 <br> AN <br> 55, 56 <br> 29-32 <br> D36 5624 <br> REGELGESTNGE FOR EINSPRITZPUMPEN <br> GOVERNOR LINKAGE FOR INJECTION PUMS <br> TIMONERIE DE REGULATIONDE POMPES <br> D'INJECTION <br> VARILLAJE DE REGULACION DE BOMBAS DE <br> INYECCION <br> 203.11/3 <br> 42-45 <br> 54 <br> 35-38 <br> ,X"" <br> 10 8 <br> C <br> -D 50 <br> G- H <br> L- M <br> 3.88 <br> „R"" 17, 19 <br> NT <br> 60 <br> A <br> - B <br> 604 <br> 32. <br> 610- 61o <br> B1120200-1749 <br> 62 20 61 <br> L 445 <br> 6"
test6_man_bw_spares_catalogue,Test/Test 6/Extracted pages from MAN B&W SPARES PARTS CATALOGUE.pdf,107,index_page,medium,image heuristic fallback,index_page,0.58,"MAN <br> Pos. <br> 11,85 <br> 10 <br> 12 <br> 13 <br> 14 <br> 15 <br> 16 <br> 17 <br> 18 <br> 20 <br> 2 <br> 22 <br> A <br> Benennung <br> Dsignation <br> Haltekörper <br> Porte-tuyère <br> Düsenspannmutter <br> Kraftstoff-Einspritzventil, komplett <br> Soupape <br> aiguille de combustible, compl. <br> Haltekörper, komplett mit Pos. <br> 3-16, 19 + 22 <br> Porte-tuyère, compl. avec rep. <br> 3-16, 19 + 22 <br> Federteller <br> Plaque de ressort <br> Ecrou de serrage d'injecteur <br> Druckfeder <"
test6_man_bw_spares_catalogue,Test/Test 6/Extracted pages from MAN B&W SPARES PARTS CATALOGUE.pdf,109,index_page,medium,image heuristic fallback,index_page,0.58,"MAN <br> Pos <br> 10 <br> £8 LL <br> 20 <br> 27 <br> 22 <br> 23 <br> Benennung <br> Dsignation <br> Krnmer <br> Coude <br> Spannschelle <br> Bande de serrage <br> Verschlußschraube <br> Bouchon fileté <br> Anschluêstutzen fur 6-0 Zyl. -Nbtor, <br> Abgesturbolader auf Kupplungsseite <br> Tubulure de ionction, pour noteur <br> à6- cilindres, turboconpresseur <br> 1'extremité notrice <br> Dichtung <br> Joint <br> Runddichtring <br> Joint torique <br> LADEL UF TKRÜMER ZUM ZYLINDERKOPF <br> |CHARGING"
test6_man_bw_spares_catalogue,Test/Test 6/Extracted pages from MAN B&W SPARES PARTS CATALOGUE.pdf,111,index_page,medium,image heuristic fallback,index_page,0.58,Pos <br> 31 <br> 32 <br> 33 <br> 34 <br> 35 <br> 28 <br> 36 <br> 20 <br> 38 <br> 11 <br> 22 <br> 42 <br> 51 <br> 99 <br> 100 <br> 106 <br> 19 <br> 50 <br> 52 <br> 74 <br> 95 <br> 62 <br> 84 <br> 3 <br> 1 <br> 6 <br> D36 5624 <br> Benennung <br> Désignation <br> Verschlußdeckel mit Pos. 3 <br> Section de conduite <br> Couvercle de fermeture avec rep. 3 <br> Stiftschraube <br> Goujon <br> Leitungsstück <br> Leitungsstück <br> Section de conduite <br> Dehnungsstck <br> Pièce de dilatation <br> Dich
test6_man_bw_spares_catalogue,Test/Test 6/Extracted pages from MAN B&W SPARES PARTS CATALOGUE.pdf,114,index_page,medium,image heuristic fallback,index_page,0.58,"Pos <br> 1 <br> A <br> 28 <br> 40 <br> 48 <br> 52 <br> 58 <br> 60 <br> 61 <br> 62 <br> 64 <br> 65 <br> 69 <br> 70 <br> 71 <br> 73 <br> 74 <br> 77 <br> 78 <br> 79 <br> 82 <br> 83 <br> 85 <br> 86 <br> D36 5624 <br> AN <br> Benennung <br> Désignation <br> tungsstück <br> e de conduite <br> Krümmer, Ausführung mit <br> Luftumblasung <br> Coude, version avec d'érivation <br> d'air <br> Krümmer, Ausführung ohne <br> Luftumblasung <br> Coude, version sans d'érivation <br> d'air <br> Tråger <br> Support"
test6_man_bw_spares_catalogue,Test/Test 6/Extracted pages from MAN B&W SPARES PARTS CATALOGUE.pdf,117,index_page,medium,image heuristic fallback,index_page,0.58,"M•AN <br> Pos <br> 2 <br> 5 <br> 6 <br> 13 <br> 21 <br> 2** <br> 42** <br> 90 <br> 97 <br> 100 <br> 104 <br> D36 6604 <br> Benenung <br> Désignation <br> Schmiertlpunpe, komplett <br> Pompe huile de graissage, compl. <br> Punpengeh Zuse <br> Boitier de pompe <br> Antriebsdeckel <br> Couvercle d'entreinement <br> Lager <br> Palier <br> Klpevertilattrope <br> Elénent de soupzpe è clapet <br> Druckbegrenzungsventil, komplett <br> nit Pos. 301-314 <br> Souppe de linitztion de pression, <br> compl. 2"
test6_man_bw_spares_catalogue,Test/Test 6/Extracted pages from MAN B&W SPARES PARTS CATALOGUE.pdf,118,index_page,medium,image heuristic fallback,index_page,0.58,Pos. <br> 108 <br> 110 <br> 301 <br> 302 <br> 303 <br> 304 <br> 305 <br> 306 <br> 307 <br> 308 <br> 309 <br> 311 <br> 312 <br> 313 <br> 314 <br> Benennung <br> Désignation <br> Kegelstift <br> Goupille conique <br> 0-Ring <br> Joint torique <br> Ventilgehäuse <br> Boitier de soupape <br> Ventilkolben <br> Piston de soupape <br> Federteller <br> Cuvette de ressort <br> Ventildeckel <br> Couvercle de soupape <br> Druckfeder <br> Ressort de pression <br> Ventilspindel <br> Tige de soupape <br> Sech
test6_man_bw_spares_catalogue,Test/Test 6/Extracted pages from MAN B&W SPARES PARTS CATALOGUE.pdf,119,index_page,medium,image heuristic fallback,index_page,0.58,"1,84 <br> MAN <br> 13,301 <br> M <br> 2 <br> 95 <br> 108 33 <br> 6 <br> clockwise rotating <br> girando a <br> la derecha <br> tournant <br> a droite <br> Rechtslauf <br> D36 6504 <br> 302 <br> 300.07/2 <br> -305 <br> 34 <br> 10 <br> SCHMTERUPUMPE <br> LUBE O1L ro nr coAISSAGt <br> PUPL A <br> BOMBA DE ACEITE DE ENGRASE <br> 5 <br> 307 <br> 308 <br> 306 <br> Linkslauf <br> 303 <br> counterclockwise rotating <br> girando a <br> la izquierda <br> tournant <br> a gauche <br> 11.000 03-3164/1 <br> 3"
test6_man_bw_spares_catalogue,Test/Test 6/Extracted pages from MAN B&W SPARES PARTS CATALOGUE.pdf,120,index_page,medium,image heuristic fallback,index_page,0.58,Pos. <br> 1 <br> 2 <br> 3 <br> 4 <br> 7 <br> 8 <br> 10 <br> 18 <br> 19 <br> 20 <br> 25 <br> 26 <br> 27 <br> 28 <br> 32 <br> 38 <br> AN <br> Benennung <br> Désignation <br> ÖLSCHMIERAPPARAT FÜR zYLINDERSCHMIERUNG <br> MIT ANBAUTEILEN <br> LUBRICATOR FOR CYLINDER LUBRICATION WITH <br> ATTACHMENTS <br> Olschmierapparat für 6 Zyl.-Motor <br> Lubrificateur pour moteur à 6 cylindres <br> Olschmierapparat für 7 Zyl.-Motor <br> Lubrificateur pour moteur à 7 cylindres <br> Olschmierapparat für 8 Zyl.-Mot
test6_man_bw_spares_catalogue,Test/Test 6/Extracted pages from MAN B&W SPARES PARTS CATALOGUE.pdf,124,index_page,medium,image heuristic fallback,index_page,0.58,M•AN <br> Pos. <br> 10 <br> 7.86 <br> 11 <br> 13 <br> 16 <br> Benennung <br> Désignation <br> ehäuse <br> Boftier <br> Ventilkl appe <br> Clapet óe soupape <br> 01dunsts ammelrohr <br> Dichtung <br> Joint <br> Conduite collectrice de vapeur d'huile <br> Verschluß Schraube <br> Bouchon fileté <br> Dichtring <br> Anneau-joint <br> Gerade Verschraubung <br> Raccord droit <br> Di chtring <br> Anne au-joint <br> Sechskantmutter <br> Ecrou a six pans <br> D36 5626 <br> KURBE LRAUME NT LUFTUNG <br> CRA
test6_man_bw_spares_catalogue,Test/Test 6/Extracted pages from MAN B&W SPARES PARTS CATALOGUE.pdf,126,index_page,medium,image heuristic fallback,index_page,0.58,MAN <br> Pos <br> BW <br> 3 <br> 35 <br> 39 <br> 40 <br> 41 <br> 45 <br> 47 <br> 48 <br> 49 <br> 50* <br> 51* <br> 55 <br> 56 <br> 58 <br> K <br> 64 <br> 65 <br> 67 <br> 68 <br> 69 <br> 70 <br> 71 <br> Benennung <br> Désignation <br> Goujon M8x16 <br> Ladeluftkühlergehuse <br> Boite de réfrigerant àair de <br> suralimentation <br> Hülse <br> Stiftschraube M8x16 <br> Douille <br> 72** <br> 74** <br> Sicherungsmutter <br> Ecrou de blocage <br> Sechskantschraube <br> LADELUFTKÜHLER MIT ANBAUTEILEN 
test6_man_bw_spares_catalogue,Test/Test 6/Extracted pages from MAN B&W SPARES PARTS CATALOGUE.pdf,127,index_page,medium,image heuristic fallback,index_page,0.58,POS. <br> 78 <br> 80 <br> 83 <br> 85 <br> 86 <br> 87 <br> 90 <br> 96 <br> 97 <br> 99 <br> Benennung <br> Désignation <br> Lufteintrittsgehäuse <br> Boitier d'air de suralimentation <br> Innendiffusor <br> Diffuseur intérieur <br> Sechskantschraube <br> Boulonàsixpans <br> Außendiffusor <br> Diffusseur exteríeur <br> Ring <br> Bague <br> Sechskantschraube <br> Boulonàsixpans <br> Leitungsstück <br> Section de conduite <br> Sechskantschraube <br> Boulonà six pans <br> Sechskantmutter <br> Ecrou à 
test6_man_bw_spares_catalogue,Test/Test 6/Extracted pages from MAN B&W SPARES PARTS CATALOGUE.pdf,128,index_page,medium,image heuristic fallback,index_page,0.58,"-D <br> MAN <br> BWN <br> E-F <br> D36 5624 <br> -83 <br> 39, 41 <br> E <br> LADELUFTKÜHLER MIT ANBAUTEILEN <br> CHARGING AIR COOLER WITH ATTACHMENTS <br> REFRIGERANT D'AIR DE SURALIMENTATION <br> AVEC PIECES DE MONTAGE <br> REFRIGERANDOR DEL AIRE DE SOBREALIMEN <br> TACION CON PIEZAS DE MONTAJE <br> 322.12/2 <br> \s0,51,72.2| <br> 2.88 <br> 70-7 <br> 39,40 <br> 5 <br> - <br> 87 <br> A <br> - B <br> L 40/45 <br> B11.32200-0685 <br> 90 <br> -7D <br> ..... <br> 322.12 <br> 2 <br> 55,56 <br> 35 <br"
test6_man_bw_spares_catalogue,Test/Test 6/Extracted pages from MAN B&W SPARES PARTS CATALOGUE.pdf,129,index_page,medium,image heuristic fallback,index_page,0.58,"L89 <br> M•AN <br> Pos. <br> . <br> K <br> L <br> 2 <br> 3 <br> 5 <br> 6 <br> 8 <br> 10 <br> 2 <br> M <br> 13 <br> 15 <br> P <br> 17 <br> 18 <br> 19 <br> 20 <br> 22 <br> 23 <br> 25 <br> Benennung <br> Désignation <br> D36 6603 <br> Frischwasserpumpe komplett <br> Pompe à eau douce, compl. <br> Welle <br> Arbre <br> Buchse <br> Douille <br> Linsenschraube <br> Vis àtète noye <br> Lager <br> Palier <br> Lagergehäuse <br> Boîtier de palier <br> Buchse <br> Douille <br> Lager <br> Palier <br> Wellen"
test6_man_bw_spares_catalogue,Test/Test 6/Extracted pages from MAN B&W SPARES PARTS CATALOGUE.pdf,135,index_page,medium,matrix/cross-reference keywords,index_page,0.58,Pos. <br> 35 <br> 36 <br> 37 <br> 38 <br> 3 <br> 42 <br> 43 <br> 45 <br> 56 <br> 46 <br> 47 <br> 48 <br> 50 <br> 55 <br> 57 <br> 52 <br> 53 <br> 54 <br> Benennung <br> Désignation <br> Soupape de dégagement d'air <br> Kugelhahn <br> Rückschlaqventil BD 40 <br> Soupape de retenue BD 40 <br> Rüchschlagventil ND 40 <br> Valvula de retención 8D 40 <br> Non-return valve ND 40 <br> Soupape de retenue ND 40 <br> Válvula de retención ND 40 <br> Rückschlagventil ND 40 <br> Non-return valve ND 40 <br> Sou
test6_man_bw_spares_catalogue,Test/Test 6/Extracted pages from MAN B&W SPARES PARTS CATALOGUE.pdf,136,index_page,medium,matrix/cross-reference keywords,drawing_material_list,0.56,"11.82 <br> MAN <br> D36 5602 <br> RI/2""-R|"" <br> RI/2"" <br> 4 <br> ROHRLEITUNGSZUBEHÖR <br> PIPING ACCESSORIES <br> ACCESSOIRES POUR LES CONDUITES <br> ACCESORIOS PARA LAS TUBERIAS <br> 430.01/4 <br> R3/8"" <br> RI/2"" <br> 60 <br> NW 35 <br> 7 <br> M.A.N, -DIESEL430.01 <br> R3/8""/R1/2"" <br> NW 50 <br> NW 65 <br> siehe Rückseite <br> p.t.0. <br> t.s.v.p, <br> sique al dorso <br> "
test6_man_bw_spares_catalogue,Test/Test 6/Extracted pages from MAN B&W SPARES PARTS CATALOGUE.pdf,141,index_page,medium,image heuristic fallback,index_page,0.58,11.82 <br> MAN <br> Pos <br> Benennung <br> Désignation <br> Ventilgeuse <br> ientildeckel <br> ouvercle de soupzpe <br> Ventilsoindel <br> Tice de souppe <br> Ventilmutter <br> Ecrou <br> Kalben <br> Piston <br> Hutrutter <br> Ecrou chapeu <br> Scheibe <br> Rondelle <br> Sicherungsring <br> Annezu de blocage <br> Gevindestift <br> Cheville filetée <br> Zylinderschraube <br> Vis tête cylindricue <br> Zylinderstift <br> Creville cilindricue <br> (-ing <br> Joint toricue <br> C-Ring <br> Joint tor
test6_man_bw_spares_catalogue,Test/Test 6/Extracted pages from MAN B&W SPARES PARTS CATALOGUE.pdf,142,index_page,medium,image heuristic fallback,index_page,0.58,Pos. <br> 1 <br> 7 <br> 9 <br> 10 <br> 14 <br> 18 <br> 19 <br> 20 <br> 21 <br> 27 <br> 28 <br> 30 <br> 31 <br> 34 <br> 35 <br> 38 <br> 43 <br> 44 <br> 45 <br> 48 <br> 49 <br> MAN <br> B <br> 50 <br> 51 <br> 54 <br> D36 5624 <br> Benennung <br> Désignaton <br> Verteilerrohr <br> Tuyau de distribution <br> Verbindungsstück <br> Pièce de raccord <br> Flammenbrecher <br> Pare-flamme <br> Spannstift <br> Cheville de serrage <br> Runddichtring <br> Joint torique <br> Verteilerrohr <br> Tuyau de distri
test6_man_bw_spares_catalogue,Test/Test 6/Extracted pages from MAN B&W SPARES PARTS CATALOGUE.pdf,145,index_page,medium,image heuristic fallback,index_page,0.58,"98* <br> MAN <br> Pos. <br> E <br> 10 <br> 12 <br> 15 <br> 17 <br> 18 <br> 20 <br> 23 <br> 24 <br> Benennung <br> Dsignation <br> 27 <br> Kraftstoff-Einspritzleitung, komplett <br> Conduite d'injection, compl. <br> Unmantelte Einspritzleitung <br> Conduite d'injection avec gainage <br> Mutter <br> Ecrou <br> Druckstück <br> Piece de pression <br> Sprengring <br> Circlip <br> Runddichtring <br> Joint-torique <br> flansch <br> Bride <br> Runddichtring <br> Joint-torique <br> Zwischenstück <br> Pic"
test6_man_bw_spares_catalogue,Test/Test 6/Extracted pages from MAN B&W SPARES PARTS CATALOGUE.pdf,147,index_page,medium,image heuristic fallback,index_page,0.58,Pos. <br> 3 <br> A* <br> B** <br> C** <br> 6 <br> 1 <br> 9 <br> 11 <br> 12 <br> 18 <br> 14 <br> 16 <br> 15 <br> D36 5626 <br> Benennung <br> Désignation <br> Douille <br> Zylinder mit Pos.3 <br> Cylindre avec rep. 3 <br> Buchse <br> Kolben <br> Kolben mit Pos. C <br> Piston <br> Piston avec rep. C <br> Scheibe <br> Rondelle <br> Deckel <br> Couvercle <br> Anschlagbolzen <br> Tige de butée <br> Dichtung <br> Joint <br> PUFFENKOLBEN FÜR KRAFTSTOFFLEITUNG <br> BUFFER PISTON FOR FUEL PIPE <br> Druck
test6_man_bw_spares_catalogue,Test/Test 6/Extracted pages from MAN B&W SPARES PARTS CATALOGUE.pdf,149,index_page,medium,image heuristic fallback,index_page,0.58,8°01 <br> MAN <br> Pos. <br> 20 <br> 22 <br> 27 <br> 25 <br> 26 <br> 27 <br> 28 <br> 30 <br> 32 <br> 33 <br> 36 <br> 37 <br> 75 <br> 76 <br> 7 <br> Benennung <br> Désignation <br> 8lindflansch <br> Fausse brice <br> 0ichtung <br> Joint <br> Sechskantschraube <br> Boulon à six pans <br> Sechskantmutter <br> Ecrou a six pans <br> Dichtung <br> Joint <br> Sechskantschraube <br> Boulon à six pans <br> Dichtring <br> Anneau-joint <br> Verschlußschraube <br> Bouchon fileté <br> Dichtring <br> Anneau-j
test6_man_bw_spares_catalogue,Test/Test 6/Extracted pages from MAN B&W SPARES PARTS CATALOGUE.pdf,152,index_page,medium,image heuristic fallback,index_page,0.58,"88' <br> Pos. <br> 1? <br> 18 <br> 27 <br> 32 <br> 33 <br> 37 <br> 38 <br> 39 <br> 40 <br> 42 <br> 46 <br> 47 <br> 48 <br> 52 <br> 53 <br> 54 <br> 58 <br> MA•N <br> D36 5624 <br> Benennung <br> Désignation <br> Verteilerrohr mit Pos. 32+33 <br> für 6 Zyl.-Motor <br> Tuyau de distribution avec rep. 32+35 <br> pour moteur à 6 cylindres <br> Verteilerrohr mit Pos. 32+33 <br> for 7 Zyl.-Motor <br> Tuyau de distribution avec rep. 32+33 <br> pour moteur à 7 cylindres <br> Verteilerrohr mit Pos. 27, 32"
test6_man_bw_spares_catalogue,Test/Test 6/Extracted pages from MAN B&W SPARES PARTS CATALOGUE.pdf,153,index_page,medium,image heuristic fallback,index_page,0.58,Pos. <br> A <br> C <br> D <br> 65 <br> 72 <br> 79 <br> 81 <br> 2 <br> 94 <br> 95 <br> Benennung <br> Désignation <br> Verschraubung <br> Raccord <br> Verschraubung <br> Raccord <br> Überwurfmutter <br> Ecrou a chapeau <br> Lötkonus <br> Cône a braser <br> Rohr <br> uyau <br> Dichtung <br> Joint <br> Überwurfmutter <br> Ecrou à chapeau <br> Lö tkonus <br> Cône a braser <br> Einschraubstutzen <br> Tubulure filetée <br> Verschraubung <br> Raccord <br> Dichtung <br> Joint <br> Überwurfmutter <br> Ec
test6_man_bw_spares_catalogue,Test/Test 6/Extracted pages from MAN B&W SPARES PARTS CATALOGUE.pdf,156,index_page,medium,image heuristic fallback,index_page,0.58,MA•N <br> Pos. <br> 1 <br> 12 <br> 13 <br> 14 <br> 16 <br> 18 <br> 22 <br> 23 <br> 2 <br> 25 <br> 28 <br> 29 <br> 31 <br> 32 <br> Benennung <br> Dsignation <br> Zulaufleitung <br> Conduite d'arrivee <br> Dichtung <br> Joint <br> Dichtung <br> Joint <br> Rückschlagventil <br> Soupape de retenue <br> Dichtung <br> Joint <br> Zwischenstück <br> Pièce intermediaire <br> Dchtung <br> Joint <br> Sechskantschraube <br> Boulon à six pans <br> Federring <br> Anneau-ressort <br> Flansch <br> Bride <br> Se
test6_man_bw_spares_catalogue,Test/Test 6/Extracted pages from MAN B&W SPARES PARTS CATALOGUE.pdf,158,index_page,medium,image heuristic fallback,index_page,0.58,MAN <br> Pos. <br> 16 <br> 17 <br> 18 <br> 20 <br> 21 <br> 22 <br> 23 <br> 28 <br> 38 <br> 42 <br> 45 <br> 51 <br> 52 <br> 52 <br> 54 <br> 55 <br> Benennung <br> Dsignation <br> Flansch <br> Bride <br> Dichtung <br> Joint <br> Verschlußsch raube <br> Bouchcn fileté <br> Kugelhahn <br> Robinet à bille <br> Schneidring <br> Anneau-joint <br> Überwurfmutter <br> Ecrou à chapeau <br> Dichtung <br> Joint <br> Sechskantschraube <br> Boulon à six pans <br> Sechskantmutter <br> Ecrou à six pans <br> Abl
test6_man_bw_spares_catalogue,Test/Test 6/Extracted pages from MAN B&W SPARES PARTS CATALOGUE.pdf,159,index_page,medium,image heuristic fallback,index_page,0.58,"85 <br> MA•N <br> 22 <br> 23 <br> 9 <br> 21 <br> 18 <br> 19 <br> 20 <br> 41 <br> D36 5624 <br> 42 28 <br> 16,17 <br> KÜHL NASSERABLAUFLEITUNG <br> COQLING WATER DISCHARGE PIPE <br> CONDUITE DE DECHARGE A EAU DE REFROIDISSEMENT <br> TURERIA DE SALIDA DE AGUA DE REFRIGERACION <br> A - B <br> 447.06/2 <br> A <br> 16, 17 <br> 18, 19,20 <br> 21 <br> L 40/45 <br> B11,44700-3106 <br> JB1L,44700-3111 <br> Ausführung für Turbol ader auf <br> Kupplungsçegenseite <br> Design for turbocharger on <br> engine"
test6_man_bw_spares_catalogue,Test/Test 6/Extracted pages from MAN B&W SPARES PARTS CATALOGUE.pdf,162,index_page,medium,image heuristic fallback,index_page,0.58,"MAN <br> B&W <br> Erstatzteilbestellung <br> 1. Anschrift <br> Für die Bestellungvon Ersatzteilen ist das Verzeichnis der Einzelteile mit den dazugehörenden Bildern zu <br> verwenden. Die ersten 3 Stellen der Teilnummern bezeichnen die Baugruppe und die restlichen Zahlen <br> sind eine Zähinummer. Um Rückfragen und Unklarheiten zu vermeiden, sind bei Bestellungfolgende <br> Angaben erforderlich. <br> 2.Typ des Turboladers <br> (4. Typ des Motors) <br> 3.Werk-Nr. des Turboladers <br> (5. Werk-Nr."
test6_man_bw_spares_catalogue,Test/Test 6/Extracted pages from MAN B&W SPARES PARTS CATALOGUE.pdf,163,index_page,medium,image heuristic fallback,index_page,0.58,"Comm ande de pièces de rechange <br> rour la commande de pièces de rechange. ilconvient d'utiliser la liste des pièces constitutives avec Tes <br> gures Correspondantes. Les 3 premiers chiffres de numéros de pièces désignent le sous-groupe, tandis que <br> les autres chiffres constituent un numéro compteur. <br> mo eviter des demandes de renseignements et des imorécisions, il s'impose de donner lesrenseigne <br> ments suivants lors d'une commande: <br> 1. Adresse <br> 2. Type du turbocompresseur"
test6_man_bw_spares_catalogue,Test/Test 6/Extracted pages from MAN B&W SPARES PARTS CATALOGUE.pdf,164,index_page,medium,image heuristic fallback,index_page,0.58,"28'€ <br> MA•N <br> Gruppe <br> Group <br> 500 <br> 501 <br> 506 <br> 509 <br> 513 <br> 517 <br> 518 <br> 520 <br> 542 <br> 544 <br> 545 <br> 546 <br> 557 <br> 562 <br> 579 <br> 580 <br> 593 <br> Groupes <br> Grupos <br> 500 <br> 501 <br> 506 <br> 509 <br> 513 <br> 517 <br> 518 <br> 520 <br> 542 <br> 544 <br> 545 <br> 546 <br> 557 <br> 562 <br> 579 <br> 580 <br> 593 <br> Abgasturbolader, komplett <br> Turbinen-Zuströmgehäuse <br> Turbinen-Abströmgehäuse <br> Diffusor <br> Benennun g <br> Turbine"
test6_man_bw_spares_catalogue,Test/Test 6/Extracted pages from MAN B&W SPARES PARTS CATALOGUE.pdf,168,index_page,medium,image heuristic fallback,index_page,0.58,M•A•N <br> Sestellr <br> S1?.00S <br> S17.011 <br> S1?.013 <br> S1°.014 <br> S17.018 <br> S1.016 <br> 517.017 <br> S17.018 <br> S17.019 <br> 517.022 <br> S17.023 <br> St7.024 <br> 517.025 <br> 517.026 <br> 517.027 <br> S17.028 <br> 517.033 <br> 517.034 <br> 517.056 <br> D36 5638 <br> DesignaciOn <br> kapergahžese <br> ofte neliers <br> Lagergehse <br> 8ofte paliers <br> Lotlose oheversenraubun <br> acoore filete sans sovre <br> Diontrina <br> Annea joint <br> lansch ait Rohr <br> Sride avec le t
test6_man_bw_spares_catalogue,Test/Test 6/Extracted pages from MAN B&W SPARES PARTS CATALOGUE.pdf,169,index_page,medium,image heuristic fallback,index_page,0.58,Bestell-Nr. <br> Order No. <br> No. comtande <br> No pedido <br> 517.038 <br> 517.039 <br> 517.040 <br> 517.047 <br> 517.042 <br> 517.043 <br> 517.044 <br> 517.045 <br> 517.046 <br> 517.047 <br> 517.048 <br> 517.049 <br> 517.050 <br> 517.051 <br> 517.052 <br> 517.055 <br> 517.060 <br> 517.061 <br> 517.062 <br> 517.063 <br> 517.064 <br> 517.065 <br> 517.066 <br> 517.067 <br> 517.068 <br> 517.069 <br> 517.070 <br> 517.075 <br> 517.080 <br> Benennung <br> Designacion <br> 8lindflansch <br> fausse b
test7_auxiliary_engine_spare_parts_1,Test/Test 7/Auxiliary engine spare parts 1.pdf,2,index_page,medium,image heuristic fallback,index_page,0.58,
test9_obp_spare_full_list,Test/Test 9/13k obp spare - full list rev 4 (2) (1).pdf,1,index_page,medium,image heuristic fallback,index_page,0.58,serial number code name quantity 1 CL2-523C indicator light 1 2 CL2-523R indicator light 1 3 CL2-523G indicator light 1 4 MP1-30G Button head 1 5 MP1-30R Button head 1 6 M2SS2-30B Selector switch head 1 1 1 2 2 3 20 1 o-ring 67296 1 2 o-ring 67827 7 3 o-ring 67950 4 4 o-ring 68082 1 5 o-ring 85347 1 6 o-ring 21290-2016B 301 1 7 o-ring 21290-2016B 304 1 8 o-ring Y439400B 4 1 9 o-ring Y439400B 7 1 10 o-ring Y235562C 162 1 11 o-ring Y235562C 265 1 12 o-ring Y235562C 263 1 13 o-ring Y235562C 264 1 1
test9_obp_spare_full_list,Test/Test 9/13k obp spare - full list rev 4 (2) (1).pdf,5,index_page,medium,image heuristic fallback,index_page,0.58,
test9_obp_spare_full_list,Test/Test 9/13k obp spare - full list rev 4 (2) (1).pdf,9,index_page,medium,image heuristic fallback,index_page,0.58,
test9_obp_spare_full_list,Test/Test 9/13k obp spare - full list rev 4 (2) (1).pdf,10,index_page,medium,image heuristic fallback,index_page,0.58,
test9_obp_spare_full_list,Test/Test 9/13k obp spare - full list rev 4 (2) (1).pdf,11,index_page,medium,image heuristic fallback,index_page,0.58,
test9_obp_spare_full_list,Test/Test 9/13k obp spare - full list rev 4 (2) (1).pdf,14,index_page,medium,image heuristic fallback,index_page,0.58,
test9_obp_spare_full_list,Test/Test 9/13k obp spare - full list rev 4 (2) (1).pdf,16,index_page,medium,image heuristic fallback,index_page,0.58,
test9_obp_spare_full_list,Test/Test 9/13k obp spare - full list rev 4 (2) (1).pdf,17,index_page,medium,image heuristic fallback,index_page,0.58,
test9_obp_spare_full_list,Test/Test 9/13k obp spare - full list rev 4 (2) (1).pdf,18,index_page,medium,image heuristic fallback,index_page,0.58,
test9_obp_spare_full_list,Test/Test 9/13k obp spare - full list rev 4 (2) (1).pdf,19,index_page,medium,image heuristic fallback,index_page,0.58,
test9_obp_spare_full_list,Test/Test 9/13k obp spare - full list rev 4 (2) (1).pdf,20,index_page,medium,image heuristic fallback,index_page,0.58,
test9_obp_spare_full_list,Test/Test 9/13k obp spare - full list rev 4 (2) (1).pdf,21,index_page,medium,image heuristic fallback,index_page,0.58,
test9_obp_spare_full_list,Test/Test 9/13k obp spare - full list rev 4 (2) (1).pdf,23,index_page,medium,image heuristic fallback,index_page,0.58,
test9_obp_spare_full_list,Test/Test 9/13k obp spare - full list rev 4 (2) (1).pdf,24,index_page,medium,image heuristic fallback,index_page,0.58,
test9_obp_spare_full_list,Test/Test 9/13k obp spare - full list rev 4 (2) (1).pdf,25,index_page,medium,image heuristic fallback,index_page,0.58,
test9_obp_spare_full_list,Test/Test 9/13k obp spare - full list rev 4 (2) (1).pdf,26,index_page,medium,image heuristic fallback,index_page,0.58,
test9_obp_spare_full_list,Test/Test 9/13k obp spare - full list rev 4 (2) (1).pdf,29,index_page,medium,image heuristic fallback,index_page,0.58,
test9_obp_spare_full_list,Test/Test 9/13k obp spare - full list rev 4 (2) (1).pdf,30,index_page,medium,image heuristic fallback,index_page,0.58,
test9_obp_spare_full_list,Test/Test 9/13k obp spare - full list rev 4 (2) (1).pdf,31,index_page,medium,image heuristic fallback,index_page,0.58,
test9_obp_spare_full_list,Test/Test 9/13k obp spare - full list rev 4 (2) (1).pdf,33,index_page,medium,image heuristic fallback,index_page,0.58,
test9_obp_spare_full_list,Test/Test 9/13k obp spare - full list rev 4 (2) (1).pdf,34,index_page,medium,image heuristic fallback,index_page,0.58,
test10_cargo_area_fans,Test/Test 10/V-202-V0000004-cargo area fans-Rev.1.1.pdf,1,index_page,medium,image heuristic fallback,index_page,0.58,
test10_cargo_area_fans,Test/Test 10/V-202-V0000004-cargo area fans-Rev.1.1.pdf,4,index_page,medium,image heuristic fallback,index_page,0.58,
test10_cargo_area_fans,Test/Test 10/V-202-V0000004-cargo area fans-Rev.1.1.pdf,5,index_page,medium,image heuristic fallback,index_page,0.58,
test10_cargo_area_fans,Test/Test 10/V-202-V0000004-cargo area fans-Rev.1.1.pdf,6,index_page,medium,image heuristic fallback,index_page,0.58,
test11_accommodation_fans,Test/Test 11/V-203-V0000015-accommodation fans-Rev.1.1.pdf,1,index_page,medium,image heuristic fallback,index_page,0.58,
test11_accommodation_fans,Test/Test 11/V-203-V0000015-accommodation fans-Rev.1.1.pdf,4,index_page,medium,image heuristic fallback,index_page,0.58,
test11_accommodation_fans,Test/Test 11/V-203-V0000015-accommodation fans-Rev.1.1.pdf,6,index_page,medium,image heuristic fallback,index_page,0.58,
test11_accommodation_fans,Test/Test 11/V-203-V0000015-accommodation fans-Rev.1.1.pdf,7,index_page,medium,image heuristic fallback,index_page,0.58,
test11_accommodation_fans,Test/Test 11/V-203-V0000015-accommodation fans-Rev.1.1.pdf,12,index_page,medium,image heuristic fallback,index_page,0.58,
test11_accommodation_fans,Test/Test 11/V-203-V0000015-accommodation fans-Rev.1.1.pdf,13,index_page,medium,image heuristic fallback,index_page,0.58,
test12_positive_displacement_pump,Test/Test 12/M-213-M0000012-Positive Displacement Pump-1 REV1.1 (2).pdf,1,index_page,medium,image heuristic fallback,index_page,0.58,
test12_positive_displacement_pump,Test/Test 12/M-213-M0000012-Positive Displacement Pump-1 REV1.1 (2).pdf,2,index_page,medium,image heuristic fallback,index_page,0.58,
test12_positive_displacement_pump,Test/Test 12/M-213-M0000012-Positive Displacement Pump-1 REV1.1 (2).pdf,4,index_page,medium,image heuristic fallback,index_page,0.58,
test12_positive_displacement_pump,Test/Test 12/M-213-M0000012-Positive Displacement Pump-1 REV1.1 (2).pdf,5,index_page,medium,image heuristic fallback,index_page,0.58,
test12_positive_displacement_pump,Test/Test 12/M-213-M0000012-Positive Displacement Pump-1 REV1.1 (2).pdf,7,index_page,medium,image heuristic fallback,index_page,0.58,
test12_positive_displacement_pump,Test/Test 12/M-213-M0000012-Positive Displacement Pump-1 REV1.1 (2).pdf,8,index_page,medium,image heuristic fallback,index_page,0.58,
test12_positive_displacement_pump,Test/Test 12/M-213-M0000012-Positive Displacement Pump-1 REV1.1 (2).pdf,9,index_page,medium,image heuristic fallback,index_page,0.58,
test12_positive_displacement_pump,Test/Test 12/M-213-M0000012-Positive Displacement Pump-1 REV1.1 (2).pdf,10,index_page,medium,image heuristic fallback,index_page,0.58,
test12_positive_displacement_pump,Test/Test 12/M-213-M0000012-Positive Displacement Pump-1 REV1.1 (2).pdf,11,index_page,medium,image heuristic fallback,index_page,0.58,
test12_positive_displacement_pump,Test/Test 12/M-213-M0000012-Positive Displacement Pump-1 REV1.1 (2).pdf,12,index_page,medium,image heuristic fallback,index_page,0.58,
test12_positive_displacement_pump,Test/Test 12/M-213-M0000012-Positive Displacement Pump-1 REV1.1 (2).pdf,13,index_page,medium,image heuristic fallback,index_page,0.58,
test12_positive_displacement_pump,Test/Test 12/M-213-M0000012-Positive Displacement Pump-1 REV1.1 (2).pdf,15,index_page,medium,image heuristic fallback,index_page,0.58,
test12_positive_displacement_pump,Test/Test 12/M-213-M0000012-Positive Displacement Pump-1 REV1.1 (2).pdf,16,index_page,medium,image heuristic fallback,index_page,0.58,
test12_positive_displacement_pump,Test/Test 12/M-213-M0000012-Positive Displacement Pump-1 REV1.1 (2).pdf,18,index_page,medium,image heuristic fallback,index_page,0.58,
test12_positive_displacement_pump,Test/Test 12/M-213-M0000012-Positive Displacement Pump-1 REV1.1 (2).pdf,19,index_page,medium,image heuristic fallback,index_page,0.58,
test12_positive_displacement_pump,Test/Test 12/M-213-M0000012-Positive Displacement Pump-1 REV1.1 (2).pdf,21,index_page,medium,image heuristic fallback,index_page,0.58,
test12_positive_displacement_pump,Test/Test 12/M-213-M0000012-Positive Displacement Pump-1 REV1.1 (2).pdf,22,index_page,medium,image heuristic fallback,index_page,0.58,
test12_positive_displacement_pump,Test/Test 12/M-213-M0000012-Positive Displacement Pump-1 REV1.1 (2).pdf,24,index_page,medium,image heuristic fallback,index_page,0.58,
test13_centrifugal_pump,Test/Test 13/M-212-M0000011-Centrifugal Pump REV1.1 (3).pdf,1,index_page,medium,image heuristic fallback,index_page,0.58,
test13_centrifugal_pump,Test/Test 13/M-212-M0000011-Centrifugal Pump REV1.1 (3).pdf,2,index_page,medium,image heuristic fallback,index_page,0.58,
test13_centrifugal_pump,Test/Test 13/M-212-M0000011-Centrifugal Pump REV1.1 (3).pdf,7,index_page,medium,image heuristic fallback,index_page,0.58,
test13_centrifugal_pump,Test/Test 13/M-212-M0000011-Centrifugal Pump REV1.1 (3).pdf,84,index_page,medium,image heuristic fallback,index_page,0.58,
test13_centrifugal_pump,Test/Test 13/M-212-M0000011-Centrifugal Pump REV1.1 (3).pdf,85,index_page,medium,image heuristic fallback,index_page,0.58,
test13_centrifugal_pump,Test/Test 13/M-212-M0000011-Centrifugal Pump REV1.1 (3).pdf,86,index_page,medium,image heuristic fallback,index_page,0.58,
test13_centrifugal_pump,Test/Test 13/M-212-M0000011-Centrifugal Pump REV1.1 (3).pdf,91,index_page,medium,image heuristic fallback,index_page,0.58,
test13_centrifugal_pump,Test/Test 13/M-212-M0000011-Centrifugal Pump REV1.1 (3).pdf,93,index_page,medium,image heuristic fallback,index_page,0.58,
test13_centrifugal_pump,Test/Test 13/M-212-M0000011-Centrifugal Pump REV1.1 (3).pdf,95,index_page,medium,image heuristic fallback,index_page,0.58,
test13_centrifugal_pump,Test/Test 13/M-212-M0000011-Centrifugal Pump REV1.1 (3).pdf,97,index_page,medium,image heuristic fallback,index_page,0.58,
test13_centrifugal_pump,Test/Test 13/M-212-M0000011-Centrifugal Pump REV1.1 (3).pdf,100,index_page,medium,image heuristic fallback,index_page,0.58,
test13_centrifugal_pump,Test/Test 13/M-212-M0000011-Centrifugal Pump REV1.1 (3).pdf,106,index_page,medium,image heuristic fallback,index_page,0.58,
test13_centrifugal_pump,Test/Test 13/M-212-M0000011-Centrifugal Pump REV1.1 (3).pdf,108,index_page,medium,image heuristic fallback,index_page,0.58,
test13_centrifugal_pump,Test/Test 13/M-212-M0000011-Centrifugal Pump REV1.1 (3).pdf,112,index_page,medium,image heuristic fallback,index_page,0.58,
test13_centrifugal_pump,Test/Test 13/M-212-M0000011-Centrifugal Pump REV1.1 (3).pdf,114,index_page,medium,image heuristic fallback,index_page,0.58,
test13_centrifugal_pump,Test/Test 13/M-212-M0000011-Centrifugal Pump REV1.1 (3).pdf,122,index_page,medium,image heuristic fallback,index_page,0.58,
test13_centrifugal_pump,Test/Test 13/M-212-M0000011-Centrifugal Pump REV1.1 (3).pdf,123,index_page,medium,image heuristic fallback,index_page,0.58,
test13_centrifugal_pump,Test/Test 13/M-212-M0000011-Centrifugal Pump REV1.1 (3).pdf,124,index_page,medium,image heuristic fallback,index_page,0.58,
test13_centrifugal_pump,Test/Test 13/M-212-M0000011-Centrifugal Pump REV1.1 (3).pdf,125,index_page,medium,image heuristic fallback,index_page,0.58,
test13_centrifugal_pump,Test/Test 13/M-212-M0000011-Centrifugal Pump REV1.1 (3).pdf,126,index_page,medium,image heuristic fallback,index_page,0.58,
test13_centrifugal_pump,Test/Test 13/M-212-M0000011-Centrifugal Pump REV1.1 (3).pdf,127,index_page,medium,image heuristic fallback,index_page,0.58,
test13_centrifugal_pump,Test/Test 13/M-212-M0000011-Centrifugal Pump REV1.1 (3).pdf,128,index_page,medium,image heuristic fallback,index_page,0.58,
test13_centrifugal_pump,Test/Test 13/M-212-M0000011-Centrifugal Pump REV1.1 (3).pdf,129,index_page,medium,image heuristic fallback,index_page,0.58,
test14_obp_spare_full_list,Test/Test 14/13k obp spare - full list rev 4 (2) (1) (1).pdf,2,index_page,medium,image heuristic fallback,index_page,0.58,CONTENT PAGE 1. HATCH COVER – CSSC HUAHAI 2. MOORING WINCH AND WINDLASS – WMMP 3. E/R CRANE & PROVSION CRANE – KAIRONG 4. LIFEBOAT & RESCUE BOAT – JIANGSU BEIHAI 5. BOW THRUSTER – NAKASHIMA 6. ICCP & MGPS – KC LTD 7. FANS – HENYUAN MARINE EQUIPMENT 8. ELEVATOR – GSIE 9. GALLEY & LAUNDRY EQUIPMENT – AKER GL 10. DF MAIN ENGINE – CMD 11. MAIN ENGINE TURBOCHARGER – MHI 12. DF AUXILLIARY ENGINE GENERATOR – WARTSILA CWEC 13. DF AUXILLIARY ENGINE GENERATOR TURBOCHARGER – ABB 14. EMERGENCY GENERATOR  - 
test14_obp_spare_full_list,Test/Test 14/13k obp spare - full list rev 4 (2) (1) (1).pdf,3,index_page,medium,image heuristic fallback,index_page,0.58,21. CO2 FIRE FIGHTING – LINGJACK 22. DRY CHEMICAL POWDER SYSTEM – LINGJACK 23. OILY WATER SEPARATOR – HEISHIN 24. DF BOILER + EXHAUST GAS BOILER – KANGRIM 25. ANTI – HEELING SYSTEM – TANKTECH 26. LEVEL GAUGING SYSTEM – HANLA IMS 27. VALVES REMOTE CONTROL SYSTEM – HANLA IMS 28. INCINERATOR – TEAMTEC 29. FRESH WATER GENERATOR – ALFA LAVAL 30. ME & AE FO SUPPLY UNIT – AURAMARINE 31. FUEL AND LUB OIL COUNTER (FLOW METER) – E+H 32. LOCAL WATER MIST SYSTEM – JCI SEAPLUS 33. AUTOBACKFLUSHING FILTER – K
test14_obp_spare_full_list,Test/Test 14/13k obp spare - full list rev 4 (2) (1) (1).pdf,8,index_page,medium,image heuristic fallback,index_page,0.58,序号serial number 代号code 名称name 数量quantity 1 CL2-523C 指示灯 indicator light 1 2 CL2-523R 指示灯 indicator light 1 3 CL2-523G 指示灯 indicator light 1 4 MP1-30G 按钮头 Button head 1 5 MP1-30R 按钮头 Button head 1 6 M2SS2-30B 选择开关头部 Selector switch head 1 1 1套 2 2件 3 20件 1 o-ring 67296 1 2 o-ring 67827 7 3 o-ring 67950 4 4 o-ring 68082 1 5 o-ring 85347 1 6 o-ring 21290-2016B 301 1 7 o-ring 21290-2016B 304 1 8 o-ring Y439400B 4 1 9 o-ring Y439400B 7 1 10 o-ring Y235562C 162 1 11 o-ring Y235562C 265 1 12 o-ring Y23
test14_obp_spare_full_list,Test/Test 14/13k obp spare - full list rev 4 (2) (1) (1).pdf,23,index_page,medium,image heuristic fallback,index_page,0.58,"沪东船厂 PIL 13000TEU  1933A~1937A 风机OB备件清单 PIL 13K TEU Hudong Shipyard  (H1933A-H1937A) - Cargo Hold Fans, Accommodation Fans & E/R Fans - OB Spare List 序号 Item 备件名称 Description 备件型号 Spare part model 数量 Qty. 单位 unit 备注 Remark 1  轴承 Bearings 6206-ZZ 6  个/船 pcs/ship 货仓 Cargo Hold Fans 2  轴承 Bearings 6306-ZZ 2  个/船 pcs/ship 货仓 Cargo Hold Fans 3  轴承 Bearings 6309-ZZ 22  个/船 pcs/ship 货仓 Cargo Hold Fans 4  轴承 Bearings 6311  112  个/船 pcs/ship 货仓 Cargo Hold Fans 5  轴承 Bearings 6204-ZZ 3  个/船 pcs/ship 机舱 E/"
test14_obp_spare_full_list,Test/Test 14/13k obp spare - full list rev 4 (2) (1) (1).pdf,41,index_page,medium,image heuristic fallback,index_page,0.58,
test14_obp_spare_full_list,Test/Test 14/13k obp spare - full list rev 4 (2) (1) (1).pdf,42,index_page,medium,image heuristic fallback,index_page,0.58,
test14_obp_spare_full_list,Test/Test 14/13k obp spare - full list rev 4 (2) (1) (1).pdf,45,index_page,medium,image heuristic fallback,index_page,0.58,
test14_obp_spare_full_list,Test/Test 14/13k obp spare - full list rev 4 (2) (1) (1).pdf,46,index_page,medium,image heuristic fallback,index_page,0.58,
test14_obp_spare_full_list,Test/Test 14/13k obp spare - full list rev 4 (2) (1) (1).pdf,47,index_page,medium,image heuristic fallback,index_page,0.58,
test14_obp_spare_full_list,Test/Test 14/13k obp spare - full list rev 4 (2) (1) (1).pdf,48,index_page,medium,image heuristic fallback,index_page,0.58,
test14_obp_spare_full_list,Test/Test 14/13k obp spare - full list rev 4 (2) (1) (1).pdf,50,index_page,medium,image heuristic fallback,index_page,0.58,
test14_obp_spare_full_list,Test/Test 14/13k obp spare - full list rev 4 (2) (1) (1).pdf,51,index_page,medium,image heuristic fallback,index_page,0.58,
test14_obp_spare_full_list,Test/Test 14/13k obp spare - full list rev 4 (2) (1) (1).pdf,52,index_page,medium,image heuristic fallback,index_page,0.58,
test14_obp_spare_full_list,Test/Test 14/13k obp spare - full list rev 4 (2) (1) (1).pdf,53,index_page,medium,image heuristic fallback,index_page,0.58,
test14_obp_spare_full_list,Test/Test 14/13k obp spare - full list rev 4 (2) (1) (1).pdf,61,index_page,medium,image heuristic fallback,index_page,0.58,
test14_obp_spare_full_list,Test/Test 14/13k obp spare - full list rev 4 (2) (1) (1).pdf,64,index_page,medium,image heuristic fallback,index_page,0.58,
test14_obp_spare_full_list,Test/Test 14/13k obp spare - full list rev 4 (2) (1) (1).pdf,72,index_page,medium,image heuristic fallback,index_page,0.58,
test14_obp_spare_full_list,Test/Test 14/13k obp spare - full list rev 4 (2) (1) (1).pdf,83,index_page,medium,image heuristic fallback,index_page,0.58,
test15_hydraulic_winch,Test/Test 15/Extracted pages from Hydraulic winch.pdf,1,index_page,medium,image heuristic fallback,index_page,0.58,
test15_hydraulic_winch,Test/Test 15/Extracted pages from Hydraulic winch.pdf,2,index_page,medium,image heuristic fallback,index_page,0.58,
test15_hydraulic_winch,Test/Test 15/Extracted pages from Hydraulic winch.pdf,3,index_page,medium,image heuristic fallback,index_page,0.58,
test15_hydraulic_winch,Test/Test 15/Extracted pages from Hydraulic winch.pdf,4,index_page,medium,image heuristic fallback,index_page,0.58,
test15_hydraulic_winch,Test/Test 15/Extracted pages from Hydraulic winch.pdf,6,index_page,medium,image heuristic fallback,index_page,0.58,
test15_hydraulic_winch,Test/Test 15/Extracted pages from Hydraulic winch.pdf,8,index_page,medium,image heuristic fallback,index_page,0.58,
test15_hydraulic_winch,Test/Test 15/Extracted pages from Hydraulic winch.pdf,10,index_page,medium,image heuristic fallback,index_page,0.58,
test15_hydraulic_winch,Test/Test 15/Extracted pages from Hydraulic winch.pdf,12,index_page,medium,image heuristic fallback,index_page,0.58,
test15_hydraulic_winch,Test/Test 15/Extracted pages from Hydraulic winch.pdf,26,index_page,medium,image heuristic fallback,index_page,0.58,
test15_hydraulic_winch,Test/Test 15/Extracted pages from Hydraulic winch.pdf,28,index_page,medium,image heuristic fallback,index_page,0.58,
test15_hydraulic_winch,Test/Test 15/Extracted pages from Hydraulic winch.pdf,30,index_page,medium,image heuristic fallback,index_page,0.58,
test16_carrier_5h_blowup_diagram,Test/Test 16/5H _blowUpDiagram (1).pdf,2,index_page,medium,image heuristic fallback,index_page,0.58,
test16_carrier_5h_blowup_diagram,Test/Test 16/5H _blowUpDiagram (1).pdf,3,index_page,medium,image heuristic fallback,index_page,0.58,
test16_carrier_5h_blowup_diagram,Test/Test 16/5H _blowUpDiagram (1).pdf,4,index_page,medium,image heuristic fallback,index_page,0.58,
test16_carrier_5h_blowup_diagram,Test/Test 16/5H _blowUpDiagram (1).pdf,5,index_page,medium,image heuristic fallback,index_page,0.58,
test16_carrier_5h_blowup_diagram,Test/Test 16/5H _blowUpDiagram (1).pdf,6,index_page,medium,image heuristic fallback,index_page,0.58,
test16_carrier_5h_blowup_diagram,Test/Test 16/5H _blowUpDiagram (1).pdf,7,index_page,medium,image heuristic fallback,index_page,0.58,
test16_carrier_5h_blowup_diagram,Test/Test 16/5H _blowUpDiagram (1).pdf,8,index_page,medium,image heuristic fallback,index_page,0.58,
test16_carrier_5h_blowup_diagram,Test/Test 16/5H _blowUpDiagram (1).pdf,9,index_page,medium,image heuristic fallback,index_page,0.58,
test16_carrier_5h_blowup_diagram,Test/Test 16/5H _blowUpDiagram (1).pdf,10,index_page,medium,image heuristic fallback,index_page,0.58,
test16_carrier_5h_blowup_diagram,Test/Test 16/5H _blowUpDiagram (1).pdf,11,index_page,medium,image heuristic fallback,index_page,0.58,
test16_carrier_5h_blowup_diagram,Test/Test 16/5H _blowUpDiagram (1).pdf,12,index_page,medium,image heuristic fallback,index_page,0.58,
test16_carrier_5h_blowup_diagram,Test/Test 16/5H _blowUpDiagram (1).pdf,13,index_page,medium,image heuristic fallback,index_page,0.58,
test16_carrier_5h_blowup_diagram,Test/Test 16/5H _blowUpDiagram (1).pdf,14,index_page,medium,image heuristic fallback,index_page,0.58,
test16_carrier_5h_blowup_diagram,Test/Test 16/5H _blowUpDiagram (1).pdf,15,index_page,medium,image heuristic fallback,index_page,0.58,
test16_carrier_5h_blowup_diagram,Test/Test 16/5H _blowUpDiagram (1).pdf,18,index_page,medium,image heuristic fallback,index_page,0.58,
test16_carrier_5h_blowup_diagram,Test/Test 16/5H _blowUpDiagram (1).pdf,19,index_page,medium,image heuristic fallback,index_page,0.58,
test16_carrier_5h_blowup_diagram,Test/Test 16/5H _blowUpDiagram (1).pdf,20,index_page,medium,image heuristic fallback,index_page,0.58,
test16_carrier_5h_blowup_diagram,Test/Test 16/5H _blowUpDiagram (1).pdf,21,index_page,medium,image heuristic fallback,index_page,0.58,
test16_carrier_5h_blowup_diagram,Test/Test 16/5H _blowUpDiagram (1).pdf,22,index_page,medium,image heuristic fallback,index_page,0.58,
test16_carrier_5h_blowup_diagram,Test/Test 16/5H _blowUpDiagram (1).pdf,23,index_page,medium,image heuristic fallback,index_page,0.58,
test16_carrier_5h_blowup_diagram,Test/Test 16/5H _blowUpDiagram (1).pdf,24,index_page,medium,image heuristic fallback,index_page,0.58,
test16_carrier_5h_blowup_diagram,Test/Test 16/5H _blowUpDiagram (1).pdf,25,index_page,medium,image heuristic fallback,index_page,0.58,
test16_carrier_5h_blowup_diagram,Test/Test 16/5H _blowUpDiagram (1).pdf,26,index_page,medium,image heuristic fallback,index_page,0.58,
test16_carrier_5h_blowup_diagram,Test/Test 16/5H _blowUpDiagram (1).pdf,27,index_page,medium,image heuristic fallback,index_page,0.58,
test16_carrier_5h_blowup_diagram,Test/Test 16/5H _blowUpDiagram (1).pdf,28,index_page,medium,image heuristic fallback,index_page,0.58,
test16_carrier_5h_blowup_diagram,Test/Test 16/5H _blowUpDiagram (1).pdf,29,index_page,medium,image heuristic fallback,index_page,0.58,
test16_carrier_5h_blowup_diagram,Test/Test 16/5H _blowUpDiagram (1).pdf,30,index_page,medium,image heuristic fallback,index_page,0.58,
test16_carrier_5h_blowup_diagram,Test/Test 16/5H _blowUpDiagram (1).pdf,31,index_page,medium,image heuristic fallback,index_page,0.58,
test16_carrier_5h_blowup_diagram,Test/Test 16/5H _blowUpDiagram (1).pdf,32,index_page,medium,image heuristic fallback,index_page,0.58,
test16_carrier_5h_blowup_diagram,Test/Test 16/5H _blowUpDiagram (1).pdf,33,index_page,medium,image heuristic fallback,index_page,0.58,
test16_carrier_5h_blowup_diagram,Test/Test 16/5H _blowUpDiagram (1).pdf,34,index_page,medium,image heuristic fallback,index_page,0.58,
test16_carrier_5h_blowup_diagram,Test/Test 16/5H _blowUpDiagram (1).pdf,35,index_page,medium,image heuristic fallback,index_page,0.58,
test16_carrier_5h_blowup_diagram,Test/Test 16/5H _blowUpDiagram (1).pdf,36,index_page,medium,image heuristic fallback,index_page,0.58,
test17_emergency_diesel_engine,Test/Test 17/Emergency diesel engine 1 1.pdf,1,index_page,medium,image heuristic fallback,index_page,0.58,
test17_emergency_diesel_engine,Test/Test 17/Emergency diesel engine 1 1.pdf,2,index_page,medium,image heuristic fallback,index_page,0.58,
test17_emergency_diesel_engine,Test/Test 17/Emergency diesel engine 1 1.pdf,3,index_page,medium,image heuristic fallback,index_page,0.58,
test17_emergency_diesel_engine,Test/Test 17/Emergency diesel engine 1 1.pdf,4,index_page,medium,image heuristic fallback,index_page,0.58,
test17_emergency_diesel_engine,Test/Test 17/Emergency diesel engine 1 1.pdf,5,index_page,medium,image heuristic fallback,index_page,0.58,
test17_emergency_diesel_engine,Test/Test 17/Emergency diesel engine 1 1.pdf,6,index_page,medium,image heuristic fallback,index_page,0.58,
test17_emergency_diesel_engine,Test/Test 17/Emergency diesel engine 1 1.pdf,7,index_page,medium,image heuristic fallback,index_page,0.58,
test18_main_engine_accessories,Test/Test 18/Extracted pages from Main engine assessories (1).pdf,61,index_page,high,rotated Boll matrix/cross-reference list,,,
test18_main_engine_accessories,Test/Test 18/Extracted pages from Main engine assessories (1).pdf,62,index_page,high,rotated Boll matrix/cross-reference list,,,
test18_main_engine_accessories,Test/Test 18/Extracted pages from Main engine assessories (1).pdf,78,index_page,high,Boll NW matrix pages,,,
test18_main_engine_accessories,Test/Test 18/Extracted pages from Main engine assessories (1).pdf,79,index_page,high,Boll NW matrix pages,,,
test18_main_engine_accessories,Test/Test 18/Extracted pages from Main engine assessories (1).pdf,80,index_page,high,Boll NW matrix pages,,,
test18_main_engine_accessories,Test/Test 18/Extracted pages from Main engine assessories (1).pdf,81,index_page,high,Boll NW matrix pages,,,
test18_main_engine_accessories,Test/Test 18/Extracted pages from Main engine assessories (1).pdf,82,index_page,high,Boll NW matrix pages,,,
test18_main_engine_accessories,Test/Test 18/Extracted pages from Main engine assessories (1).pdf,83,index_page,high,Boll NW matrix pages,,,
test18_main_engine_accessories,Test/Test 18/Extracted pages from Main engine assessories (1).pdf,84,index_page,high,Boll NW matrix pages,,,
