fixture_id,pdf,page_no,layout,confidence,reason,heuristic_label,heuristic_confidence,text_snippet
test1_main_distribution_board,Test/Test 1/23000143 11L REV 1 AS BUILT 5-12-2013 Pg No 47-53.pdf,1,spare_parts_table,low,image heuristic fallback,spare_parts_table,0.48,"ENERGIEWEG 46/c 6541 CX NIJMEGEN P.O. BOX 6973 6503 GL NIJMEGEN THE NETHERLANDS CUSTOMER SUPPORT :  +31 243716311 :  +31 243716310 :  am@alewijnse.nl : +31 243716342 :  service.amn@alewijnse.nl ELECTRIC INSTALLATION TSHD5500 DCI-3 CO1266 TEL FAX EMAIL TEL EMAIL IHC DREDGERS BV - TSHD5500 DCI-3 ""11L"" MAIN DISTRIBUTION BOARD 3X230V  "
test1_main_distribution_board,Test/Test 1/23000143 11L REV 1 AS BUILT 5-12-2013 Pg No 47-53.pdf,2,index_page,medium,contents/index keyword,index_page,0.58,"1.a LROS/IRS 23000143 CO1266 Page Class Project Yard no TABLE OF CONTENTS IHC DREDGERS BV - TSHD5500 DCI-3 ALEWIJNSE MARINE B.V. M D 0 No part of this work may be copied, stored or published without prior written permission of Alewijnse Marine Systems. > < 5-12-2013 05-12-2013 AS BUILT : : : : 1 24-1-2011 IEN CHK REV 11L -1 PVR 14 13 12 11 10 09 08 07 06 05 04 03 02 01 STAT IEN ""11L"" MAIN DISTRIBUTION BOARD 3X230V   ENERGIEWEG 46/C 6541 CX NIJMEGEN TABLE OF CONTENTS PAGE SYSTEM DESCRIPTION STATU"
test1_main_distribution_board,Test/Test 1/23000143 11L REV 1 AS BUILT 5-12-2013 Pg No 47-53.pdf,3,index_page,medium,contents/index keyword,spare_parts_table,0.48,"10 LROS/IRS 23000143 CO1266 Page Class Project Yard no TABLE OF CONTENTS IHC DREDGERS BV - TSHD5500 DCI-3 ALEWIJNSE MARINE B.V. M D 1 No part of this work may be copied, stored or published without prior written permission of Alewijnse Marine Systems. > < 5-12-2013 05-12-2013 AS BUILT : : : : 1 24-1-2011 IEN CHK REV 11L -1.a PVR 14 13 12 11 10 09 08 07 06 05 04 03 02 01 STAT IEN ""11L"" MAIN DISTRIBUTION BOARD 3X230V   ENERGIEWEG 46/C 6541 CX NIJMEGEN TABLE OF CONTENTS PAGE SYSTEM DESCRIPTION STAT"
test1_main_distribution_board,Test/Test 1/23000143 11L REV 1 AS BUILT 5-12-2013 Pg No 47-53.pdf,4,spare_parts_table,low,image heuristic fallback,spare_parts_table,0.48,"11 LROS/IRS 23000143 CO1266 Page Class Project Yard no SECTION 1 INCOMING FEEDER PS MAIN CIRCUIT IHC DREDGERS BV - TSHD5500 DCI-3 ALEWIJNSE MARINE B.V. M D 1.a No part of this work may be copied, stored or published without prior written permission of Alewijnse Marine Systems. > < 5-12-2013 05-12-2013 AS BUILT * NO DELIVERY  ALEWIJNSE : : : :   PANEL IP23 1 24-1-2011 IEN CHK REV 11L -10 PVR 14 13 12 11 10 09 08 07 06 05 04 03 02 01 STAT IEN ""11L"" MAIN DISTRIBUTION BOARD 3X230V   ENERGIEWEG 46/C "
test1_main_distribution_board,Test/Test 1/23000143 11L REV 1 AS BUILT 5-12-2013 Pg No 47-53.pdf,5,spare_parts_table,low,image heuristic fallback,spare_parts_table,0.48,"12 LROS/IRS 23000143 CO1266 Page Class Project Yard no SECTION 1 INCOMING FEEDER PS CONTROL CIRCUIT IHC DREDGERS BV - TSHD5500 DCI-3 ALEWIJNSE MARINE B.V. M D 10 No part of this work may be copied, stored or published without prior written permission of Alewijnse Marine Systems. > < 5-12-2013 05-12-2013 AS BUILT * NO DELIVERY  ALEWIJNSE : : : :   PANEL IP23 1 24-1-2011 IEN CHK REV 11L -11 PVR 14 13 12 11 10 09 08 07 06 05 04 03 02 01 STAT IEN ""11L"" MAIN DISTRIBUTION BOARD 3X230V   ENERGIEWEG 46/"
test1_main_distribution_board,Test/Test 1/23000143 11L REV 1 AS BUILT 5-12-2013 Pg No 47-53.pdf,6,spare_parts_table,low,image heuristic fallback,spare_parts_table,0.48,"13 LROS/IRS 23000143 CO1266 Page Class Project Yard no SECTION 1 INCOMING FEEDER PS MEASURING AND PROTECTION IHC DREDGERS BV - TSHD5500 DCI-3 ALEWIJNSE MARINE B.V. M D 11 No part of this work may be copied, stored or published without prior written permission of Alewijnse Marine Systems. > < 5-12-2013 05-12-2013 AS BUILT * NO DELIVERY  ALEWIJNSE : : : :   PANEL IP23 1 24-1-2011 IEN CHK REV 11L -12 PVR 14 13 12 11 10 09 08 07 06 05 04 03 02 01 STAT IEN ""11L"" MAIN DISTRIBUTION BOARD 3X230V   ENERG"
test1_main_distribution_board,Test/Test 1/23000143 11L REV 1 AS BUILT 5-12-2013 Pg No 47-53.pdf,7,spare_parts_table,low,image heuristic fallback,spare_parts_table,0.48,"15 LROS/IRS 23000143 CO1266 Page Class Project Yard no SECTION 1 INCOMING FEEDER PS SIGNALING IHC DREDGERS BV - TSHD5500 DCI-3 ALEWIJNSE MARINE B.V. M D 12 No part of this work may be copied, stored or published without prior written permission of Alewijnse Marine Systems. > < 5-12-2013 05-12-2013 AS BUILT * NO DELIVERY  ALEWIJNSE : : : :   PANEL IP23 1 24-1-2011 IEN CHK REV 11L -13 PVR 14 13 12 11 10 09 08 07 06 05 04 03 02 01 STAT IEN ""11L"" MAIN DISTRIBUTION BOARD 3X230V   ENERGIEWEG 46/C 6541"
test1_main_distribution_board,Test/Test 1/23000143 11L REV 1 AS BUILT 5-12-2013 Pg No 47-53.pdf,8,spare_parts_table,low,image heuristic fallback,spare_parts_table,0.48,"16 LROS/IRS 23000143 CO1266 Page Class Project Yard no SECTION 1 DISTRIBUTION GROUPS IHC DREDGERS BV - TSHD5500 DCI-3 ALEWIJNSE MARINE B.V. M D 13 No part of this work may be copied, stored or published without prior written permission of Alewijnse Marine Systems. > < 5-12-2013 05-12-2013 AS BUILT * NO DELIVERY  ALEWIJNSE : : : :   PANEL IP23 1 24-1-2011 IEN CHK REV 11L -15 PVR 14 13 12 11 10 09 08 07 06 05 04 03 02 01 STAT IEN ""11L"" MAIN DISTRIBUTION BOARD 3X230V   ENERGIEWEG 46/C 6541 CX NIJME"
test1_main_distribution_board,Test/Test 1/23000143 11L REV 1 AS BUILT 5-12-2013 Pg No 47-53.pdf,9,spare_parts_table,low,image heuristic fallback,spare_parts_table,0.48,"17 LROS/IRS 23000143 CO1266 Page Class Project Yard no SECTION 1 DISTRIBUTION GROUPS IHC DREDGERS BV - TSHD5500 DCI-3 ALEWIJNSE MARINE B.V. M D 15 No part of this work may be copied, stored or published without prior written permission of Alewijnse Marine Systems. > < 5-12-2013 05-12-2013 AS BUILT * NO DELIVERY  ALEWIJNSE : : : :   PANEL IP23 1 24-1-2011 IEN CHK REV 11L -16 PVR 14 13 12 11 10 09 08 07 06 05 04 03 02 01 STAT IEN ""11L"" MAIN DISTRIBUTION BOARD 3X230V   ENERGIEWEG 46/C 6541 CX NIJME"
test1_main_distribution_board,Test/Test 1/23000143 11L REV 1 AS BUILT 5-12-2013 Pg No 47-53.pdf,10,spare_parts_table,low,image heuristic fallback,spare_parts_table,0.48,"18 LROS/IRS 23000143 CO1266 Page Class Project Yard no SECTION 1 DISTRIBUTION GROUPS IHC DREDGERS BV - TSHD5500 DCI-3 ALEWIJNSE MARINE B.V. M D 16 No part of this work may be copied, stored or published without prior written permission of Alewijnse Marine Systems. > < 5-12-2013 05-12-2013 AS BUILT * NO DELIVERY  ALEWIJNSE : : : :   PANEL IP23 1 24-1-2011 IEN CHK REV 11L -17 PVR 14 13 12 11 10 09 08 07 06 05 04 03 02 01 STAT IEN ""11L"" MAIN DISTRIBUTION BOARD 3X230V   ENERGIEWEG 46/C 6541 CX NIJME"
test1_main_distribution_board,Test/Test 1/23000143 11L REV 1 AS BUILT 5-12-2013 Pg No 47-53.pdf,11,spare_parts_table,low,image heuristic fallback,spare_parts_table,0.48,"19 LROS/IRS 23000143 CO1266 Page Class Project Yard no SECTION 1 DISTRIBUTION GROUPS IHC DREDGERS BV - TSHD5500 DCI-3 ALEWIJNSE MARINE B.V. M D 17 No part of this work may be copied, stored or published without prior written permission of Alewijnse Marine Systems. > < 5-12-2013 05-12-2013 AS BUILT * NO DELIVERY  ALEWIJNSE : : : :   PANEL IP23 1 24-1-2011 IEN CHK REV 11L -18 PVR 14 13 12 11 10 09 08 07 06 05 04 03 02 01 STAT IEN ""11L"" MAIN DISTRIBUTION BOARD 3X230V   ENERGIEWEG 46/C 6541 CX NIJME"
test1_main_distribution_board,Test/Test 1/23000143 11L REV 1 AS BUILT 5-12-2013 Pg No 47-53.pdf,12,spare_parts_table,low,image heuristic fallback,spare_parts_table,0.48,"20 LROS/IRS 23000143 CO1266 Page Class Project Yard no SECTION 1 DISTRIBUTION GROUPS IHC DREDGERS BV - TSHD5500 DCI-3 ALEWIJNSE MARINE B.V. M D 18 No part of this work may be copied, stored or published without prior written permission of Alewijnse Marine Systems. > < 5-12-2013 05-12-2013 AS BUILT * NO DELIVERY  ALEWIJNSE : : : :   PANEL IP23 1 24-1-2011 IEN CHK REV 11L -19 PVR 14 13 12 11 10 09 08 07 06 05 04 03 02 01 STAT IEN ""11L"" MAIN DISTRIBUTION BOARD 3X230V   ENERGIEWEG 46/C 6541 CX NIJME"
test1_main_distribution_board,Test/Test 1/23000143 11L REV 1 AS BUILT 5-12-2013 Pg No 47-53.pdf,13,spare_parts_table,low,image heuristic fallback,spare_parts_table,0.48,"21 LROS/IRS 23000143 CO1266 Page Class Project Yard no SECTION 1 DISTRIBUTION GROUPS IHC DREDGERS BV - TSHD5500 DCI-3 ALEWIJNSE MARINE B.V. M D 19 No part of this work may be copied, stored or published without prior written permission of Alewijnse Marine Systems. > < 5-12-2013 05-12-2013 AS BUILT * NO DELIVERY  ALEWIJNSE : : : :   PANEL IP23 1 24-1-2011 IEN CHK REV 11L -20 PVR 14 13 12 11 10 09 08 07 06 05 04 03 02 01 STAT IEN ""11L"" MAIN DISTRIBUTION BOARD 3X230V   ENERGIEWEG 46/C 6541 CX NIJME"
test1_main_distribution_board,Test/Test 1/23000143 11L REV 1 AS BUILT 5-12-2013 Pg No 47-53.pdf,14,spare_parts_table,low,image heuristic fallback,spare_parts_table,0.48,"22 LROS/IRS 23000143 CO1266 Page Class Project Yard no SECTION 1 DISTRIBUTION GROUPS IHC DREDGERS BV - TSHD5500 DCI-3 ALEWIJNSE MARINE B.V. M D 20 No part of this work may be copied, stored or published without prior written permission of Alewijnse Marine Systems. > < 5-12-2013 05-12-2013 AS BUILT * NO DELIVERY  ALEWIJNSE : : : :   PANEL IP23 1 24-1-2011 IEN CHK REV 11L -21 PVR 14 13 12 11 10 09 08 07 06 05 04 03 02 01 STAT IEN ""11L"" MAIN DISTRIBUTION BOARD 3X230V   ENERGIEWEG 46/C 6541 CX NIJME"
test1_main_distribution_board,Test/Test 1/23000143 11L REV 1 AS BUILT 5-12-2013 Pg No 47-53.pdf,15,spare_parts_table,low,image heuristic fallback,spare_parts_table,0.48,"23 LROS/IRS 23000143 CO1266 Page Class Project Yard no SECTION 1 DISTRIBUTION GROUPS IHC DREDGERS BV - TSHD5500 DCI-3 ALEWIJNSE MARINE B.V. M D 21 No part of this work may be copied, stored or published without prior written permission of Alewijnse Marine Systems. > < 5-12-2013 05-12-2013 AS BUILT * NO DELIVERY  ALEWIJNSE : : : :   PANEL IP23 1 24-1-2011 IEN CHK REV 11L -22 PVR 14 13 12 11 10 09 08 07 06 05 04 03 02 01 STAT IEN ""11L"" MAIN DISTRIBUTION BOARD 3X230V   ENERGIEWEG 46/C 6541 CX NIJME"
test1_main_distribution_board,Test/Test 1/23000143 11L REV 1 AS BUILT 5-12-2013 Pg No 47-53.pdf,16,spare_parts_table,low,image heuristic fallback,spare_parts_table,0.48,"24 LROS/IRS 23000143 CO1266 Page Class Project Yard no SECTION 1 DISTRIBUTION GROUPS IHC DREDGERS BV - TSHD5500 DCI-3 ALEWIJNSE MARINE B.V. M D 22 No part of this work may be copied, stored or published without prior written permission of Alewijnse Marine Systems. > < 5-12-2013 05-12-2013 AS BUILT * NO DELIVERY  ALEWIJNSE : : : :   PANEL IP23 1 24-1-2011 IEN CHK REV 11L -23 PVR 14 13 12 11 10 09 08 07 06 05 04 03 02 01 STAT IEN ""11L"" MAIN DISTRIBUTION BOARD 3X230V   ENERGIEWEG 46/C 6541 CX NIJME"
test1_main_distribution_board,Test/Test 1/23000143 11L REV 1 AS BUILT 5-12-2013 Pg No 47-53.pdf,17,spare_parts_table,low,image heuristic fallback,spare_parts_table,0.48,"25 LROS/IRS 23000143 CO1266 Page Class Project Yard no SECTION 1 DISTRIBUTION GROUPS IHC DREDGERS BV - TSHD5500 DCI-3 ALEWIJNSE MARINE B.V. M D 23 No part of this work may be copied, stored or published without prior written permission of Alewijnse Marine Systems. > < 5-12-2013 05-12-2013 AS BUILT * NO DELIVERY  ALEWIJNSE : : : :   PANEL IP23 1 24-1-2011 IEN CHK REV 11L -24 PVR 14 13 12 11 10 09 08 07 06 05 04 03 02 01 STAT IEN ""11L"" MAIN DISTRIBUTION BOARD 3X230V   ENERGIEWEG 46/C 6541 CX NIJME"
test1_main_distribution_board,Test/Test 1/23000143 11L REV 1 AS BUILT 5-12-2013 Pg No 47-53.pdf,18,spare_parts_table,low,image heuristic fallback,spare_parts_table,0.48,"26 LROS/IRS 23000143 CO1266 Page Class Project Yard no SECTION 1 DISTRIBUTION GROUPS IHC DREDGERS BV - TSHD5500 DCI-3 ALEWIJNSE MARINE B.V. M D 24 No part of this work may be copied, stored or published without prior written permission of Alewijnse Marine Systems. > < 5-12-2013 05-12-2013 AS BUILT * NO DELIVERY  ALEWIJNSE : : : :   PANEL IP23 1 24-1-2011 IEN CHK REV 11L -25 PVR 14 13 12 11 10 09 08 07 06 05 04 03 02 01 STAT IEN ""11L"" MAIN DISTRIBUTION BOARD 3X230V   ENERGIEWEG 46/C 6541 CX NIJME"
test1_main_distribution_board,Test/Test 1/23000143 11L REV 1 AS BUILT 5-12-2013 Pg No 47-53.pdf,19,spare_parts_table,low,image heuristic fallback,spare_parts_table,0.48,"27 LROS/IRS 23000143 CO1266 Page Class Project Yard no SECTION 1 DISTRIBUTION GROUPS IHC DREDGERS BV - TSHD5500 DCI-3 ALEWIJNSE MARINE B.V. M D 25 No part of this work may be copied, stored or published without prior written permission of Alewijnse Marine Systems. > < 5-12-2013 05-12-2013 AS BUILT * NO DELIVERY  ALEWIJNSE : : : :   PANEL IP23 1 24-1-2011 IEN CHK REV 11L -26 PVR 14 13 12 11 10 09 08 07 06 05 04 03 02 01 STAT IEN ""11L"" MAIN DISTRIBUTION BOARD 3X230V   ENERGIEWEG 46/C 6541 CX NIJME"
test1_main_distribution_board,Test/Test 1/23000143 11L REV 1 AS BUILT 5-12-2013 Pg No 47-53.pdf,20,spare_parts_table,low,image heuristic fallback,spare_parts_table,0.48,"30 LROS/IRS 23000143 CO1266 Page Class Project Yard no SECTION 1 DISTRIBUTION GROUPS IHC DREDGERS BV - TSHD5500 DCI-3 ALEWIJNSE MARINE B.V. M D 26 No part of this work may be copied, stored or published without prior written permission of Alewijnse Marine Systems. > < 5-12-2013 05-12-2013 AS BUILT * NO DELIVERY  ALEWIJNSE : : : :   PANEL IP23 1 24-1-2011 IEN CHK REV 11L -27 PVR 14 13 12 11 10 09 08 07 06 05 04 03 02 01 STAT IEN ""11L"" MAIN DISTRIBUTION BOARD 3X230V   ENERGIEWEG 46/C 6541 CX NIJME"
test1_main_distribution_board,Test/Test 1/23000143 11L REV 1 AS BUILT 5-12-2013 Pg No 47-53.pdf,21,spare_parts_table,low,image heuristic fallback,spare_parts_table,0.48,"31 LROS/IRS 23000143 CO1266 Page Class Project Yard no SECTION 1 BUSTIE MAIN CIRCUIT IHC DREDGERS BV - TSHD5500 DCI-3 ALEWIJNSE MARINE B.V. M D 27 No part of this work may be copied, stored or published without prior written permission of Alewijnse Marine Systems. > < 5-12-2013 05-12-2013 AS BUILT * NO DELIVERY  ALEWIJNSE : : : :   PANEL IP23 1 24-1-2011 IEN CHK REV 11L -30 PVR 14 13 12 11 10 09 08 07 06 05 04 03 02 01 STAT IEN ""11L"" MAIN DISTRIBUTION BOARD 3X230V   ENERGIEWEG 46/C 6541 CX NIJME"
test1_main_distribution_board,Test/Test 1/23000143 11L REV 1 AS BUILT 5-12-2013 Pg No 47-53.pdf,22,spare_parts_table,low,image heuristic fallback,spare_parts_table,0.48,"32 LROS/IRS 23000143 CO1266 Page Class Project Yard no SECTION 1 BUSTIE INCOMING 24VDC MAIN CIRCUIT IHC DREDGERS BV - TSHD5500 DCI-3 ALEWIJNSE MARINE B.V. M D 30 No part of this work may be copied, stored or published without prior written permission of Alewijnse Marine Systems. > < 5-12-2013 05-12-2013 AS BUILT * NO DELIVERY  ALEWIJNSE : : : :   PANEL IP23 1 24-1-2011 IEN CHK REV 11L -31 PVR 14 13 12 11 10 09 08 07 06 05 04 03 02 01 STAT IEN ""11L"" MAIN DISTRIBUTION BOARD 3X230V   ENERGIEWEG 46/"
test1_main_distribution_board,Test/Test 1/23000143 11L REV 1 AS BUILT 5-12-2013 Pg No 47-53.pdf,23,spare_parts_table,low,image heuristic fallback,spare_parts_table,0.48,"33 LROS/IRS 23000143 CO1266 Page Class Project Yard no SECTION 1 BUSTIE VOLTAGE CONTROL IHC DREDGERS BV - TSHD5500 DCI-3 ALEWIJNSE MARINE B.V. M D 31 No part of this work may be copied, stored or published without prior written permission of Alewijnse Marine Systems. > < 5-12-2013 05-12-2013 AS BUILT * NO DELIVERY  ALEWIJNSE : : : :   PANEL IP23 1 24-1-2011 IEN CHK REV 11L -32 PVR 14 13 12 11 10 09 08 07 06 05 04 03 02 01 STAT IEN ""11L"" MAIN DISTRIBUTION BOARD 3X230V   ENERGIEWEG 46/C 6541 CX NI"
test1_main_distribution_board,Test/Test 1/23000143 11L REV 1 AS BUILT 5-12-2013 Pg No 47-53.pdf,24,spare_parts_table,low,image heuristic fallback,spare_parts_table,0.48,"34 LROS/IRS 23000143 CO1266 Page Class Project Yard no SECTION 1 BUSTIE CONTROL CIRCUIT IHC DREDGERS BV - TSHD5500 DCI-3 ALEWIJNSE MARINE B.V. M D 32 No part of this work may be copied, stored or published without prior written permission of Alewijnse Marine Systems. > < 5-12-2013 05-12-2013 AS BUILT * NO DELIVERY  ALEWIJNSE : : : :   PANEL IP23 1 24-1-2011 IEN CHK REV 11L -33 PVR 14 13 12 11 10 09 08 07 06 05 04 03 02 01 STAT IEN ""11L"" MAIN DISTRIBUTION BOARD 3X230V   ENERGIEWEG 46/C 6541 CX NI"
test1_main_distribution_board,Test/Test 1/23000143 11L REV 1 AS BUILT 5-12-2013 Pg No 47-53.pdf,25,spare_parts_table,low,image heuristic fallback,spare_parts_table,0.48,"35 LROS/IRS 23000143 CO1266 Page Class Project Yard no SECTION 1 BUSTIE SIGNALING IHC DREDGERS BV - TSHD5500 DCI-3 ALEWIJNSE MARINE B.V. M D 33 No part of this work may be copied, stored or published without prior written permission of Alewijnse Marine Systems. > < 5-12-2013 05-12-2013 AS BUILT * NO DELIVERY  ALEWIJNSE : : : :   PANEL IP23 1 24-1-2011 IEN CHK REV 11L -34 PVR 14 13 12 11 10 09 08 07 06 05 04 03 02 01 STAT IEN ""11L"" MAIN DISTRIBUTION BOARD 3X230V   ENERGIEWEG 46/C 6541 CX NIJMEGEN"
test1_main_distribution_board,Test/Test 1/23000143 11L REV 1 AS BUILT 5-12-2013 Pg No 47-53.pdf,26,spare_parts_table,low,image heuristic fallback,spare_parts_table,0.48,"36 LROS/IRS 23000143 CO1266 Page Class Project Yard no SECTION 2 VENTILATION / LIGHTING / HEATING IHC DREDGERS BV - TSHD5500 DCI-3 ALEWIJNSE MARINE B.V. M D 34 No part of this work may be copied, stored or published without prior written permission of Alewijnse Marine Systems. > < 5-12-2013 05-12-2013 AS BUILT * NO DELIVERY  ALEWIJNSE : : : :   PANEL IP23 1 24-1-2011 IEN CHK REV 11L -35 PVR 14 13 12 11 10 09 08 07 06 05 04 03 02 01 STAT IEN ""11L"" MAIN DISTRIBUTION BOARD 3X230V   ENERGIEWEG 46/C "
test1_main_distribution_board,Test/Test 1/23000143 11L REV 1 AS BUILT 5-12-2013 Pg No 47-53.pdf,27,spare_parts_table,low,image heuristic fallback,spare_parts_table,0.48,"37 LROS/IRS 23000143 CO1266 Page Class Project Yard no SECTION 2 OUTDOOR LIGHTING CONTROL CIRCUIT IHC DREDGERS BV - TSHD5500 DCI-3 ALEWIJNSE MARINE B.V. M D 35 No part of this work may be copied, stored or published without prior written permission of Alewijnse Marine Systems. > < 5-12-2013 05-12-2013 AS BUILT * NO DELIVERY  ALEWIJNSE : : : :   PANEL IP23 1 24-1-2011 IEN CHK REV 11L -36 PVR 14 13 12 11 10 09 08 07 06 05 04 03 02 01 STAT IEN ""11L"" MAIN DISTRIBUTION BOARD 3X230V   ENERGIEWEG 46/C "
test1_main_distribution_board,Test/Test 1/23000143 11L REV 1 AS BUILT 5-12-2013 Pg No 47-53.pdf,28,spare_parts_table,low,image heuristic fallback,spare_parts_table,0.48,"40 LROS/IRS 23000143 CO1266 Page Class Project Yard no SECTION 2 OUTDOOR LIGHTING CONTROL CIRCUIT IHC DREDGERS BV - TSHD5500 DCI-3 ALEWIJNSE MARINE B.V. M D 36 No part of this work may be copied, stored or published without prior written permission of Alewijnse Marine Systems. > < 5-12-2013 05-12-2013 AS BUILT * NO DELIVERY  ALEWIJNSE : : : :   PANEL IP23 1 24-1-2011 IEN CHK REV 11L -37 PVR 14 13 12 11 10 09 08 07 06 05 04 03 02 01 STAT IEN ""11L"" MAIN DISTRIBUTION BOARD 3X230V   ENERGIEWEG 46/C "
test1_main_distribution_board,Test/Test 1/23000143 11L REV 1 AS BUILT 5-12-2013 Pg No 47-53.pdf,29,spare_parts_table,low,image heuristic fallback,spare_parts_table,0.48,"41 LROS/IRS 23000143 CO1266 Page Class Project Yard no SECTION 2 DISTRIBUTION GROUPS IHC DREDGERS BV - TSHD5500 DCI-3 ALEWIJNSE MARINE B.V. M D 37 No part of this work may be copied, stored or published without prior written permission of Alewijnse Marine Systems. > < 5-12-2013 05-12-2013 AS BUILT * NO DELIVERY  ALEWIJNSE : : : :   PANEL IP23 1 24-1-2011 IEN CHK REV 11L -40 PVR 14 13 12 11 10 09 08 07 06 05 04 03 02 01 STAT IEN ""11L"" MAIN DISTRIBUTION BOARD 3X230V   ENERGIEWEG 46/C 6541 CX NIJME"
test1_main_distribution_board,Test/Test 1/23000143 11L REV 1 AS BUILT 5-12-2013 Pg No 47-53.pdf,30,spare_parts_table,low,image heuristic fallback,spare_parts_table,0.48,"42 LROS/IRS 23000143 CO1266 Page Class Project Yard no SECTION 2 DISTRIBUTION GROUPS IHC DREDGERS BV - TSHD5500 DCI-3 ALEWIJNSE MARINE B.V. M D 40 No part of this work may be copied, stored or published without prior written permission of Alewijnse Marine Systems. > < 5-12-2013 05-12-2013 AS BUILT * NO DELIVERY  ALEWIJNSE : : : :   PANEL IP23 1 24-1-2011 IEN CHK REV 11L -41 PVR 14 13 12 11 10 09 08 07 06 05 04 03 02 01 STAT IEN ""11L"" MAIN DISTRIBUTION BOARD 3X230V   ENERGIEWEG 46/C 6541 CX NIJME"
test1_main_distribution_board,Test/Test 1/23000143 11L REV 1 AS BUILT 5-12-2013 Pg No 47-53.pdf,31,spare_parts_table,low,image heuristic fallback,spare_parts_table,0.48,"43 LROS/IRS 23000143 CO1266 Page Class Project Yard no SECTION 2 EXHAUST FAN SANITARY SPACE AFT SHIP - E9 CONTROL CIRCUIT IHC DREDGERS BV - TSHD5500 DCI-3 ALEWIJNSE MARINE B.V. M D 41 No part of this work may be copied, stored or published without prior written permission of Alewijnse Marine Systems. > < 5-12-2013 05-12-2013 AS BUILT * NO DELIVERY  ALEWIJNSE : : : :   PANEL IP23 1 24-1-2011 IEN CHK REV 11L -42 PVR 14 13 12 11 10 09 08 07 06 05 04 03 02 01 STAT IEN ""11L"" MAIN DISTRIBUTION BOARD 3"
test1_main_distribution_board,Test/Test 1/23000143 11L REV 1 AS BUILT 5-12-2013 Pg No 47-53.pdf,32,spare_parts_table,low,image heuristic fallback,spare_parts_table,0.48,"44 LROS/IRS 23000143 CO1266 Page Class Project Yard no SECTION 2 EXHAUST FAN PAINT STORE - E8 CONTROL CIRCUIT IHC DREDGERS BV - TSHD5500 DCI-3 ALEWIJNSE MARINE B.V. M D 42 No part of this work may be copied, stored or published without prior written permission of Alewijnse Marine Systems. > < 5-12-2013 05-12-2013 AS BUILT * NO DELIVERY  ALEWIJNSE : : : :   PANEL IP23 1 24-1-2011 IEN CHK REV 11L -43 PVR 14 13 12 11 10 09 08 07 06 05 04 03 02 01 STAT IEN ""11L"" MAIN DISTRIBUTION BOARD 3X230V   ENER"
test1_main_distribution_board,Test/Test 1/23000143 11L REV 1 AS BUILT 5-12-2013 Pg No 47-53.pdf,33,spare_parts_table,low,image heuristic fallback,spare_parts_table,0.48,"45 LROS/IRS 23000143 CO1266 Page Class Project Yard no SECTION 2 DISTRIBUTION GROUPS IHC DREDGERS BV - TSHD5500 DCI-3 ALEWIJNSE MARINE B.V. M D 43 No part of this work may be copied, stored or published without prior written permission of Alewijnse Marine Systems. > < 5-12-2013 05-12-2013 AS BUILT * NO DELIVERY  ALEWIJNSE : : : :   PANEL IP23 1 24-1-2011 IEN CHK REV 11L -44 PVR 14 13 12 11 10 09 08 07 06 05 04 03 02 01 STAT IEN ""11L"" MAIN DISTRIBUTION BOARD 3X230V   ENERGIEWEG 46/C 6541 CX NIJME"
test1_main_distribution_board,Test/Test 1/23000143 11L REV 1 AS BUILT 5-12-2013 Pg No 47-53.pdf,34,spare_parts_table,low,image heuristic fallback,spare_parts_table,0.48,"46 LROS/IRS 23000143 CO1266 Page Class Project Yard no SECTION 2 DISTRIBUTION GROUPS IHC DREDGERS BV - TSHD5500 DCI-3 ALEWIJNSE MARINE B.V. M D 44 No part of this work may be copied, stored or published without prior written permission of Alewijnse Marine Systems. > < 5-12-2013 05-12-2013 AS BUILT * NO DELIVERY  ALEWIJNSE : : : :   PANEL IP23 1 24-1-2011 IEN CHK REV 11L -45 PVR 14 13 12 11 10 09 08 07 06 05 04 03 02 01 STAT IEN ""11L"" MAIN DISTRIBUTION BOARD 3X230V   ENERGIEWEG 46/C 6541 CX NIJME"
test1_main_distribution_board,Test/Test 1/23000143 11L REV 1 AS BUILT 5-12-2013 Pg No 47-53.pdf,35,spare_parts_table,low,image heuristic fallback,spare_parts_table,0.48,"47 LROS/IRS 23000143 CO1266 Page Class Project Yard no SECTION 2 DISTRIBUTION GROUPS IHC DREDGERS BV - TSHD5500 DCI-3 ALEWIJNSE MARINE B.V. M D 45 No part of this work may be copied, stored or published without prior written permission of Alewijnse Marine Systems. > < 5-12-2013 05-12-2013 AS BUILT * NO DELIVERY  ALEWIJNSE : : : :   PANEL IP23 1 24-1-2011 IEN CHK REV 11L -46 PVR 14 13 12 11 10 09 08 07 06 05 04 03 02 01 STAT IEN ""11L"" MAIN DISTRIBUTION BOARD 3X230V   ENERGIEWEG 46/C 6541 CX NIJME"
test1_main_distribution_board,Test/Test 1/23000143 11L REV 1 AS BUILT 5-12-2013 Pg No 47-53.pdf,36,spare_parts_table,low,image heuristic fallback,spare_parts_table,0.48,"48 LROS/IRS 23000143 CO1266 Page Class Project Yard no SECTION 2 DISTRIBUTION GROUPS IHC DREDGERS BV - TSHD5500 DCI-3 ALEWIJNSE MARINE B.V. M D 46 No part of this work may be copied, stored or published without prior written permission of Alewijnse Marine Systems. > < 5-12-2013 05-12-2013 AS BUILT * NO DELIVERY  ALEWIJNSE : : : :   PANEL IP23 1 24-1-2011 IEN CHK REV 11L -47 PVR 14 13 12 11 10 09 08 07 06 05 04 03 02 01 STAT IEN ""11L"" MAIN DISTRIBUTION BOARD 3X230V   ENERGIEWEG 46/C 6541 CX NIJME"
test1_main_distribution_board,Test/Test 1/23000143 11L REV 1 AS BUILT 5-12-2013 Pg No 47-53.pdf,37,spare_parts_table,low,image heuristic fallback,spare_parts_table,0.48,"49 LROS/IRS 23000143 CO1266 Page Class Project Yard no SECTION 2 DISTRIBUTION GROUPS IHC DREDGERS BV - TSHD5500 DCI-3 ALEWIJNSE MARINE B.V. M D 47 No part of this work may be copied, stored or published without prior written permission of Alewijnse Marine Systems. > < 5-12-2013 05-12-2013 AS BUILT * NO DELIVERY  ALEWIJNSE : : : :   PANEL IP23 1 24-1-2011 IEN CHK REV 11L -48 PVR 14 13 12 11 10 09 08 07 06 05 04 03 02 01 STAT IEN ""11L"" MAIN DISTRIBUTION BOARD 3X230V   ENERGIEWEG 46/C 6541 CX NIJME"
test1_main_distribution_board,Test/Test 1/23000143 11L REV 1 AS BUILT 5-12-2013 Pg No 47-53.pdf,38,spare_parts_table,low,image heuristic fallback,spare_parts_table,0.48,"50 LROS/IRS 23000143 CO1266 Page Class Project Yard no SECTION 2 DISTRIBUTION GROUPS IHC DREDGERS BV - TSHD5500 DCI-3 ALEWIJNSE MARINE B.V. M D 48 No part of this work may be copied, stored or published without prior written permission of Alewijnse Marine Systems. > < 5-12-2013 05-12-2013 AS BUILT * NO DELIVERY  ALEWIJNSE : : : :   PANEL IP23 1 24-1-2011 IEN CHK REV 11L -49 PVR 14 13 12 11 10 09 08 07 06 05 04 03 02 01 STAT IEN ""11L"" MAIN DISTRIBUTION BOARD 3X230V   ENERGIEWEG 46/C 6541 CX NIJME"
test1_main_distribution_board,Test/Test 1/23000143 11L REV 1 AS BUILT 5-12-2013 Pg No 47-53.pdf,39,spare_parts_table,low,image heuristic fallback,spare_parts_table,0.48,"51 LROS/IRS 23000143 CO1266 Page Class Project Yard no SECTION 2 DISTRIBUTION GROUPS IHC DREDGERS BV - TSHD5500 DCI-3 ALEWIJNSE MARINE B.V. M D 49 No part of this work may be copied, stored or published without prior written permission of Alewijnse Marine Systems. > < 5-12-2013 05-12-2013 AS BUILT * NO DELIVERY  ALEWIJNSE : : : :   PANEL IP23 1 24-1-2011 IEN CHK REV 11L -50 PVR 14 13 12 11 10 09 08 07 06 05 04 03 02 01 STAT IEN ""11L"" MAIN DISTRIBUTION BOARD 3X230V   ENERGIEWEG 46/C 6541 CX NIJME"
test1_main_distribution_board,Test/Test 1/23000143 11L REV 1 AS BUILT 5-12-2013 Pg No 47-53.pdf,40,spare_parts_table,low,image heuristic fallback,spare_parts_table,0.48,"52 LROS/IRS 23000143 CO1266 Page Class Project Yard no SECTION 2 DISTRIBUTION GROUPS IHC DREDGERS BV - TSHD5500 DCI-3 ALEWIJNSE MARINE B.V. M D 50 No part of this work may be copied, stored or published without prior written permission of Alewijnse Marine Systems. > < 5-12-2013 05-12-2013 AS BUILT * NO DELIVERY  ALEWIJNSE : : : :   PANEL IP23 1 24-1-2011 IEN CHK REV 11L -51 PVR 14 13 12 11 10 09 08 07 06 05 04 03 02 01 STAT IEN ""11L"" MAIN DISTRIBUTION BOARD 3X230V   ENERGIEWEG 46/C 6541 CX NIJME"
test1_main_distribution_board,Test/Test 1/23000143 11L REV 1 AS BUILT 5-12-2013 Pg No 47-53.pdf,41,spare_parts_table,low,image heuristic fallback,spare_parts_table,0.48,"55 LROS/IRS 23000143 CO1266 Page Class Project Yard no SECTION 2 DISTRIBUTION GROUPS IHC DREDGERS BV - TSHD5500 DCI-3 ALEWIJNSE MARINE B.V. M D 51 No part of this work may be copied, stored or published without prior written permission of Alewijnse Marine Systems. > < 5-12-2013 05-12-2013 AS BUILT * NO DELIVERY  ALEWIJNSE : : : :   PANEL IP23 1 24-1-2011 IEN CHK REV 11L -52 PVR 14 13 12 11 10 09 08 07 06 05 04 03 02 01 STAT IEN ""11L"" MAIN DISTRIBUTION BOARD 3X230V   ENERGIEWEG 46/C 6541 CX NIJME"
test1_main_distribution_board,Test/Test 1/23000143 11L REV 1 AS BUILT 5-12-2013 Pg No 47-53.pdf,42,spare_parts_table,low,image heuristic fallback,spare_parts_table,0.48,"56 LROS/IRS 23000143 CO1266 Page Class Project Yard no SECTION 2 INCOMING FEEDER SB MAIN CIRCUIT IHC DREDGERS BV - TSHD5500 DCI-3 ALEWIJNSE MARINE B.V. M D 52 No part of this work may be copied, stored or published without prior written permission of Alewijnse Marine Systems. > < 5-12-2013 05-12-2013 AS BUILT * NO DELIVERY  ALEWIJNSE : : : :   PANEL IP23 1 24-1-2011 IEN CHK REV 11L -55 PVR 14 13 12 11 10 09 08 07 06 05 04 03 02 01 STAT IEN ""11L"" MAIN DISTRIBUTION BOARD 3X230V   ENERGIEWEG 46/C 6"
test1_main_distribution_board,Test/Test 1/23000143 11L REV 1 AS BUILT 5-12-2013 Pg No 47-53.pdf,43,spare_parts_table,low,image heuristic fallback,spare_parts_table,0.48,"57 LROS/IRS 23000143 CO1266 Page Class Project Yard no SECTION 1 INCOMING FEEDER SB CONTROL CIRCUIT IHC DREDGERS BV - TSHD5500 DCI-3 ALEWIJNSE MARINE B.V. M D 55 No part of this work may be copied, stored or published without prior written permission of Alewijnse Marine Systems. > < 5-12-2013 05-12-2013 AS BUILT * NO DELIVERY  ALEWIJNSE : : : :   PANEL IP23 1 24-1-2011 IEN CHK REV 11L -56 PVR 14 13 12 11 10 09 08 07 06 05 04 03 02 01 STAT IEN ""11L"" MAIN DISTRIBUTION BOARD 3X230V   ENERGIEWEG 46/"
test1_main_distribution_board,Test/Test 1/23000143 11L REV 1 AS BUILT 5-12-2013 Pg No 47-53.pdf,44,spare_parts_table,low,image heuristic fallback,spare_parts_table,0.48,"58 LROS/IRS 23000143 CO1266 Page Class Project Yard no SECTION 1 INCOMING FEEDER SB MEASURING AND PROTECTION IHC DREDGERS BV - TSHD5500 DCI-3 ALEWIJNSE MARINE B.V. M D 56 No part of this work may be copied, stored or published without prior written permission of Alewijnse Marine Systems. > < 5-12-2013 05-12-2013 AS BUILT * NO DELIVERY  ALEWIJNSE : : : :   PANEL IP23 1 24-1-2011 IEN CHK REV 11L -57 PVR 14 13 12 11 10 09 08 07 06 05 04 03 02 01 STAT IEN ""11L"" MAIN DISTRIBUTION BOARD 3X230V   ENERG"
test1_main_distribution_board,Test/Test 1/23000143 11L REV 1 AS BUILT 5-12-2013 Pg No 47-53.pdf,45,spare_parts_table,low,image heuristic fallback,spare_parts_table,0.48,"59 LROS/IRS 23000143 CO1266 Page Class Project Yard no SECTION 1 INCOMING FEEDER SB SIGNALING IHC DREDGERS BV - TSHD5500 DCI-3 ALEWIJNSE MARINE B.V. M D 57 No part of this work may be copied, stored or published without prior written permission of Alewijnse Marine Systems. > < 5-12-2013 05-12-2013 AS BUILT * NO DELIVERY  ALEWIJNSE : : : :   PANEL IP23 1 24-1-2011 IEN CHK REV 11L -58 PVR 14 13 12 11 10 09 08 07 06 05 04 03 02 01 STAT IEN ""11L"" MAIN DISTRIBUTION BOARD 3X230V   ENERGIEWEG 46/C 6541"
test1_main_distribution_board,Test/Test 1/23000143 11L REV 1 AS BUILT 5-12-2013 Pg No 47-53.pdf,46,spare_parts_table,low,image heuristic fallback,spare_parts_table,0.48,"8000 LROS/IRS 23000143 CO1266 Page Class Project Yard no SECTION 1 ALARMS IHC DREDGERS BV - TSHD5500 DCI-3 ALEWIJNSE MARINE B.V. M D 58 No part of this work may be copied, stored or published without prior written permission of Alewijnse Marine Systems. > < 5-12-2013 05-12-2013 AS BUILT * NO DELIVERY  ALEWIJNSE : : : :   PANEL IP23 1 24-1-2011 IEN CHK REV 11L -59 PVR 14 13 12 11 10 09 08 07 06 05 04 03 02 01 STAT IEN ""11L"" MAIN DISTRIBUTION BOARD 3X230V   ENERGIEWEG 46/C 6541 CX NIJMEGEN TO AMS "
test1_main_distribution_board,Test/Test 1/23000143 11L REV 1 AS BUILT 5-12-2013 Pg No 47-53.pdf,47,spare_parts_table,medium,spare/list keyword,index_page,0.58,"8000.a LROS/IRS 23000143 CO1266 Page Class Project Yard no PARTS LIST IHC DREDGERS BV - TSHD5500 DCI-3 ALEWIJNSE MARINE B.V. M D 59 No part of this work may be copied, stored or published without prior written permission of Alewijnse Marine Systems. > < 5-12-2013 05-12-2013 AS BUILT : : : : 1 24-1-2011 IEN CHK REV 11L -8000 PVR 14 13 12 11 10 09 08 07 06 05 04 03 02 01 STAT IEN ""11L"" MAIN DISTRIBUTION BOARD 3X230V   ENERGIEWEG 46/C 6541 CX NIJMEGEN 11L PARTS LIST DEVICE QTY DESCRIPTION MANUFACTU"
test1_main_distribution_board,Test/Test 1/23000143 11L REV 1 AS BUILT 5-12-2013 Pg No 47-53.pdf,48,spare_parts_table,medium,spare/list keyword,index_page,0.58,"8000.b LROS/IRS 23000143 CO1266 Page Class Project Yard no PARTS LIST IHC DREDGERS BV - TSHD5500 DCI-3 ALEWIJNSE MARINE B.V. M D 8000 No part of this work may be copied, stored or published without prior written permission of Alewijnse Marine Systems. > < 5-12-2013 05-12-2013 AS BUILT : : : : 1 24-1-2011 IEN CHK REV 11L -8000.a PVR 14 13 12 11 10 09 08 07 06 05 04 03 02 01 STAT IEN ""11L"" MAIN DISTRIBUTION BOARD 3X230V   ENERGIEWEG 46/C 6541 CX NIJMEGEN 11L PARTS LIST DEVICE QTY DESCRIPTION MANUF"
test1_main_distribution_board,Test/Test 1/23000143 11L REV 1 AS BUILT 5-12-2013 Pg No 47-53.pdf,49,spare_parts_table,medium,spare/list keyword,index_page,0.58,"8000.c LROS/IRS 23000143 CO1266 Page Class Project Yard no PARTS LIST IHC DREDGERS BV - TSHD5500 DCI-3 ALEWIJNSE MARINE B.V. M D 8000.a No part of this work may be copied, stored or published without prior written permission of Alewijnse Marine Systems. > < 5-12-2013 05-12-2013 AS BUILT : : : : 1 24-1-2011 IEN CHK REV 11L -8000.b PVR 14 13 12 11 10 09 08 07 06 05 04 03 02 01 STAT IEN ""11L"" MAIN DISTRIBUTION BOARD 3X230V   ENERGIEWEG 46/C 6541 CX NIJMEGEN 11L PARTS LIST DEVICE QTY DESCRIPTION MAN"
test1_main_distribution_board,Test/Test 1/23000143 11L REV 1 AS BUILT 5-12-2013 Pg No 47-53.pdf,50,spare_parts_table,medium,spare/list keyword,index_page,0.58,"8000.d LROS/IRS 23000143 CO1266 Page Class Project Yard no PARTS LIST IHC DREDGERS BV - TSHD5500 DCI-3 ALEWIJNSE MARINE B.V. M D 8000.b No part of this work may be copied, stored or published without prior written permission of Alewijnse Marine Systems. > < 5-12-2013 05-12-2013 AS BUILT : : : : 1 24-1-2011 IEN CHK REV 11L -8000.c PVR 14 13 12 11 10 09 08 07 06 05 04 03 02 01 STAT IEN ""11L"" MAIN DISTRIBUTION BOARD 3X230V   ENERGIEWEG 46/C 6541 CX NIJMEGEN 11L PARTS LIST DEVICE QTY DESCRIPTION MAN"
test1_main_distribution_board,Test/Test 1/23000143 11L REV 1 AS BUILT 5-12-2013 Pg No 47-53.pdf,51,spare_parts_table,medium,spare/list keyword,index_page,0.58,"8000.e LROS/IRS 23000143 CO1266 Page Class Project Yard no PARTS LIST IHC DREDGERS BV - TSHD5500 DCI-3 ALEWIJNSE MARINE B.V. M D 8000.c No part of this work may be copied, stored or published without prior written permission of Alewijnse Marine Systems. > < 5-12-2013 05-12-2013 AS BUILT : : : : 1 24-1-2011 IEN CHK REV 11L -8000.d PVR 14 13 12 11 10 09 08 07 06 05 04 03 02 01 STAT IEN ""11L"" MAIN DISTRIBUTION BOARD 3X230V   ENERGIEWEG 46/C 6541 CX NIJMEGEN 11L PARTS LIST DEVICE QTY DESCRIPTION MAN"
test1_main_distribution_board,Test/Test 1/23000143 11L REV 1 AS BUILT 5-12-2013 Pg No 47-53.pdf,52,spare_parts_table,medium,spare/list keyword,index_page,0.58,"8000.f LROS/IRS 23000143 CO1266 Page Class Project Yard no PARTS LIST IHC DREDGERS BV - TSHD5500 DCI-3 ALEWIJNSE MARINE B.V. M D 8000.d No part of this work may be copied, stored or published without prior written permission of Alewijnse Marine Systems. > < 5-12-2013 05-12-2013 AS BUILT : : : : 1 24-1-2011 IEN CHK REV 11L -8000.e PVR 14 13 12 11 10 09 08 07 06 05 04 03 02 01 STAT IEN ""11L"" MAIN DISTRIBUTION BOARD 3X230V   ENERGIEWEG 46/C 6541 CX NIJMEGEN 11L PARTS LIST DEVICE QTY DESCRIPTION MAN"
test1_main_distribution_board,Test/Test 1/23000143 11L REV 1 AS BUILT 5-12-2013 Pg No 47-53.pdf,53,spare_parts_table,medium,spare/list keyword,spare_parts_table,0.48,"==11L5/01 LROS/IRS 23000143 CO1266 Page Class Project Yard no PARTS LIST IHC DREDGERS BV - TSHD5500 DCI-3 ALEWIJNSE MARINE B.V. M D 8000.e No part of this work may be copied, stored or published without prior written permission of Alewijnse Marine Systems. > < 5-12-2013 05-12-2013 AS BUILT : : : : 1 24-1-2011 IEN CHK REV 11L -8000.f PVR 14 13 12 11 10 09 08 07 06 05 04 03 02 01 STAT IEN ""11L"" MAIN DISTRIBUTION BOARD 3X230V   ENERGIEWEG 46/C 6541 CX NIJMEGEN 11L PARTS LIST DEVICE QTY DESCRIPTION "
test2_distribution_board_fixture_only,Test/Test 2/23000143 12EP REV 1 AS BUILT 5-12-2013 Pg No 45-54 .pdf,1,spare_parts_table,low,image heuristic fallback,spare_parts_table,0.48,"ENERGIEWEG 46/c 6541 CX NIJMEGEN P.O. BOX 6973 6503 GL NIJMEGEN THE NETHERLANDS CUSTOMER SUPPORT :  +31 243716311 :  +31 243716310 :  am@alewijnse.nl : +31 243716342 :  service.amn@alewijnse.nl ELECTRIC INSTALLATION TSHD5500 DCI-3 CO1266 TEL FAX EMAIL TEL EMAIL IHC DREDGERS BV - TSHD5500 DCI-3 ""12EP"" EMERGENCY DISTRIBUTION BOARD 3X415V  "
test2_distribution_board_fixture_only,Test/Test 2/23000143 12EP REV 1 AS BUILT 5-12-2013 Pg No 45-54 .pdf,2,index_page,medium,contents/index keyword,index_page,0.58,"1.a LROS/IRS 23000143 CO1266 Page Class Project Yard no TABLE OF CONTENTS IHC DREDGERS BV - TSHD5500 DCI-3 ALEWIJNSE MARINE B.V. M D 0 No part of this work may be copied, stored or published without prior written permission of Alewijnse Marine Systems. > < 5-12-2013 05-12-2013 AS BUILT : : : : 1 24-1-2011 IEN CHK REV 12EP -1 PVR 14 13 12 11 10 09 08 07 06 05 04 03 02 01 STAT IEN ""12EP"" EMERGENCY DISTRIBUTION BOARD 3X415V   ENERGIEWEG 46/C 6541 CX NIJMEGEN TABLE OF CONTENTS PAGE SYSTEM DESCRIPTIO"
test2_distribution_board_fixture_only,Test/Test 2/23000143 12EP REV 1 AS BUILT 5-12-2013 Pg No 45-54 .pdf,3,index_page,medium,contents/index keyword,index_page,0.58,"10 LROS/IRS 23000143 CO1266 Page Class Project Yard no TABLE OF CONTENTS IHC DREDGERS BV - TSHD5500 DCI-3 ALEWIJNSE MARINE B.V. M D 1 No part of this work may be copied, stored or published without prior written permission of Alewijnse Marine Systems. > < 5-12-2013 05-12-2013 AS BUILT : : : : 1 24-1-2011 IEN CHK REV 12EP -1.a PVR 14 13 12 11 10 09 08 07 06 05 04 03 02 01 STAT IEN ""12EP"" EMERGENCY DISTRIBUTION BOARD 3X415V   ENERGIEWEG 46/C 6541 CX NIJMEGEN TABLE OF CONTENTS PAGE SYSTEM DESCRIPTI"
test2_distribution_board_fixture_only,Test/Test 2/23000143 12EP REV 1 AS BUILT 5-12-2013 Pg No 45-54 .pdf,4,index_page,medium,image heuristic fallback,index_page,0.58,"11 LROS/IRS 23000143 CO1266 Page Class Project Yard no SECTION 1 EMERGENCY GENERATOR MAIN CIRCUIT IHC DREDGERS BV - TSHD5500 DCI-3 ALEWIJNSE MARINE B.V. M D 1.a No part of this work may be copied, stored or published without prior written permission of Alewijnse Marine Systems. > < 5-12-2013 05-12-2013 AS BUILT * NO DELIVERY  ALEWIJNSE : : : :   PANEL IP23 1 24-1-2011 IEN CHK REV 12EP -10 PVR 14 13 12 11 10 09 08 07 06 05 04 03 02 01 STAT IEN ""12EP"" EMERGENCY DISTRIBUTION BOARD 3X415V   ENERGIEW"
test2_distribution_board_fixture_only,Test/Test 2/23000143 12EP REV 1 AS BUILT 5-12-2013 Pg No 45-54 .pdf,5,spare_parts_table,low,image heuristic fallback,spare_parts_table,0.48,"12 LROS/IRS 23000143 CO1266 Page Class Project Yard no SECTION 1 EMERGENCY GENERATOR MAIN CIRCUIT IHC DREDGERS BV - TSHD5500 DCI-3 ALEWIJNSE MARINE B.V. M D 10 No part of this work may be copied, stored or published without prior written permission of Alewijnse Marine Systems. > < 5-12-2013 05-12-2013 AS BUILT * NO DELIVERY  ALEWIJNSE : : : :   PANEL IP23 1 24-1-2011 IEN CHK REV 12EP -11 PVR 14 13 12 11 10 09 08 07 06 05 04 03 02 01 STAT IEN ""12EP"" EMERGENCY DISTRIBUTION BOARD 3X415V   ENERGIEWE"
test2_distribution_board_fixture_only,Test/Test 2/23000143 12EP REV 1 AS BUILT 5-12-2013 Pg No 45-54 .pdf,6,spare_parts_table,low,image heuristic fallback,spare_parts_table,0.48,"13 LROS/IRS 23000143 CO1266 Page Class Project Yard no SECTION 1 DISTRIBUTION 230VAC MAIN CIRCUIT IHC DREDGERS BV - TSHD5500 DCI-3 ALEWIJNSE MARINE B.V. M D 11 No part of this work may be copied, stored or published without prior written permission of Alewijnse Marine Systems. > < 5-12-2013 05-12-2013 AS BUILT * NO DELIVERY  ALEWIJNSE : : : :   PANEL IP23 1 24-1-2011 IEN CHK REV 12EP -12 PVR 14 13 12 11 10 09 08 07 06 05 04 03 02 01 STAT IEN ""12EP"" EMERGENCY DISTRIBUTION BOARD 3X415V   ENERGIEWE"
test2_distribution_board_fixture_only,Test/Test 2/23000143 12EP REV 1 AS BUILT 5-12-2013 Pg No 45-54 .pdf,7,spare_parts_table,low,image heuristic fallback,spare_parts_table,0.48,"14 LROS/IRS 23000143 CO1266 Page Class Project Yard no SECTION 1 DISTRIBUTION 24VDC MAIN CIRCUIT IHC DREDGERS BV - TSHD5500 DCI-3 ALEWIJNSE MARINE B.V. M D 12 No part of this work may be copied, stored or published without prior written permission of Alewijnse Marine Systems. > < 5-12-2013 05-12-2013 AS BUILT * NO DELIVERY  ALEWIJNSE : : : :   PANEL IP23 1 24-1-2011 IEN CHK REV 12EP -13 PVR 14 13 12 11 10 09 08 07 06 05 04 03 02 01 STAT IEN ""12EP"" EMERGENCY DISTRIBUTION BOARD 3X415V   ENERGIEWEG"
test2_distribution_board_fixture_only,Test/Test 2/23000143 12EP REV 1 AS BUILT 5-12-2013 Pg No 45-54 .pdf,8,spare_parts_table,low,image heuristic fallback,spare_parts_table,0.48,"15 LROS/IRS 23000143 CO1266 Page Class Project Yard no SECTION 1 EMERGENCY GENERATOR CONTROL CIRCUIT BREAKER IHC DREDGERS BV - TSHD5500 DCI-3 ALEWIJNSE MARINE B.V. M D 13 No part of this work may be copied, stored or published without prior written permission of Alewijnse Marine Systems. > < 5-12-2013 05-12-2013 AS BUILT * NO DELIVERY  ALEWIJNSE : : : :   PANEL IP23 1 24-1-2011 IEN CHK REV 12EP -14 PVR 14 13 12 11 10 09 08 07 06 05 04 03 02 01 STAT IEN ""12EP"" EMERGENCY DISTRIBUTION BOARD 3X415V "
test2_distribution_board_fixture_only,Test/Test 2/23000143 12EP REV 1 AS BUILT 5-12-2013 Pg No 45-54 .pdf,9,spare_parts_table,low,image heuristic fallback,spare_parts_table,0.48,"16 LROS/IRS 23000143 CO1266 Page Class Project Yard no SECTION 1 EMERGENCY GENERATOR CONTROL CIRCUIT HEATER IHC DREDGERS BV - TSHD5500 DCI-3 ALEWIJNSE MARINE B.V. M D 14 No part of this work may be copied, stored or published without prior written permission of Alewijnse Marine Systems. > < 5-12-2013 05-12-2013 AS BUILT * NO DELIVERY  ALEWIJNSE : : : :   PANEL IP23 1 24-1-2011 IEN CHK REV 12EP -15 PVR 14 13 12 11 10 09 08 07 06 05 04 03 02 01 STAT IEN ""12EP"" EMERGENCY DISTRIBUTION BOARD 3X415V  "
test2_distribution_board_fixture_only,Test/Test 2/23000143 12EP REV 1 AS BUILT 5-12-2013 Pg No 45-54 .pdf,10,index_page,medium,image heuristic fallback,index_page,0.58,"17 LROS/IRS 23000143 CO1266 Page Class Project Yard no SECTION 1 EMERGENCY GENERATOR CONTROL CIRCUIT IHC DREDGERS BV - TSHD5500 DCI-3 ALEWIJNSE MARINE B.V. M D 15 No part of this work may be copied, stored or published without prior written permission of Alewijnse Marine Systems. > < 5-12-2013 05-12-2013 AS BUILT * NO DELIVERY  ALEWIJNSE : : : :   PANEL IP23 1 24-1-2011 IEN CHK REV 12EP -16 PVR 14 13 12 11 10 09 08 07 06 05 04 03 02 01 STAT IEN ""12EP"" EMERGENCY DISTRIBUTION BOARD 3X415V   ENERGI"
test2_distribution_board_fixture_only,Test/Test 2/23000143 12EP REV 1 AS BUILT 5-12-2013 Pg No 45-54 .pdf,11,index_page,medium,image heuristic fallback,index_page,0.58,"18 LROS/IRS 23000143 CO1266 Page Class Project Yard no SECTION 1 EMERGENCY GENERATOR CONTROL CIRCUIT IHC DREDGERS BV - TSHD5500 DCI-3 ALEWIJNSE MARINE B.V. M D 16 No part of this work may be copied, stored or published without prior written permission of Alewijnse Marine Systems. > < 5-12-2013 05-12-2013 AS BUILT * NO DELIVERY  ALEWIJNSE : : : :   PANEL IP23 1 24-1-2011 IEN CHK REV 12EP -17 PVR 14 13 12 11 10 09 08 07 06 05 04 03 02 01 STAT IEN ""12EP"" EMERGENCY DISTRIBUTION BOARD 3X415V   ENERGI"
test2_distribution_board_fixture_only,Test/Test 2/23000143 12EP REV 1 AS BUILT 5-12-2013 Pg No 45-54 .pdf,12,spare_parts_table,low,image heuristic fallback,spare_parts_table,0.48,"19 LROS/IRS 23000143 CO1266 Page Class Project Yard no SECTION 1 EMERGENCY GENERATOR SIGNALING IHC DREDGERS BV - TSHD5500 DCI-3 ALEWIJNSE MARINE B.V. M D 17 No part of this work may be copied, stored or published without prior written permission of Alewijnse Marine Systems. > < 5-12-2013 05-12-2013 AS BUILT * NO DELIVERY  ALEWIJNSE : : : :   PANEL IP23 1 24-1-2011 IEN CHK REV 12EP -18 PVR 14 13 12 11 10 09 08 07 06 05 04 03 02 01 STAT IEN ""12EP"" EMERGENCY DISTRIBUTION BOARD 3X415V   ENERGIEWEG 4"
test2_distribution_board_fixture_only,Test/Test 2/23000143 12EP REV 1 AS BUILT 5-12-2013 Pg No 45-54 .pdf,13,index_page,medium,image heuristic fallback,index_page,0.58,"20 LROS/IRS 23000143 CO1266 Page Class Project Yard no SECTION 1 EMERGENCY GENERATOR MEASURING IHC DREDGERS BV - TSHD5500 DCI-3 ALEWIJNSE MARINE B.V. M D 18 No part of this work may be copied, stored or published without prior written permission of Alewijnse Marine Systems. > < 5-12-2013 05-12-2013 AS BUILT * NO DELIVERY  ALEWIJNSE : : : :   PANEL IP23 1 24-1-2011 IEN CHK REV 12EP -19 PVR 14 13 12 11 10 09 08 07 06 05 04 03 02 01 STAT IEN ""12EP"" EMERGENCY DISTRIBUTION BOARD 3X415V   ENERGIEWEG 4"
test2_distribution_board_fixture_only,Test/Test 2/23000143 12EP REV 1 AS BUILT 5-12-2013 Pg No 45-54 .pdf,14,spare_parts_table,low,image heuristic fallback,spare_parts_table,0.48,"21 LROS/IRS 23000143 CO1266 Page Class Project Yard no SECTION 1 EMERGENCY GENERATOR MEASURING IHC DREDGERS BV - TSHD5500 DCI-3 ALEWIJNSE MARINE B.V. M D 19 No part of this work may be copied, stored or published without prior written permission of Alewijnse Marine Systems. > < 5-12-2013 05-12-2013 AS BUILT * NO DELIVERY  ALEWIJNSE : : : :   PANEL IP23 1 24-1-2011 IEN CHK REV 12EP -20 PVR 14 13 12 11 10 09 08 07 06 05 04 03 02 01 STAT IEN ""12EP"" EMERGENCY DISTRIBUTION BOARD 3X415V   ENERGIEWEG 4"
test2_distribution_board_fixture_only,Test/Test 2/23000143 12EP REV 1 AS BUILT 5-12-2013 Pg No 45-54 .pdf,15,spare_parts_table,low,image heuristic fallback,spare_parts_table,0.48,"22 LROS/IRS 23000143 CO1266 Page Class Project Yard no SECTION 1 EMERGENCY GENERATOR MEASURING IHC DREDGERS BV - TSHD5500 DCI-3 ALEWIJNSE MARINE B.V. M D 20 No part of this work may be copied, stored or published without prior written permission of Alewijnse Marine Systems. > < 5-12-2013 05-12-2013 AS BUILT * NO DELIVERY  ALEWIJNSE : : : :   PANEL IP23 1 24-1-2011 IEN CHK REV 12EP -21 PVR 14 13 12 11 10 09 08 07 06 05 04 03 02 01 STAT IEN ""12EP"" EMERGENCY DISTRIBUTION BOARD 3X415V   ENERGIEWEG 4"
test2_distribution_board_fixture_only,Test/Test 2/23000143 12EP REV 1 AS BUILT 5-12-2013 Pg No 45-54 .pdf,16,spare_parts_table,low,image heuristic fallback,spare_parts_table,0.48,"23 LROS/IRS 23000143 CO1266 Page Class Project Yard no SECTION 1 EMERGENCY GENERATOR MEASURING IHC DREDGERS BV - TSHD5500 DCI-3 ALEWIJNSE MARINE B.V. M D 21 No part of this work may be copied, stored or published without prior written permission of Alewijnse Marine Systems. > < 5-12-2013 05-12-2013 AS BUILT * NO DELIVERY  ALEWIJNSE : : : :   PANEL IP23 1 24-1-2011 IEN CHK REV 12EP -22 PVR 14 13 12 11 10 09 08 07 06 05 04 03 02 01 STAT IEN ""12EP"" EMERGENCY DISTRIBUTION BOARD 3X415V   ENERGIEWEG 4"
test2_distribution_board_fixture_only,Test/Test 2/23000143 12EP REV 1 AS BUILT 5-12-2013 Pg No 45-54 .pdf,17,spare_parts_table,low,image heuristic fallback,spare_parts_table,0.48,"23.a LROS/IRS 23000143 CO1266 Page Class Project Yard no SECTION 1 EMERGENCY GENERATOR ALARMS IHC DREDGERS BV - TSHD5500 DCI-3 ALEWIJNSE MARINE B.V. M D 22 No part of this work may be copied, stored or published without prior written permission of Alewijnse Marine Systems. > < 5-12-2013 05-12-2013 AS BUILT * NO DELIVERY  ALEWIJNSE : : : :   PANEL IP23 1 24-1-2011 IEN CHK REV 12EP -23 PVR 14 13 12 11 10 09 08 07 06 05 04 03 02 01 STAT IEN ""12EP"" EMERGENCY DISTRIBUTION BOARD 3X415V   ENERGIEWEG 46"
test2_distribution_board_fixture_only,Test/Test 2/23000143 12EP REV 1 AS BUILT 5-12-2013 Pg No 45-54 .pdf,18,spare_parts_table,low,image heuristic fallback,spare_parts_table,0.48,"24 LROS/IRS 23000143 CO1266 Page Class Project Yard no SECTION 1 EMERGENCY GENERATOR ALARMS IHC DREDGERS BV - TSHD5500 DCI-3 ALEWIJNSE MARINE B.V. M D 23 No part of this work may be copied, stored or published without prior written permission of Alewijnse Marine Systems. > < 5-12-2013 05-12-2013 AS BUILT * NO DELIVERY  ALEWIJNSE : : : :   PANEL IP23 1 24-1-2011 IEN CHK REV 12EP -23.a PVR 14 13 12 11 10 09 08 07 06 05 04 03 02 01 STAT IEN ""12EP"" EMERGENCY DISTRIBUTION BOARD 3X415V   ENERGIEWEG 46"
test2_distribution_board_fixture_only,Test/Test 2/23000143 12EP REV 1 AS BUILT 5-12-2013 Pg No 45-54 .pdf,19,spare_parts_table,low,image heuristic fallback,spare_parts_table,0.48,"25 LROS/IRS 23000143 CO1266 Page Class Project Yard no SECTION 1 EMERGENCY GENERATOR INTERFACES IHC DREDGERS BV - TSHD5500 DCI-3 ALEWIJNSE MARINE B.V. M D 23.a No part of this work may be copied, stored or published without prior written permission of Alewijnse Marine Systems. > < 5-12-2013 05-12-2013 AS BUILT * NO DELIVERY  ALEWIJNSE : : : :   PANEL IP23 1 24-1-2011 IEN CHK REV 12EP -24 PVR 14 13 12 11 10 09 08 07 06 05 04 03 02 01 STAT IEN ""12EP"" EMERGENCY DISTRIBUTION BOARD 3X415V   ENERGIEWE"
test2_distribution_board_fixture_only,Test/Test 2/23000143 12EP REV 1 AS BUILT 5-12-2013 Pg No 45-54 .pdf,20,spare_parts_table,low,image heuristic fallback,spare_parts_table,0.48,"26 LROS/IRS 23000143 CO1266 Page Class Project Yard no INCOMING FEEDER MSB MAIN CIRCUIT IHC DREDGERS BV - TSHD5500 DCI-3 ALEWIJNSE MARINE B.V. M D 24 No part of this work may be copied, stored or published without prior written permission of Alewijnse Marine Systems. > < 5-12-2013 05-12-2013 AS BUILT * NO DELIVERY  ALEWIJNSE : : : :   PANEL IP23 1 24-1-2011 IEN CHK REV 12EP -25 PVR 14 13 12 11 10 09 08 07 06 05 04 03 02 01 STAT IEN ""12EP"" EMERGENCY DISTRIBUTION BOARD 3X415V   ENERGIEWEG 46/C 654"
test2_distribution_board_fixture_only,Test/Test 2/23000143 12EP REV 1 AS BUILT 5-12-2013 Pg No 45-54 .pdf,21,spare_parts_table,low,image heuristic fallback,spare_parts_table,0.48,"27 LROS/IRS 23000143 CO1266 Page Class Project Yard no DISTRIBUTION 24VDC MAIN CIRCUIT IHC DREDGERS BV - TSHD5500 DCI-3 ALEWIJNSE MARINE B.V. M D 25 No part of this work may be copied, stored or published without prior written permission of Alewijnse Marine Systems. > < 5-12-2013 05-12-2013 AS BUILT * NO DELIVERY  ALEWIJNSE : : : :   PANEL IP23 1 24-1-2011 IEN CHK REV 12EP -26 PVR 14 13 12 11 10 09 08 07 06 05 04 03 02 01 STAT IEN ""12EP"" EMERGENCY DISTRIBUTION BOARD 3X415V   ENERGIEWEG 46/C 6541"
test2_distribution_board_fixture_only,Test/Test 2/23000143 12EP REV 1 AS BUILT 5-12-2013 Pg No 45-54 .pdf,22,spare_parts_table,low,image heuristic fallback,spare_parts_table,0.48,"28 LROS/IRS 23000143 CO1266 Page Class Project Yard no SECTION 2 INCOMING FEEDER MSB CONTROL CIRCUIT BREAKER IHC DREDGERS BV - TSHD5500 DCI-3 ALEWIJNSE MARINE B.V. M D 26 No part of this work may be copied, stored or published without prior written permission of Alewijnse Marine Systems. > < 5-12-2013 05-12-2013 AS BUILT * NO DELIVERY  ALEWIJNSE : : : :   PANEL IP23 1 24-1-2011 IEN CHK REV 12EP -27 PVR 14 13 12 11 10 09 08 07 06 05 04 03 02 01 STAT IEN ""12EP"" EMERGENCY DISTRIBUTION BOARD 3X415V "
test2_distribution_board_fixture_only,Test/Test 2/23000143 12EP REV 1 AS BUILT 5-12-2013 Pg No 45-54 .pdf,23,spare_parts_table,low,image heuristic fallback,spare_parts_table,0.48,"29 LROS/IRS 23000143 CO1266 Page Class Project Yard no SECTION 2 INCOMING FEEDER MSB CONTROL CIRCUIT IHC DREDGERS BV - TSHD5500 DCI-3 ALEWIJNSE MARINE B.V. M D 27 No part of this work may be copied, stored or published without prior written permission of Alewijnse Marine Systems. > < 5-12-2013 05-12-2013 AS BUILT * NO DELIVERY  ALEWIJNSE : : : :   PANEL IP23 1 24-1-2011 IEN CHK REV 12EP -28 PVR 14 13 12 11 10 09 08 07 06 05 04 03 02 01 STAT IEN ""12EP"" EMERGENCY DISTRIBUTION BOARD 3X415V   ENERGI"
test2_distribution_board_fixture_only,Test/Test 2/23000143 12EP REV 1 AS BUILT 5-12-2013 Pg No 45-54 .pdf,24,spare_parts_table,low,image heuristic fallback,spare_parts_table,0.48,"35 LROS/IRS 23000143 CO1266 Page Class Project Yard no SECTION 2 INCOMING FEEDER MSB SIGNALING & MEASURING IHC DREDGERS BV - TSHD5500 DCI-3 ALEWIJNSE MARINE B.V. M D 28 No part of this work may be copied, stored or published without prior written permission of Alewijnse Marine Systems. > < 5-12-2013 05-12-2013 AS BUILT * NO DELIVERY  ALEWIJNSE : : : :   PANEL IP23 1 24-1-2011 IEN CHK REV 12EP -29 PVR 14 13 12 11 10 09 08 07 06 05 04 03 02 01 STAT IEN ""12EP"" EMERGENCY DISTRIBUTION BOARD 3X415V   "
test2_distribution_board_fixture_only,Test/Test 2/23000143 12EP REV 1 AS BUILT 5-12-2013 Pg No 45-54 .pdf,25,spare_parts_table,low,image heuristic fallback,spare_parts_table,0.48,"36 LROS/IRS 23000143 CO1266 Page Class Project Yard no SECTION 3 LIGHTING / VENTILATION / HEATING MAIN CIRCUIT IHC DREDGERS BV - TSHD5500 DCI-3 ALEWIJNSE MARINE B.V. M D 29 No part of this work may be copied, stored or published without prior written permission of Alewijnse Marine Systems. > < 5-12-2013 05-12-2013 AS BUILT * NO DELIVERY  ALEWIJNSE : : : :   PANEL IP23 1 24-1-2011 IEN CHK REV 12EP -35 PVR 14 13 12 11 10 09 08 07 06 05 04 03 02 01 STAT IEN ""12EP"" EMERGENCY DISTRIBUTION BOARD 3X415"
test2_distribution_board_fixture_only,Test/Test 2/23000143 12EP REV 1 AS BUILT 5-12-2013 Pg No 45-54 .pdf,26,spare_parts_table,low,image heuristic fallback,spare_parts_table,0.48,"37 LROS/IRS 23000143 CO1266 Page Class Project Yard no SECTION 3 PANEL -LIGHTING / VENTILATION CONTROL CIRCUIT IHC DREDGERS BV - TSHD5500 DCI-3 ALEWIJNSE MARINE B.V. M D 35 No part of this work may be copied, stored or published without prior written permission of Alewijnse Marine Systems. > < 5-12-2013 05-12-2013 AS BUILT * NO DELIVERY  ALEWIJNSE : : : :   PANEL IP23 1 24-1-2011 IEN CHK REV 12EP -36 PVR 14 13 12 11 10 09 08 07 06 05 04 03 02 01 STAT IEN ""12EP"" EMERGENCY DISTRIBUTION BOARD 3X415"
test2_distribution_board_fixture_only,Test/Test 2/23000143 12EP REV 1 AS BUILT 5-12-2013 Pg No 45-54 .pdf,27,spare_parts_table,low,image heuristic fallback,spare_parts_table,0.48,"40 LROS/IRS 23000143 CO1266 Page Class Project Yard no SECTION 3 PANEL - HEATING CONTROL CIRCUIT IHC DREDGERS BV - TSHD5500 DCI-3 ALEWIJNSE MARINE B.V. M D 36 No part of this work may be copied, stored or published without prior written permission of Alewijnse Marine Systems. > < 5-12-2013 05-12-2013 AS BUILT * NO DELIVERY  ALEWIJNSE : : : :   PANEL IP23 1 24-1-2011 IEN CHK REV 12EP -37 PVR 14 13 12 11 10 09 08 07 06 05 04 03 02 01 STAT IEN ""12EP"" EMERGENCY DISTRIBUTION BOARD 3X415V   ENERGIEWEG"
test2_distribution_board_fixture_only,Test/Test 2/23000143 12EP REV 1 AS BUILT 5-12-2013 Pg No 45-54 .pdf,28,index_page,medium,image heuristic fallback,index_page,0.58,"41 LROS/IRS 23000143 CO1266 Page Class Project Yard no SECTION 3 STARTERS / DISTRIBUTION MAIN CIRCUIT IHC DREDGERS BV - TSHD5500 DCI-3 ALEWIJNSE MARINE B.V. M D 37 No part of this work may be copied, stored or published without prior written permission of Alewijnse Marine Systems. > < 5-12-2013 05-12-2013 AS BUILT * NO DELIVERY  ALEWIJNSE : : : :   PANEL IP23 1 24-1-2011 IEN CHK REV 12EP -40 PVR 14 13 12 11 10 09 08 07 06 05 04 03 02 01 STAT IEN ""12EP"" EMERGENCY DISTRIBUTION BOARD 3X415V   ENERG"
test2_distribution_board_fixture_only,Test/Test 2/23000143 12EP REV 1 AS BUILT 5-12-2013 Pg No 45-54 .pdf,29,spare_parts_table,low,image heuristic fallback,spare_parts_table,0.48,"42 LROS/IRS 23000143 CO1266 Page Class Project Yard no SECTION 3 S10 - EMERGENCY GENERATOR ROOM SUPPLY FAN CONTROL CIRCUIT IHC DREDGERS BV - TSHD5500 DCI-3 ALEWIJNSE MARINE B.V. M D 40 No part of this work may be copied, stored or published without prior written permission of Alewijnse Marine Systems. > < 5-12-2013 05-12-2013 AS BUILT * NO DELIVERY  ALEWIJNSE : : : :   PANEL IP23 1 24-1-2011 IEN CHK REV 12EP -41 PVR 14 13 12 11 10 09 08 07 06 05 04 03 02 01 STAT IEN ""12EP"" EMERGENCY DISTRIBUTION"
test2_distribution_board_fixture_only,Test/Test 2/23000143 12EP REV 1 AS BUILT 5-12-2013 Pg No 45-54 .pdf,30,index_page,medium,image heuristic fallback,index_page,0.58,"43 LROS/IRS 23000143 CO1266 Page Class Project Yard no SECTION 3 S2 - ENGINE ROOM SUPPLY FAN PS CONTROL CIRCUIT IHC DREDGERS BV - TSHD5500 DCI-3 ALEWIJNSE MARINE B.V. M D 41 No part of this work may be copied, stored or published without prior written permission of Alewijnse Marine Systems. > < 5-12-2013 05-12-2013 AS BUILT * NO DELIVERY  ALEWIJNSE : : : :   PANEL IP23 1 24-1-2011 IEN CHK REV 12EP -42 PVR 14 13 12 11 10 09 08 07 06 05 04 03 02 01 STAT IEN ""12EP"" EMERGENCY DISTRIBUTION BOARD 3X41"
test2_distribution_board_fixture_only,Test/Test 2/23000143 12EP REV 1 AS BUILT 5-12-2013 Pg No 45-54 .pdf,31,spare_parts_table,low,image heuristic fallback,spare_parts_table,0.48,"50 LROS/IRS 23000143 CO1266 Page Class Project Yard no SECTION 3 S2 - ENGINE ROOM SUPPLY FAN PS CONTROL CIRCUIT IHC DREDGERS BV - TSHD5500 DCI-3 ALEWIJNSE MARINE B.V. M D 42 No part of this work may be copied, stored or published without prior written permission of Alewijnse Marine Systems. > < 5-12-2013 05-12-2013 AS BUILT * NO DELIVERY  ALEWIJNSE : : : :   PANEL IP23 1 24-1-2011 IEN CHK REV 12EP -43 PVR 14 13 12 11 10 09 08 07 06 05 04 03 02 01 STAT IEN ""12EP"" EMERGENCY DISTRIBUTION BOARD 3X41"
test2_distribution_board_fixture_only,Test/Test 2/23000143 12EP REV 1 AS BUILT 5-12-2013 Pg No 45-54 .pdf,32,spare_parts_table,low,image heuristic fallback,spare_parts_table,0.48,"51 LROS/IRS 23000143 CO1266 Page Class Project Yard no SECTION 3 STARTERS / DISTRIBUTION MAIN CIRCUIT IHC DREDGERS BV - TSHD5500 DCI-3 ALEWIJNSE MARINE B.V. M D 43 No part of this work may be copied, stored or published without prior written permission of Alewijnse Marine Systems. > < 5-12-2013 05-12-2013 AS BUILT * NO DELIVERY  ALEWIJNSE : : : :   PANEL IP23 1 24-1-2011 IEN CHK REV 12EP -50 PVR 14 13 12 11 10 09 08 07 06 05 04 03 02 01 STAT IEN ""12EP"" EMERGENCY DISTRIBUTION BOARD 3X415V   ENERG"
test2_distribution_board_fixture_only,Test/Test 2/23000143 12EP REV 1 AS BUILT 5-12-2013 Pg No 45-54 .pdf,33,index_page,medium,image heuristic fallback,index_page,0.58,"52 LROS/IRS 23000143 CO1266 Page Class Project Yard no SECTION 3 S4 - ENGINE ROOM SUPPLY FAN SB REVERSIBLE CONTROL CIRCUIT IHC DREDGERS BV - TSHD5500 DCI-3 ALEWIJNSE MARINE B.V. M D 50 No part of this work may be copied, stored or published without prior written permission of Alewijnse Marine Systems. > < 5-12-2013 05-12-2013 AS BUILT * NO DELIVERY  ALEWIJNSE : : : :   PANEL IP23 1 24-1-2011 IEN CHK REV 12EP -51 PVR 14 13 12 11 10 09 08 07 06 05 04 03 02 01 STAT IEN ""12EP"" EMERGENCY DISTRIBUTION"
test2_distribution_board_fixture_only,Test/Test 2/23000143 12EP REV 1 AS BUILT 5-12-2013 Pg No 45-54 .pdf,34,spare_parts_table,low,image heuristic fallback,spare_parts_table,0.48,"60 LROS/IRS 23000143 CO1266 Page Class Project Yard no SECTION 3 S4 - ENGINE ROOM SUPPLY FAN SB REVERSIBLE CONTROL CIRCUIT IHC DREDGERS BV - TSHD5500 DCI-3 ALEWIJNSE MARINE B.V. M D 51 No part of this work may be copied, stored or published without prior written permission of Alewijnse Marine Systems. > < 5-12-2013 05-12-2013 AS BUILT * NO DELIVERY  ALEWIJNSE : : : :   PANEL IP23 1 24-1-2011 IEN CHK REV 12EP -52 PVR 14 13 12 11 10 09 08 07 06 05 04 03 02 01 STAT IEN ""12EP"" EMERGENCY DISTRIBUTION"
test2_distribution_board_fixture_only,Test/Test 2/23000143 12EP REV 1 AS BUILT 5-12-2013 Pg No 45-54 .pdf,35,spare_parts_table,low,image heuristic fallback,spare_parts_table,0.48,"65 LROS/IRS 23000143 CO1266 Page Class Project Yard no SECTION 3 STARTERS / DISTRIBUTION MAIN CIRCUIT IHC DREDGERS BV - TSHD5500 DCI-3 ALEWIJNSE MARINE B.V. M D 52 No part of this work may be copied, stored or published without prior written permission of Alewijnse Marine Systems. > < 5-12-2013 05-12-2013 AS BUILT * NO DELIVERY  ALEWIJNSE : : : :   PANEL IP23 1 24-1-2011 IEN CHK REV 12EP -60 PVR 14 13 12 11 10 09 08 07 06 05 04 03 02 01 STAT IEN ""12EP"" EMERGENCY DISTRIBUTION BOARD 3X415V   ENERG"
test2_distribution_board_fixture_only,Test/Test 2/23000143 12EP REV 1 AS BUILT 5-12-2013 Pg No 45-54 .pdf,36,spare_parts_table,low,image heuristic fallback,spare_parts_table,0.48,"70 LROS/IRS 23000143 CO1266 Page Class Project Yard no SECTION 3 STARTERS / DISTRIBUTION MAIN CIRCUIT IHC DREDGERS BV - TSHD5500 DCI-3 ALEWIJNSE MARINE B.V. M D 60 No part of this work may be copied, stored or published without prior written permission of Alewijnse Marine Systems. > < 5-12-2013 05-12-2013 AS BUILT * NO DELIVERY  ALEWIJNSE : : : :   PANEL IP23 1 24-1-2011 IEN CHK REV 12EP -65 PVR 14 13 12 11 10 09 08 07 06 05 04 03 02 01 STAT IEN ""12EP"" EMERGENCY DISTRIBUTION BOARD 3X415V   ENERG"
test2_distribution_board_fixture_only,Test/Test 2/23000143 12EP REV 1 AS BUILT 5-12-2013 Pg No 45-54 .pdf,37,spare_parts_table,low,image heuristic fallback,spare_parts_table,0.48,"71 LROS/IRS 23000143 CO1266 Page Class Project Yard no SECTION 3 STARTERS / DISTRIBUTION MAIN CIRCUIT IHC DREDGERS BV - TSHD5500 DCI-3 ALEWIJNSE MARINE B.V. M D 65 No part of this work may be copied, stored or published without prior written permission of Alewijnse Marine Systems. > < 5-12-2013 05-12-2013 AS BUILT * NO DELIVERY  ALEWIJNSE : : : :   PANEL IP23 1 24-1-2011 IEN CHK REV 12EP -70 PVR 14 13 12 11 10 09 08 07 06 05 04 03 02 01 STAT IEN ""12EP"" EMERGENCY DISTRIBUTION BOARD 3X415V   ENERG"
test2_distribution_board_fixture_only,Test/Test 2/23000143 12EP REV 1 AS BUILT 5-12-2013 Pg No 45-54 .pdf,38,index_page,medium,image heuristic fallback,index_page,0.58,"72 LROS/IRS 23000143 CO1266 Page Class Project Yard no SECTION 3 FIFI/ BALLAST/ EMERGENCY BILGE PUMP CONTROL CIRCUIT IHC DREDGERS BV - TSHD5500 DCI-3 ALEWIJNSE MARINE B.V. M D 70 No part of this work may be copied, stored or published without prior written permission of Alewijnse Marine Systems. > < 5-12-2013 05-12-2013 AS BUILT * NO DELIVERY  ALEWIJNSE : : : :   PANEL IP23 1 24-1-2011 IEN CHK REV 12EP -71 PVR 14 13 12 11 10 09 08 07 06 05 04 03 02 01 STAT IEN ""12EP"" EMERGENCY DISTRIBUTION BOARD"
test2_distribution_board_fixture_only,Test/Test 2/23000143 12EP REV 1 AS BUILT 5-12-2013 Pg No 45-54 .pdf,39,spare_parts_table,low,image heuristic fallback,spare_parts_table,0.48,"73 LROS/IRS 23000143 CO1266 Page Class Project Yard no SECTION 3 FIFI/ BALLAST/ EMERGENCY BILGE PUMP CONTROL CIRCUIT IHC DREDGERS BV - TSHD5500 DCI-3 ALEWIJNSE MARINE B.V. M D 71 No part of this work may be copied, stored or published without prior written permission of Alewijnse Marine Systems. > < 5-12-2013 05-12-2013 AS BUILT * NO DELIVERY  ALEWIJNSE : : : :   PANEL IP23 1 24-1-2011 IEN CHK REV 12EP -72 PVR 14 13 12 11 10 09 08 07 06 05 04 03 02 01 STAT IEN ""12EP"" EMERGENCY DISTRIBUTION BOARD"
test2_distribution_board_fixture_only,Test/Test 2/23000143 12EP REV 1 AS BUILT 5-12-2013 Pg No 45-54 .pdf,40,spare_parts_table,low,image heuristic fallback,spare_parts_table,0.48,"80 LROS/IRS 23000143 CO1266 Page Class Project Yard no SECTION 3 FIFI/ BALLAST/ EMERGENCY BILGE PUMP CONTROL CIRCUIT IHC DREDGERS BV - TSHD5500 DCI-3 ALEWIJNSE MARINE B.V. M D 72 No part of this work may be copied, stored or published without prior written permission of Alewijnse Marine Systems. > < 5-12-2013 05-12-2013 AS BUILT * NO DELIVERY  ALEWIJNSE : : : :   PANEL IP23 1 24-1-2011 IEN CHK REV 12EP -73 PVR 14 13 12 11 10 09 08 07 06 05 04 03 02 01 STAT IEN ""12EP"" EMERGENCY DISTRIBUTION BOARD"
test2_distribution_board_fixture_only,Test/Test 2/23000143 12EP REV 1 AS BUILT 5-12-2013 Pg No 45-54 .pdf,41,spare_parts_table,low,image heuristic fallback,spare_parts_table,0.48,"85 LROS/IRS 23000143 CO1266 Page Class Project Yard no SECTION 3 STARTERS / DISTRIBUTION MAIN CIRCUIT IHC DREDGERS BV - TSHD5500 DCI-3 ALEWIJNSE MARINE B.V. M D 73 No part of this work may be copied, stored or published without prior written permission of Alewijnse Marine Systems. > < 5-12-2013 05-12-2013 AS BUILT * NO DELIVERY  ALEWIJNSE : : : :   PANEL IP23 1 24-1-2011 IEN CHK REV 12EP -80 PVR 14 13 12 11 10 09 08 07 06 05 04 03 02 01 STAT IEN ""12EP"" EMERGENCY DISTRIBUTION BOARD 3X415V   ENERG"
test2_distribution_board_fixture_only,Test/Test 2/23000143 12EP REV 1 AS BUILT 5-12-2013 Pg No 45-54 .pdf,42,spare_parts_table,low,image heuristic fallback,spare_parts_table,0.48,"86 LROS/IRS 23000143 CO1266 Page Class Project Yard no SECTION 3 STARTERS / DISTRIBUTION MAIN CIRCUIT IHC DREDGERS BV - TSHD5500 DCI-3 ALEWIJNSE MARINE B.V. M D 80 No part of this work may be copied, stored or published without prior written permission of Alewijnse Marine Systems. > < 5-12-2013 05-12-2013 AS BUILT * NO DELIVERY  ALEWIJNSE : : : :   PANEL IP23 1 24-1-2011 IEN CHK REV 12EP -85 PVR 14 13 12 11 10 09 08 07 06 05 04 03 02 01 STAT IEN ""12EP"" EMERGENCY DISTRIBUTION BOARD 3X415V   ENERG"
test2_distribution_board_fixture_only,Test/Test 2/23000143 12EP REV 1 AS BUILT 5-12-2013 Pg No 45-54 .pdf,43,index_page,medium,image heuristic fallback,index_page,0.58,"87 LROS/IRS 23000143 CO1266 Page Class Project Yard no SECTION 3 FRESH WATER PUMP - CCWS LT 3 - STANDBY CONTROL CIRCUIT IHC DREDGERS BV - TSHD5500 DCI-3 ALEWIJNSE MARINE B.V. M D 85 No part of this work may be copied, stored or published without prior written permission of Alewijnse Marine Systems. > < 5-12-2013 05-12-2013 AS BUILT * NO DELIVERY  ALEWIJNSE : : : :   PANEL IP23 1 24-1-2011 IEN CHK REV 12EP -86 PVR 14 13 12 11 10 09 08 07 06 05 04 03 02 01 STAT IEN ""12EP"" EMERGENCY DISTRIBUTION BO"
test2_distribution_board_fixture_only,Test/Test 2/23000143 12EP REV 1 AS BUILT 5-12-2013 Pg No 45-54 .pdf,44,spare_parts_table,low,image heuristic fallback,spare_parts_table,0.48,"8000 LROS/IRS 23000143 CO1266 Page Class Project Yard no SECTION 3 FRESH WATER PUMP - CCWS LT 3 - STANDBY CONTROL CIRCUIT IHC DREDGERS BV - TSHD5500 DCI-3 ALEWIJNSE MARINE B.V. M D 86 No part of this work may be copied, stored or published without prior written permission of Alewijnse Marine Systems. > < 5-12-2013 05-12-2013 AS BUILT * NO DELIVERY  ALEWIJNSE : : : :   PANEL IP23 1 24-1-2011 IEN CHK REV 12EP -87 PVR 14 13 12 11 10 09 08 07 06 05 04 03 02 01 STAT IEN ""12EP"" EMERGENCY DISTRIBUTION "
test2_distribution_board_fixture_only,Test/Test 2/23000143 12EP REV 1 AS BUILT 5-12-2013 Pg No 45-54 .pdf,45,spare_parts_table,medium,spare/list keyword,index_page,0.58,"8000.a LROS/IRS 23000143 CO1266 Page Class Project Yard no PARTS LIST IHC DREDGERS BV - TSHD5500 DCI-3 ALEWIJNSE MARINE B.V. M D 87 No part of this work may be copied, stored or published without prior written permission of Alewijnse Marine Systems. > < 5-12-2013 05-12-2013 AS BUILT : : : : 1 24-1-2011 IEN CHK REV 12EP -8000 PVR 14 13 12 11 10 09 08 07 06 05 04 03 02 01 STAT IEN ""12EP"" EMERGENCY DISTRIBUTION BOARD 3X415V   ENERGIEWEG 46/C 6541 CX NIJMEGEN 12EP PARTS LIST DEVICE QTY DESCRIPTION M"
test2_distribution_board_fixture_only,Test/Test 2/23000143 12EP REV 1 AS BUILT 5-12-2013 Pg No 45-54 .pdf,46,spare_parts_table,medium,spare/list keyword,index_page,0.58,"8000.b LROS/IRS 23000143 CO1266 Page Class Project Yard no PARTS LIST IHC DREDGERS BV - TSHD5500 DCI-3 ALEWIJNSE MARINE B.V. M D 8000 No part of this work may be copied, stored or published without prior written permission of Alewijnse Marine Systems. > < 5-12-2013 05-12-2013 AS BUILT : : : : 1 24-1-2011 IEN CHK REV 12EP -8000.a PVR 14 13 12 11 10 09 08 07 06 05 04 03 02 01 STAT IEN ""12EP"" EMERGENCY DISTRIBUTION BOARD 3X415V   ENERGIEWEG 46/C 6541 CX NIJMEGEN 12EP PARTS LIST DEVICE QTY DESCRIPTI"
test2_distribution_board_fixture_only,Test/Test 2/23000143 12EP REV 1 AS BUILT 5-12-2013 Pg No 45-54 .pdf,47,spare_parts_table,medium,spare/list keyword,index_page,0.58,"8000.c LROS/IRS 23000143 CO1266 Page Class Project Yard no PARTS LIST IHC DREDGERS BV - TSHD5500 DCI-3 ALEWIJNSE MARINE B.V. M D 8000.a No part of this work may be copied, stored or published without prior written permission of Alewijnse Marine Systems. > < 5-12-2013 05-12-2013 AS BUILT : : : : 1 24-1-2011 IEN CHK REV 12EP -8000.b PVR 14 13 12 11 10 09 08 07 06 05 04 03 02 01 STAT IEN ""12EP"" EMERGENCY DISTRIBUTION BOARD 3X415V   ENERGIEWEG 46/C 6541 CX NIJMEGEN 12EP PARTS LIST DEVICE QTY DESCRIP"
test2_distribution_board_fixture_only,Test/Test 2/23000143 12EP REV 1 AS BUILT 5-12-2013 Pg No 45-54 .pdf,48,spare_parts_table,medium,spare/list keyword,index_page,0.58,"8000.d LROS/IRS 23000143 CO1266 Page Class Project Yard no PARTS LIST IHC DREDGERS BV - TSHD5500 DCI-3 ALEWIJNSE MARINE B.V. M D 8000.b No part of this work may be copied, stored or published without prior written permission of Alewijnse Marine Systems. > < 5-12-2013 05-12-2013 AS BUILT : : : : 1 24-1-2011 IEN CHK REV 12EP -8000.c PVR 14 13 12 11 10 09 08 07 06 05 04 03 02 01 STAT IEN ""12EP"" EMERGENCY DISTRIBUTION BOARD 3X415V   ENERGIEWEG 46/C 6541 CX NIJMEGEN 12EP PARTS LIST DEVICE QTY DESCRIP"
test2_distribution_board_fixture_only,Test/Test 2/23000143 12EP REV 1 AS BUILT 5-12-2013 Pg No 45-54 .pdf,49,spare_parts_table,medium,spare/list keyword,index_page,0.58,"8000.e LROS/IRS 23000143 CO1266 Page Class Project Yard no PARTS LIST IHC DREDGERS BV - TSHD5500 DCI-3 ALEWIJNSE MARINE B.V. M D 8000.c No part of this work may be copied, stored or published without prior written permission of Alewijnse Marine Systems. > < 5-12-2013 05-12-2013 AS BUILT : : : : 1 24-1-2011 IEN CHK REV 12EP -8000.d PVR 14 13 12 11 10 09 08 07 06 05 04 03 02 01 STAT IEN ""12EP"" EMERGENCY DISTRIBUTION BOARD 3X415V   ENERGIEWEG 46/C 6541 CX NIJMEGEN 12EP PARTS LIST DEVICE QTY DESCRIP"
test2_distribution_board_fixture_only,Test/Test 2/23000143 12EP REV 1 AS BUILT 5-12-2013 Pg No 45-54 .pdf,50,spare_parts_table,medium,spare/list keyword,index_page,0.58,"8000.f LROS/IRS 23000143 CO1266 Page Class Project Yard no PARTS LIST IHC DREDGERS BV - TSHD5500 DCI-3 ALEWIJNSE MARINE B.V. M D 8000.d No part of this work may be copied, stored or published without prior written permission of Alewijnse Marine Systems. > < 5-12-2013 05-12-2013 AS BUILT : : : : 1 24-1-2011 IEN CHK REV 12EP -8000.e PVR 14 13 12 11 10 09 08 07 06 05 04 03 02 01 STAT IEN ""12EP"" EMERGENCY DISTRIBUTION BOARD 3X415V   ENERGIEWEG 46/C 6541 CX NIJMEGEN 12EP PARTS LIST DEVICE QTY DESCRIP"
test2_distribution_board_fixture_only,Test/Test 2/23000143 12EP REV 1 AS BUILT 5-12-2013 Pg No 45-54 .pdf,51,spare_parts_table,medium,spare/list keyword,index_page,0.58,"8000.g LROS/IRS 23000143 CO1266 Page Class Project Yard no PARTS LIST IHC DREDGERS BV - TSHD5500 DCI-3 ALEWIJNSE MARINE B.V. M D 8000.e No part of this work may be copied, stored or published without prior written permission of Alewijnse Marine Systems. > < 5-12-2013 05-12-2013 AS BUILT : : : : 1 24-1-2011 IEN CHK REV 12EP -8000.f PVR 14 13 12 11 10 09 08 07 06 05 04 03 02 01 STAT IEN ""12EP"" EMERGENCY DISTRIBUTION BOARD 3X415V   ENERGIEWEG 46/C 6541 CX NIJMEGEN 12EP PARTS LIST DEVICE QTY DESCRIP"
test2_distribution_board_fixture_only,Test/Test 2/23000143 12EP REV 1 AS BUILT 5-12-2013 Pg No 45-54 .pdf,52,spare_parts_table,medium,spare/list keyword,index_page,0.58,"8000.h LROS/IRS 23000143 CO1266 Page Class Project Yard no PARTS LIST IHC DREDGERS BV - TSHD5500 DCI-3 ALEWIJNSE MARINE B.V. M D 8000.f No part of this work may be copied, stored or published without prior written permission of Alewijnse Marine Systems. > < 5-12-2013 05-12-2013 AS BUILT : : : : 1 24-1-2011 IEN CHK REV 12EP -8000.g PVR 14 13 12 11 10 09 08 07 06 05 04 03 02 01 STAT IEN ""12EP"" EMERGENCY DISTRIBUTION BOARD 3X415V   ENERGIEWEG 46/C 6541 CX NIJMEGEN 12EP PARTS LIST DEVICE QTY DESCRIP"
test2_distribution_board_fixture_only,Test/Test 2/23000143 12EP REV 1 AS BUILT 5-12-2013 Pg No 45-54 .pdf,53,spare_parts_table,medium,spare/list keyword,index_page,0.58,"8000.i LROS/IRS 23000143 CO1266 Page Class Project Yard no PARTS LIST IHC DREDGERS BV - TSHD5500 DCI-3 ALEWIJNSE MARINE B.V. M D 8000.g No part of this work may be copied, stored or published without prior written permission of Alewijnse Marine Systems. > < 5-12-2013 05-12-2013 AS BUILT : : : : 1 24-1-2011 IEN CHK REV 12EP -8000.h PVR 14 13 12 11 10 09 08 07 06 05 04 03 02 01 STAT IEN ""12EP"" EMERGENCY DISTRIBUTION BOARD 3X415V   ENERGIEWEG 46/C 6541 CX NIJMEGEN 12EP PARTS LIST DEVICE QTY DESCRIP"
test2_distribution_board_fixture_only,Test/Test 2/23000143 12EP REV 1 AS BUILT 5-12-2013 Pg No 45-54 .pdf,54,spare_parts_table,medium,spare/list keyword,spare_parts_table,0.48,"==12S1/0 LROS/IRS 23000143 CO1266 Page Class Project Yard no PARTS LIST IHC DREDGERS BV - TSHD5500 DCI-3 ALEWIJNSE MARINE B.V. M D 8000.h No part of this work may be copied, stored or published without prior written permission of Alewijnse Marine Systems. > < 5-12-2013 05-12-2013 AS BUILT : : : : 1 24-1-2011 IEN CHK REV 12EP -8000.i PVR 14 13 12 11 10 09 08 07 06 05 04 03 02 01 STAT IEN ""12EP"" EMERGENCY DISTRIBUTION BOARD 3X415V   ENERGIEWEG 46/C 6541 CX NIJMEGEN 12EP PARTS LIST DEVICE QTY DESCR"
test3_final_drawings_reference,Test/Test 3/FINAL DRAWINGS Pg No 69-197.pdf,1,drawing_only,high,reference workbook drawing pages,,,
test3_final_drawings_reference,Test/Test 3/FINAL DRAWINGS Pg No 69-197.pdf,2,drawing_only,high,reference workbook drawing pages,,,
test3_final_drawings_reference,Test/Test 3/FINAL DRAWINGS Pg No 69-197.pdf,3,drawing_only,high,reference workbook drawing pages,,,
test3_final_drawings_reference,Test/Test 3/FINAL DRAWINGS Pg No 69-197.pdf,4,drawing_only,high,reference workbook drawing pages,,,
test3_final_drawings_reference,Test/Test 3/FINAL DRAWINGS Pg No 69-197.pdf,5,drawing_only,high,reference workbook drawing pages,,,
test3_final_drawings_reference,Test/Test 3/FINAL DRAWINGS Pg No 69-197.pdf,6,drawing_only,high,reference workbook drawing pages,,,
test3_final_drawings_reference,Test/Test 3/FINAL DRAWINGS Pg No 69-197.pdf,7,drawing_only,high,reference workbook drawing pages,,,
test3_final_drawings_reference,Test/Test 3/FINAL DRAWINGS Pg No 69-197.pdf,8,drawing_only,high,reference workbook drawing pages,,,
test3_final_drawings_reference,Test/Test 3/FINAL DRAWINGS Pg No 69-197.pdf,9,drawing_only,high,reference workbook drawing pages,,,
test3_final_drawings_reference,Test/Test 3/FINAL DRAWINGS Pg No 69-197.pdf,10,drawing_only,high,reference workbook drawing pages,,,
test3_final_drawings_reference,Test/Test 3/FINAL DRAWINGS Pg No 69-197.pdf,11,drawing_only,high,reference workbook drawing pages,,,
test3_final_drawings_reference,Test/Test 3/FINAL DRAWINGS Pg No 69-197.pdf,12,drawing_only,high,reference workbook drawing pages,,,
test3_final_drawings_reference,Test/Test 3/FINAL DRAWINGS Pg No 69-197.pdf,13,drawing_only,high,reference workbook drawing pages,,,
test3_final_drawings_reference,Test/Test 3/FINAL DRAWINGS Pg No 69-197.pdf,14,drawing_only,high,reference workbook drawing pages,,,
test3_final_drawings_reference,Test/Test 3/FINAL DRAWINGS Pg No 69-197.pdf,15,drawing_only,high,reference workbook drawing pages,,,
test3_final_drawings_reference,Test/Test 3/FINAL DRAWINGS Pg No 69-197.pdf,16,drawing_only,high,reference workbook drawing pages,,,
test3_final_drawings_reference,Test/Test 3/FINAL DRAWINGS Pg No 69-197.pdf,17,drawing_only,high,reference workbook drawing pages,,,
test3_final_drawings_reference,Test/Test 3/FINAL DRAWINGS Pg No 69-197.pdf,18,drawing_only,high,reference workbook drawing pages,,,
test3_final_drawings_reference,Test/Test 3/FINAL DRAWINGS Pg No 69-197.pdf,19,drawing_only,high,reference workbook drawing pages,,,
test3_final_drawings_reference,Test/Test 3/FINAL DRAWINGS Pg No 69-197.pdf,20,drawing_only,high,reference workbook drawing pages,,,
test3_final_drawings_reference,Test/Test 3/FINAL DRAWINGS Pg No 69-197.pdf,21,drawing_only,high,reference workbook drawing pages,,,
test3_final_drawings_reference,Test/Test 3/FINAL DRAWINGS Pg No 69-197.pdf,22,drawing_only,high,reference workbook drawing pages,,,
test3_final_drawings_reference,Test/Test 3/FINAL DRAWINGS Pg No 69-197.pdf,23,drawing_only,high,reference workbook drawing pages,,,
test3_final_drawings_reference,Test/Test 3/FINAL DRAWINGS Pg No 69-197.pdf,24,drawing_only,high,reference workbook drawing pages,,,
test3_final_drawings_reference,Test/Test 3/FINAL DRAWINGS Pg No 69-197.pdf,25,drawing_only,high,reference workbook drawing pages,,,
test3_final_drawings_reference,Test/Test 3/FINAL DRAWINGS Pg No 69-197.pdf,26,drawing_only,high,reference workbook drawing pages,,,
test3_final_drawings_reference,Test/Test 3/FINAL DRAWINGS Pg No 69-197.pdf,27,drawing_only,high,reference workbook drawing pages,,,
test3_final_drawings_reference,Test/Test 3/FINAL DRAWINGS Pg No 69-197.pdf,28,drawing_only,high,reference workbook drawing pages,,,
test3_final_drawings_reference,Test/Test 3/FINAL DRAWINGS Pg No 69-197.pdf,29,drawing_only,high,reference workbook drawing pages,,,
test3_final_drawings_reference,Test/Test 3/FINAL DRAWINGS Pg No 69-197.pdf,30,drawing_only,high,reference workbook drawing pages,,,
test3_final_drawings_reference,Test/Test 3/FINAL DRAWINGS Pg No 69-197.pdf,31,drawing_only,high,reference workbook drawing pages,,,
test3_final_drawings_reference,Test/Test 3/FINAL DRAWINGS Pg No 69-197.pdf,32,drawing_only,high,reference workbook drawing pages,,,
test3_final_drawings_reference,Test/Test 3/FINAL DRAWINGS Pg No 69-197.pdf,33,drawing_only,high,reference workbook drawing pages,,,
test3_final_drawings_reference,Test/Test 3/FINAL DRAWINGS Pg No 69-197.pdf,34,drawing_only,high,reference workbook drawing pages,,,
test3_final_drawings_reference,Test/Test 3/FINAL DRAWINGS Pg No 69-197.pdf,35,drawing_only,high,reference workbook drawing pages,,,
test3_final_drawings_reference,Test/Test 3/FINAL DRAWINGS Pg No 69-197.pdf,36,drawing_only,high,reference workbook drawing pages,,,
test3_final_drawings_reference,Test/Test 3/FINAL DRAWINGS Pg No 69-197.pdf,37,drawing_only,high,reference workbook drawing pages,,,
test3_final_drawings_reference,Test/Test 3/FINAL DRAWINGS Pg No 69-197.pdf,38,drawing_only,high,reference workbook drawing pages,,,
test3_final_drawings_reference,Test/Test 3/FINAL DRAWINGS Pg No 69-197.pdf,39,drawing_only,high,reference workbook drawing pages,,,
test3_final_drawings_reference,Test/Test 3/FINAL DRAWINGS Pg No 69-197.pdf,40,drawing_only,high,reference workbook drawing pages,,,
test3_final_drawings_reference,Test/Test 3/FINAL DRAWINGS Pg No 69-197.pdf,41,drawing_only,high,reference workbook drawing pages,,,
test3_final_drawings_reference,Test/Test 3/FINAL DRAWINGS Pg No 69-197.pdf,42,drawing_only,high,reference workbook drawing pages,,,
test3_final_drawings_reference,Test/Test 3/FINAL DRAWINGS Pg No 69-197.pdf,43,drawing_only,high,reference workbook drawing pages,,,
test3_final_drawings_reference,Test/Test 3/FINAL DRAWINGS Pg No 69-197.pdf,44,drawing_only,high,reference workbook drawing pages,,,
test3_final_drawings_reference,Test/Test 3/FINAL DRAWINGS Pg No 69-197.pdf,45,drawing_only,high,reference workbook drawing pages,,,
test3_final_drawings_reference,Test/Test 3/FINAL DRAWINGS Pg No 69-197.pdf,46,drawing_only,high,reference workbook drawing pages,,,
test3_final_drawings_reference,Test/Test 3/FINAL DRAWINGS Pg No 69-197.pdf,47,drawing_only,high,reference workbook drawing pages,,,
test3_final_drawings_reference,Test/Test 3/FINAL DRAWINGS Pg No 69-197.pdf,48,drawing_only,high,reference workbook drawing pages,,,
test3_final_drawings_reference,Test/Test 3/FINAL DRAWINGS Pg No 69-197.pdf,49,drawing_only,high,reference workbook drawing pages,,,
test3_final_drawings_reference,Test/Test 3/FINAL DRAWINGS Pg No 69-197.pdf,50,drawing_only,high,reference workbook drawing pages,,,
test3_final_drawings_reference,Test/Test 3/FINAL DRAWINGS Pg No 69-197.pdf,51,drawing_only,high,reference workbook drawing pages,,,
test3_final_drawings_reference,Test/Test 3/FINAL DRAWINGS Pg No 69-197.pdf,52,drawing_only,high,reference workbook drawing pages,,,
test3_final_drawings_reference,Test/Test 3/FINAL DRAWINGS Pg No 69-197.pdf,53,drawing_only,high,reference workbook drawing pages,,,
test3_final_drawings_reference,Test/Test 3/FINAL DRAWINGS Pg No 69-197.pdf,54,drawing_only,high,reference workbook drawing pages,,,
test3_final_drawings_reference,Test/Test 3/FINAL DRAWINGS Pg No 69-197.pdf,55,drawing_only,high,reference workbook drawing pages,,,
test3_final_drawings_reference,Test/Test 3/FINAL DRAWINGS Pg No 69-197.pdf,56,drawing_only,high,reference workbook drawing pages,,,
test3_final_drawings_reference,Test/Test 3/FINAL DRAWINGS Pg No 69-197.pdf,57,drawing_only,high,reference workbook drawing pages,,,
test3_final_drawings_reference,Test/Test 3/FINAL DRAWINGS Pg No 69-197.pdf,58,drawing_only,high,reference workbook drawing pages,,,
test3_final_drawings_reference,Test/Test 3/FINAL DRAWINGS Pg No 69-197.pdf,59,drawing_only,high,reference workbook drawing pages,,,
test3_final_drawings_reference,Test/Test 3/FINAL DRAWINGS Pg No 69-197.pdf,60,drawing_only,high,reference workbook drawing pages,,,
test3_final_drawings_reference,Test/Test 3/FINAL DRAWINGS Pg No 69-197.pdf,61,drawing_only,high,reference workbook drawing pages,,,
test3_final_drawings_reference,Test/Test 3/FINAL DRAWINGS Pg No 69-197.pdf,62,drawing_only,high,reference workbook drawing pages,,,
test3_final_drawings_reference,Test/Test 3/FINAL DRAWINGS Pg No 69-197.pdf,63,drawing_only,high,reference workbook drawing pages,,,
test3_final_drawings_reference,Test/Test 3/FINAL DRAWINGS Pg No 69-197.pdf,64,drawing_only,high,reference workbook drawing pages,,,
test3_final_drawings_reference,Test/Test 3/FINAL DRAWINGS Pg No 69-197.pdf,65,drawing_only,high,reference workbook drawing pages,,,
test3_final_drawings_reference,Test/Test 3/FINAL DRAWINGS Pg No 69-197.pdf,66,drawing_only,high,reference workbook drawing pages,,,
test3_final_drawings_reference,Test/Test 3/FINAL DRAWINGS Pg No 69-197.pdf,67,drawing_only,high,reference workbook drawing pages,,,
test3_final_drawings_reference,Test/Test 3/FINAL DRAWINGS Pg No 69-197.pdf,68,drawing_only,high,reference workbook drawing pages,,,
test3_final_drawings_reference,Test/Test 3/FINAL DRAWINGS Pg No 69-197.pdf,69,drawing_only,high,reference workbook drawing pages,,,
test3_final_drawings_reference,Test/Test 3/FINAL DRAWINGS Pg No 69-197.pdf,70,drawing_only,high,reference workbook drawing pages,,,
test3_final_drawings_reference,Test/Test 3/FINAL DRAWINGS Pg No 69-197.pdf,71,drawing_only,high,reference workbook drawing pages,,,
test3_final_drawings_reference,Test/Test 3/FINAL DRAWINGS Pg No 69-197.pdf,72,drawing_only,high,reference workbook drawing pages,,,
test3_final_drawings_reference,Test/Test 3/FINAL DRAWINGS Pg No 69-197.pdf,73,drawing_only,high,reference workbook drawing pages,,,
test3_final_drawings_reference,Test/Test 3/FINAL DRAWINGS Pg No 69-197.pdf,74,drawing_only,high,reference workbook drawing pages,,,
test3_final_drawings_reference,Test/Test 3/FINAL DRAWINGS Pg No 69-197.pdf,75,drawing_only,high,reference workbook drawing pages,,,
test3_final_drawings_reference,Test/Test 3/FINAL DRAWINGS Pg No 69-197.pdf,76,drawing_only,high,reference workbook drawing pages,,,
test3_final_drawings_reference,Test/Test 3/FINAL DRAWINGS Pg No 69-197.pdf,77,drawing_only,high,reference workbook drawing pages,,,
test3_final_drawings_reference,Test/Test 3/FINAL DRAWINGS Pg No 69-197.pdf,78,drawing_only,high,reference workbook drawing pages,,,
test3_final_drawings_reference,Test/Test 3/FINAL DRAWINGS Pg No 69-197.pdf,79,drawing_only,high,reference workbook drawing pages,,,
test3_final_drawings_reference,Test/Test 3/FINAL DRAWINGS Pg No 69-197.pdf,80,drawing_only,high,reference workbook drawing pages,,,
test3_final_drawings_reference,Test/Test 3/FINAL DRAWINGS Pg No 69-197.pdf,81,drawing_only,high,reference workbook drawing pages,,,
test3_final_drawings_reference,Test/Test 3/FINAL DRAWINGS Pg No 69-197.pdf,82,drawing_only,high,reference workbook drawing pages,,,
test3_final_drawings_reference,Test/Test 3/FINAL DRAWINGS Pg No 69-197.pdf,83,drawing_only,high,reference workbook drawing pages,,,
test3_final_drawings_reference,Test/Test 3/FINAL DRAWINGS Pg No 69-197.pdf,84,drawing_only,high,reference workbook drawing pages,,,
test3_final_drawings_reference,Test/Test 3/FINAL DRAWINGS Pg No 69-197.pdf,85,drawing_only,high,reference workbook drawing pages,,,
test3_final_drawings_reference,Test/Test 3/FINAL DRAWINGS Pg No 69-197.pdf,86,drawing_only,high,reference workbook drawing pages,,,
test3_final_drawings_reference,Test/Test 3/FINAL DRAWINGS Pg No 69-197.pdf,87,drawing_only,high,reference workbook drawing pages,,,
test3_final_drawings_reference,Test/Test 3/FINAL DRAWINGS Pg No 69-197.pdf,88,drawing_only,high,reference workbook drawing pages,,,
test3_final_drawings_reference,Test/Test 3/FINAL DRAWINGS Pg No 69-197.pdf,89,drawing_only,high,reference workbook drawing pages,,,
test3_final_drawings_reference,Test/Test 3/FINAL DRAWINGS Pg No 69-197.pdf,90,drawing_only,high,reference workbook drawing pages,,,
test3_final_drawings_reference,Test/Test 3/FINAL DRAWINGS Pg No 69-197.pdf,91,drawing_only,high,reference workbook drawing pages,,,
test3_final_drawings_reference,Test/Test 3/FINAL DRAWINGS Pg No 69-197.pdf,92,drawing_only,high,reference workbook drawing pages,,,
test3_final_drawings_reference,Test/Test 3/FINAL DRAWINGS Pg No 69-197.pdf,93,drawing_only,high,reference workbook drawing pages,,,
test3_final_drawings_reference,Test/Test 3/FINAL DRAWINGS Pg No 69-197.pdf,94,drawing_only,high,reference workbook drawing pages,,,
test3_final_drawings_reference,Test/Test 3/FINAL DRAWINGS Pg No 69-197.pdf,95,drawing_only,high,reference workbook drawing pages,,,
test3_final_drawings_reference,Test/Test 3/FINAL DRAWINGS Pg No 69-197.pdf,96,drawing_only,high,reference workbook drawing pages,,,
test3_final_drawings_reference,Test/Test 3/FINAL DRAWINGS Pg No 69-197.pdf,97,drawing_only,high,reference workbook drawing pages,,,
test3_final_drawings_reference,Test/Test 3/FINAL DRAWINGS Pg No 69-197.pdf,98,drawing_only,high,reference workbook drawing pages,,,
test3_final_drawings_reference,Test/Test 3/FINAL DRAWINGS Pg No 69-197.pdf,99,drawing_only,high,reference workbook drawing pages,,,
test3_final_drawings_reference,Test/Test 3/FINAL DRAWINGS Pg No 69-197.pdf,100,drawing_only,high,reference workbook drawing pages,,,
test3_final_drawings_reference,Test/Test 3/FINAL DRAWINGS Pg No 69-197.pdf,101,drawing_only,high,reference workbook drawing pages,,,
test3_final_drawings_reference,Test/Test 3/FINAL DRAWINGS Pg No 69-197.pdf,102,drawing_only,high,reference workbook drawing pages,,,
test3_final_drawings_reference,Test/Test 3/FINAL DRAWINGS Pg No 69-197.pdf,103,drawing_only,high,reference workbook drawing pages,,,
test3_final_drawings_reference,Test/Test 3/FINAL DRAWINGS Pg No 69-197.pdf,104,drawing_only,high,reference workbook drawing pages,,,
test3_final_drawings_reference,Test/Test 3/FINAL DRAWINGS Pg No 69-197.pdf,105,drawing_only,high,reference workbook drawing pages,,,
test3_final_drawings_reference,Test/Test 3/FINAL DRAWINGS Pg No 69-197.pdf,106,drawing_only,high,reference workbook drawing pages,,,
test3_final_drawings_reference,Test/Test 3/FINAL DRAWINGS Pg No 69-197.pdf,107,drawing_only,high,reference workbook drawing pages,,,
test3_final_drawings_reference,Test/Test 3/FINAL DRAWINGS Pg No 69-197.pdf,108,drawing_only,high,reference workbook drawing pages,,,
test3_final_drawings_reference,Test/Test 3/FINAL DRAWINGS Pg No 69-197.pdf,109,drawing_only,high,reference workbook drawing pages,,,
test3_final_drawings_reference,Test/Test 3/FINAL DRAWINGS Pg No 69-197.pdf,110,drawing_only,high,reference workbook drawing pages,,,
test3_final_drawings_reference,Test/Test 3/FINAL DRAWINGS Pg No 69-197.pdf,111,drawing_only,high,reference workbook drawing pages,,,
test3_final_drawings_reference,Test/Test 3/FINAL DRAWINGS Pg No 69-197.pdf,112,drawing_only,high,reference workbook drawing pages,,,
test3_final_drawings_reference,Test/Test 3/FINAL DRAWINGS Pg No 69-197.pdf,113,drawing_only,high,reference workbook drawing pages,,,
test3_final_drawings_reference,Test/Test 3/FINAL DRAWINGS Pg No 69-197.pdf,114,drawing_only,high,reference workbook drawing pages,,,
test3_final_drawings_reference,Test/Test 3/FINAL DRAWINGS Pg No 69-197.pdf,115,drawing_only,high,reference workbook drawing pages,,,
test3_final_drawings_reference,Test/Test 3/FINAL DRAWINGS Pg No 69-197.pdf,116,drawing_only,high,reference workbook drawing pages,,,
test3_final_drawings_reference,Test/Test 3/FINAL DRAWINGS Pg No 69-197.pdf,117,drawing_only,high,reference workbook drawing pages,,,
test3_final_drawings_reference,Test/Test 3/FINAL DRAWINGS Pg No 69-197.pdf,118,drawing_only,high,reference workbook drawing pages,,,
test3_final_drawings_reference,Test/Test 3/FINAL DRAWINGS Pg No 69-197.pdf,119,drawing_only,high,reference workbook drawing pages,,,
test3_final_drawings_reference,Test/Test 3/FINAL DRAWINGS Pg No 69-197.pdf,120,drawing_only,high,reference workbook drawing pages,,,
test3_final_drawings_reference,Test/Test 3/FINAL DRAWINGS Pg No 69-197.pdf,121,drawing_only,high,reference workbook drawing pages,,,
test3_final_drawings_reference,Test/Test 3/FINAL DRAWINGS Pg No 69-197.pdf,122,drawing_only,high,reference workbook drawing pages,,,
test3_final_drawings_reference,Test/Test 3/FINAL DRAWINGS Pg No 69-197.pdf,123,drawing_only,high,reference workbook drawing pages,,,
test3_final_drawings_reference,Test/Test 3/FINAL DRAWINGS Pg No 69-197.pdf,124,drawing_only,high,reference workbook drawing pages,,,
test3_final_drawings_reference,Test/Test 3/FINAL DRAWINGS Pg No 69-197.pdf,125,drawing_only,high,reference workbook drawing pages,,,
test3_final_drawings_reference,Test/Test 3/FINAL DRAWINGS Pg No 69-197.pdf,126,drawing_only,high,reference workbook drawing pages,,,
test3_final_drawings_reference,Test/Test 3/FINAL DRAWINGS Pg No 69-197.pdf,127,drawing_only,high,reference workbook drawing pages,,,
test3_final_drawings_reference,Test/Test 3/FINAL DRAWINGS Pg No 69-197.pdf,128,drawing_only,high,reference workbook drawing pages,,,
test3_final_drawings_reference,Test/Test 3/FINAL DRAWINGS Pg No 69-197.pdf,129,drawing_only,high,reference workbook drawing pages,,,
test3_final_drawings_reference,Test/Test 3/FINAL DRAWINGS Pg No 69-197.pdf,130,drawing_only,high,reference workbook drawing pages,,,
test3_final_drawings_reference,Test/Test 3/FINAL DRAWINGS Pg No 69-197.pdf,131,drawing_only,high,reference workbook drawing pages,,,
test3_final_drawings_reference,Test/Test 3/FINAL DRAWINGS Pg No 69-197.pdf,132,drawing_only,high,reference workbook drawing pages,,,
test3_final_drawings_reference,Test/Test 3/FINAL DRAWINGS Pg No 69-197.pdf,133,drawing_only,high,reference workbook drawing pages,,,
test3_final_drawings_reference,Test/Test 3/FINAL DRAWINGS Pg No 69-197.pdf,134,drawing_only,high,reference workbook drawing pages,,,
test3_final_drawings_reference,Test/Test 3/FINAL DRAWINGS Pg No 69-197.pdf,135,drawing_only,high,reference workbook drawing pages,,,
test3_final_drawings_reference,Test/Test 3/FINAL DRAWINGS Pg No 69-197.pdf,136,drawing_only,high,reference workbook drawing pages,,,
test3_final_drawings_reference,Test/Test 3/FINAL DRAWINGS Pg No 69-197.pdf,137,drawing_only,high,reference workbook drawing pages,,,
test3_final_drawings_reference,Test/Test 3/FINAL DRAWINGS Pg No 69-197.pdf,138,drawing_only,high,reference workbook drawing pages,,,
test3_final_drawings_reference,Test/Test 3/FINAL DRAWINGS Pg No 69-197.pdf,139,drawing_only,high,reference workbook drawing pages,,,
test3_final_drawings_reference,Test/Test 3/FINAL DRAWINGS Pg No 69-197.pdf,140,drawing_only,high,reference workbook drawing pages,,,
test3_final_drawings_reference,Test/Test 3/FINAL DRAWINGS Pg No 69-197.pdf,141,drawing_only,high,reference workbook drawing pages,,,
test3_final_drawings_reference,Test/Test 3/FINAL DRAWINGS Pg No 69-197.pdf,142,drawing_only,high,reference workbook drawing pages,,,
test3_final_drawings_reference,Test/Test 3/FINAL DRAWINGS Pg No 69-197.pdf,143,drawing_only,high,reference workbook drawing pages,,,
test3_final_drawings_reference,Test/Test 3/FINAL DRAWINGS Pg No 69-197.pdf,144,drawing_only,high,reference workbook drawing pages,,,
test3_final_drawings_reference,Test/Test 3/FINAL DRAWINGS Pg No 69-197.pdf,145,drawing_only,high,reference workbook drawing pages,,,
test3_final_drawings_reference,Test/Test 3/FINAL DRAWINGS Pg No 69-197.pdf,146,drawing_only,high,reference workbook drawing pages,,,
test3_final_drawings_reference,Test/Test 3/FINAL DRAWINGS Pg No 69-197.pdf,147,drawing_only,high,reference workbook drawing pages,,,
test3_final_drawings_reference,Test/Test 3/FINAL DRAWINGS Pg No 69-197.pdf,148,drawing_only,high,reference workbook drawing pages,,,
test3_final_drawings_reference,Test/Test 3/FINAL DRAWINGS Pg No 69-197.pdf,149,drawing_only,high,reference workbook drawing pages,,,
test3_final_drawings_reference,Test/Test 3/FINAL DRAWINGS Pg No 69-197.pdf,150,drawing_only,high,reference workbook drawing pages,,,
test3_final_drawings_reference,Test/Test 3/FINAL DRAWINGS Pg No 69-197.pdf,151,drawing_only,high,reference workbook drawing pages,,,
test3_final_drawings_reference,Test/Test 3/FINAL DRAWINGS Pg No 69-197.pdf,152,drawing_only,high,reference workbook drawing pages,,,
test3_final_drawings_reference,Test/Test 3/FINAL DRAWINGS Pg No 69-197.pdf,153,drawing_only,high,reference workbook drawing pages,,,
test3_final_drawings_reference,Test/Test 3/FINAL DRAWINGS Pg No 69-197.pdf,154,drawing_only,high,reference workbook drawing pages,,,
test3_final_drawings_reference,Test/Test 3/FINAL DRAWINGS Pg No 69-197.pdf,155,drawing_only,high,reference workbook drawing pages,,,
test3_final_drawings_reference,Test/Test 3/FINAL DRAWINGS Pg No 69-197.pdf,156,drawing_only,high,reference workbook drawing pages,,,
test3_final_drawings_reference,Test/Test 3/FINAL DRAWINGS Pg No 69-197.pdf,157,drawing_only,high,reference workbook drawing pages,,,
test3_final_drawings_reference,Test/Test 3/FINAL DRAWINGS Pg No 69-197.pdf,158,drawing_only,high,reference workbook drawing pages,,,
test3_final_drawings_reference,Test/Test 3/FINAL DRAWINGS Pg No 69-197.pdf,159,drawing_only,high,reference workbook drawing pages,,,
test3_final_drawings_reference,Test/Test 3/FINAL DRAWINGS Pg No 69-197.pdf,160,drawing_only,high,reference workbook drawing pages,,,
test3_final_drawings_reference,Test/Test 3/FINAL DRAWINGS Pg No 69-197.pdf,161,drawing_only,high,reference workbook drawing pages,,,
test3_final_drawings_reference,Test/Test 3/FINAL DRAWINGS Pg No 69-197.pdf,162,drawing_only,high,reference workbook drawing pages,,,
test3_final_drawings_reference,Test/Test 3/FINAL DRAWINGS Pg No 69-197.pdf,163,drawing_only,high,reference workbook drawing pages,,,
test3_final_drawings_reference,Test/Test 3/FINAL DRAWINGS Pg No 69-197.pdf,164,drawing_only,high,reference workbook drawing pages,,,
test3_final_drawings_reference,Test/Test 3/FINAL DRAWINGS Pg No 69-197.pdf,165,drawing_only,high,reference workbook drawing pages,,,
test3_final_drawings_reference,Test/Test 3/FINAL DRAWINGS Pg No 69-197.pdf,166,drawing_only,high,reference workbook drawing pages,,,
test3_final_drawings_reference,Test/Test 3/FINAL DRAWINGS Pg No 69-197.pdf,167,drawing_only,high,reference workbook drawing pages,,,
test3_final_drawings_reference,Test/Test 3/FINAL DRAWINGS Pg No 69-197.pdf,168,drawing_only,high,reference workbook drawing pages,,,
test3_final_drawings_reference,Test/Test 3/FINAL DRAWINGS Pg No 69-197.pdf,169,drawing_only,high,reference workbook drawing pages,,,
test3_final_drawings_reference,Test/Test 3/FINAL DRAWINGS Pg No 69-197.pdf,170,drawing_only,high,reference workbook drawing pages,,,
test3_final_drawings_reference,Test/Test 3/FINAL DRAWINGS Pg No 69-197.pdf,171,drawing_only,high,reference workbook drawing pages,,,
test3_final_drawings_reference,Test/Test 3/FINAL DRAWINGS Pg No 69-197.pdf,172,drawing_only,high,reference workbook drawing pages,,,
test3_final_drawings_reference,Test/Test 3/FINAL DRAWINGS Pg No 69-197.pdf,173,drawing_only,high,reference workbook drawing pages,,,
test3_final_drawings_reference,Test/Test 3/FINAL DRAWINGS Pg No 69-197.pdf,174,drawing_only,high,reference workbook drawing pages,,,
test3_final_drawings_reference,Test/Test 3/FINAL DRAWINGS Pg No 69-197.pdf,175,drawing_only,high,reference workbook drawing pages,,,
test3_final_drawings_reference,Test/Test 3/FINAL DRAWINGS Pg No 69-197.pdf,176,drawing_only,high,reference workbook drawing pages,,,
test3_final_drawings_reference,Test/Test 3/FINAL DRAWINGS Pg No 69-197.pdf,177,drawing_only,high,reference workbook drawing pages,,,
test3_final_drawings_reference,Test/Test 3/FINAL DRAWINGS Pg No 69-197.pdf,178,drawing_only,high,reference workbook drawing pages,,,
test3_final_drawings_reference,Test/Test 3/FINAL DRAWINGS Pg No 69-197.pdf,179,drawing_only,high,reference workbook drawing pages,,,
test3_final_drawings_reference,Test/Test 3/FINAL DRAWINGS Pg No 69-197.pdf,180,drawing_only,high,reference workbook drawing pages,,,
test3_final_drawings_reference,Test/Test 3/FINAL DRAWINGS Pg No 69-197.pdf,181,drawing_only,high,reference workbook drawing pages,,,
test3_final_drawings_reference,Test/Test 3/FINAL DRAWINGS Pg No 69-197.pdf,182,drawing_only,high,reference workbook drawing pages,,,
test3_final_drawings_reference,Test/Test 3/FINAL DRAWINGS Pg No 69-197.pdf,183,drawing_only,high,reference workbook drawing pages,,,
test3_final_drawings_reference,Test/Test 3/FINAL DRAWINGS Pg No 69-197.pdf,184,drawing_only,high,reference workbook drawing pages,,,
test3_final_drawings_reference,Test/Test 3/FINAL DRAWINGS Pg No 69-197.pdf,185,drawing_only,high,reference workbook drawing pages,,,
test3_final_drawings_reference,Test/Test 3/FINAL DRAWINGS Pg No 69-197.pdf,186,drawing_only,high,reference workbook drawing pages,,,
test3_final_drawings_reference,Test/Test 3/FINAL DRAWINGS Pg No 69-197.pdf,187,drawing_only,high,reference workbook drawing pages,,,
test3_final_drawings_reference,Test/Test 3/FINAL DRAWINGS Pg No 69-197.pdf,188,drawing_only,high,reference workbook drawing pages,,,
test3_final_drawings_reference,Test/Test 3/FINAL DRAWINGS Pg No 69-197.pdf,189,drawing_only,high,reference workbook drawing pages,,,
test3_final_drawings_reference,Test/Test 3/FINAL DRAWINGS Pg No 69-197.pdf,190,drawing_only,high,reference workbook drawing pages,,,
test3_final_drawings_reference,Test/Test 3/FINAL DRAWINGS Pg No 69-197.pdf,191,drawing_only,high,reference workbook drawing pages,,,
test3_final_drawings_reference,Test/Test 3/FINAL DRAWINGS Pg No 69-197.pdf,192,drawing_only,high,reference workbook drawing pages,,,
test3_final_drawings_reference,Test/Test 3/FINAL DRAWINGS Pg No 69-197.pdf,193,drawing_only,high,reference workbook drawing pages,,,
test3_final_drawings_reference,Test/Test 3/FINAL DRAWINGS Pg No 69-197.pdf,194,drawing_only,high,reference workbook drawing pages,,,
test3_final_drawings_reference,Test/Test 3/FINAL DRAWINGS Pg No 69-197.pdf,195,drawing_only,high,reference workbook drawing pages,,,
test3_final_drawings_reference,Test/Test 3/FINAL DRAWINGS Pg No 69-197.pdf,196,drawing_only,high,reference workbook drawing pages,,,
test3_final_drawings_reference,Test/Test 3/FINAL DRAWINGS Pg No 69-197.pdf,197,drawing_only,high,reference workbook drawing pages,,,
test3_final_drawings_reference,Test/Test 3/FINAL DRAWINGS Pg No 69-197.pdf,198,drawing_only,high,reference workbook drawing pages,,,
test3_final_drawings_reference,Test/Test 3/FINAL DRAWINGS Pg No 69-197.pdf,199,drawing_only,high,reference workbook drawing pages,,,
test3_final_drawings_reference,Test/Test 3/FINAL DRAWINGS Pg No 69-197.pdf,200,drawing_only,high,reference workbook drawing pages,,,
test3_final_drawings_reference,Test/Test 3/FINAL DRAWINGS Pg No 69-197.pdf,201,drawing_only,high,reference workbook drawing pages,,,
test3_final_drawings_reference,Test/Test 3/FINAL DRAWINGS Pg No 69-197.pdf,202,drawing_only,high,reference workbook drawing pages,,,
test3_final_drawings_reference,Test/Test 3/FINAL DRAWINGS Pg No 69-197.pdf,203,drawing_only,high,reference workbook drawing pages,,,
test3_final_drawings_reference,Test/Test 3/FINAL DRAWINGS Pg No 69-197.pdf,204,drawing_only,high,reference workbook drawing pages,,,
test3_final_drawings_reference,Test/Test 3/FINAL DRAWINGS Pg No 69-197.pdf,205,drawing_only,high,reference workbook drawing pages,,,
test3_final_drawings_reference,Test/Test 3/FINAL DRAWINGS Pg No 69-197.pdf,206,drawing_only,high,reference workbook drawing pages,,,
test3_final_drawings_reference,Test/Test 3/FINAL DRAWINGS Pg No 69-197.pdf,207,drawing_only,high,reference workbook drawing pages,,,
test3_final_drawings_reference,Test/Test 3/FINAL DRAWINGS Pg No 69-197.pdf,208,drawing_only,high,reference workbook drawing pages,,,
test3_final_drawings_reference,Test/Test 3/FINAL DRAWINGS Pg No 69-197.pdf,209,drawing_only,high,reference workbook drawing pages,,,
test3_final_drawings_reference,Test/Test 3/FINAL DRAWINGS Pg No 69-197.pdf,210,drawing_only,high,reference workbook drawing pages,,,
test3_final_drawings_reference,Test/Test 3/FINAL DRAWINGS Pg No 69-197.pdf,211,drawing_only,high,reference workbook drawing pages,,,
test3_final_drawings_reference,Test/Test 3/FINAL DRAWINGS Pg No 69-197.pdf,212,drawing_only,high,reference workbook drawing pages,,,
test3_final_drawings_reference,Test/Test 3/FINAL DRAWINGS Pg No 69-197.pdf,213,drawing_only,high,reference workbook drawing pages,,,
test3_final_drawings_reference,Test/Test 3/FINAL DRAWINGS Pg No 69-197.pdf,214,drawing_only,high,reference workbook drawing pages,,,
test3_final_drawings_reference,Test/Test 3/FINAL DRAWINGS Pg No 69-197.pdf,215,drawing_only,high,reference workbook drawing pages,,,
test3_final_drawings_reference,Test/Test 3/FINAL DRAWINGS Pg No 69-197.pdf,216,drawing_only,high,reference workbook drawing pages,,,
test3_final_drawings_reference,Test/Test 3/FINAL DRAWINGS Pg No 69-197.pdf,217,drawing_only,high,reference workbook drawing pages,,,
test3_final_drawings_reference,Test/Test 3/FINAL DRAWINGS Pg No 69-197.pdf,218,drawing_only,high,reference workbook drawing pages,,,
test3_final_drawings_reference,Test/Test 3/FINAL DRAWINGS Pg No 69-197.pdf,219,drawing_only,high,reference workbook drawing pages,,,
test3_final_drawings_reference,Test/Test 3/FINAL DRAWINGS Pg No 69-197.pdf,220,drawing_only,high,reference workbook drawing pages,,,
test3_final_drawings_reference,Test/Test 3/FINAL DRAWINGS Pg No 69-197.pdf,221,drawing_only,high,reference workbook drawing pages,,,
test3_final_drawings_reference,Test/Test 3/FINAL DRAWINGS Pg No 69-197.pdf,222,drawing_only,high,reference workbook drawing pages,,,
test3_final_drawings_reference,Test/Test 3/FINAL DRAWINGS Pg No 69-197.pdf,223,drawing_only,high,reference workbook drawing pages,,,
test3_final_drawings_reference,Test/Test 3/FINAL DRAWINGS Pg No 69-197.pdf,224,drawing_only,high,reference workbook drawing pages,,,
test3_final_drawings_reference,Test/Test 3/FINAL DRAWINGS Pg No 69-197.pdf,225,drawing_only,high,reference workbook drawing pages,,,
test3_final_drawings_reference,Test/Test 3/FINAL DRAWINGS Pg No 69-197.pdf,226,drawing_only,high,reference workbook drawing pages,,,
test3_final_drawings_reference,Test/Test 3/FINAL DRAWINGS Pg No 69-197.pdf,227,drawing_only,high,reference workbook drawing pages,,,
test3_final_drawings_reference,Test/Test 3/FINAL DRAWINGS Pg No 69-197.pdf,228,drawing_only,high,reference workbook drawing pages,,,
test3_final_drawings_reference,Test/Test 3/FINAL DRAWINGS Pg No 69-197.pdf,229,drawing_only,high,reference workbook drawing pages,,,
test3_final_drawings_reference,Test/Test 3/FINAL DRAWINGS Pg No 69-197.pdf,230,drawing_only,high,reference workbook drawing pages,,,
test3_final_drawings_reference,Test/Test 3/FINAL DRAWINGS Pg No 69-197.pdf,231,drawing_only,high,reference workbook drawing pages,,,
test3_final_drawings_reference,Test/Test 3/FINAL DRAWINGS Pg No 69-197.pdf,232,drawing_only,high,reference workbook drawing pages,,,
test3_final_drawings_reference,Test/Test 3/FINAL DRAWINGS Pg No 69-197.pdf,233,drawing_only,high,reference workbook drawing pages,,,
test3_final_drawings_reference,Test/Test 3/FINAL DRAWINGS Pg No 69-197.pdf,234,drawing_only,high,reference workbook drawing pages,,,
test3_final_drawings_reference,Test/Test 3/FINAL DRAWINGS Pg No 69-197.pdf,235,drawing_only,high,reference workbook drawing pages,,,
test3_final_drawings_reference,Test/Test 3/FINAL DRAWINGS Pg No 69-197.pdf,236,drawing_only,high,reference workbook drawing pages,,,
test3_final_drawings_reference,Test/Test 3/FINAL DRAWINGS Pg No 69-197.pdf,237,drawing_only,high,reference workbook drawing pages,,,
test3_final_drawings_reference,Test/Test 3/FINAL DRAWINGS Pg No 69-197.pdf,238,drawing_only,high,reference workbook drawing pages,,,
test3_final_drawings_reference,Test/Test 3/FINAL DRAWINGS Pg No 69-197.pdf,239,drawing_only,high,reference workbook drawing pages,,,
test3_final_drawings_reference,Test/Test 3/FINAL DRAWINGS Pg No 69-197.pdf,240,drawing_only,high,reference workbook drawing pages,,,
test3_final_drawings_reference,Test/Test 3/FINAL DRAWINGS Pg No 69-197.pdf,241,drawing_only,high,reference workbook drawing pages,,,
test3_final_drawings_reference,Test/Test 3/FINAL DRAWINGS Pg No 69-197.pdf,242,drawing_only,high,reference workbook drawing pages,,,
test3_final_drawings_reference,Test/Test 3/FINAL DRAWINGS Pg No 69-197.pdf,243,drawing_only,high,reference workbook drawing pages,,,
test3_final_drawings_reference,Test/Test 3/FINAL DRAWINGS Pg No 69-197.pdf,244,drawing_only,high,reference workbook drawing pages,,,
test3_final_drawings_reference,Test/Test 3/FINAL DRAWINGS Pg No 69-197.pdf,245,drawing_only,high,reference workbook drawing pages,,,
test3_final_drawings_reference,Test/Test 3/FINAL DRAWINGS Pg No 69-197.pdf,246,drawing_only,high,reference workbook drawing pages,,,
test3_final_drawings_reference,Test/Test 3/FINAL DRAWINGS Pg No 69-197.pdf,247,drawing_only,high,reference workbook drawing pages,,,
test3_final_drawings_reference,Test/Test 3/FINAL DRAWINGS Pg No 69-197.pdf,248,drawing_only,high,reference workbook drawing pages,,,
test3_final_drawings_reference,Test/Test 3/FINAL DRAWINGS Pg No 69-197.pdf,249,drawing_only,high,reference workbook drawing pages,,,
test3_final_drawings_reference,Test/Test 3/FINAL DRAWINGS Pg No 69-197.pdf,250,drawing_only,high,reference workbook drawing pages,,,
test3_final_drawings_reference,Test/Test 3/FINAL DRAWINGS Pg No 69-197.pdf,251,drawing_only,high,reference workbook drawing pages,,,
test3_final_drawings_reference,Test/Test 3/FINAL DRAWINGS Pg No 69-197.pdf,252,drawing_only,high,reference workbook drawing pages,,,
test3_final_drawings_reference,Test/Test 3/FINAL DRAWINGS Pg No 69-197.pdf,253,drawing_only,high,reference workbook drawing pages,,,
test3_final_drawings_reference,Test/Test 3/FINAL DRAWINGS Pg No 69-197.pdf,254,drawing_only,high,reference workbook drawing pages,,,
test3_final_drawings_reference,Test/Test 3/FINAL DRAWINGS Pg No 69-197.pdf,255,drawing_only,high,reference workbook drawing pages,,,
test3_final_drawings_reference,Test/Test 3/FINAL DRAWINGS Pg No 69-197.pdf,256,drawing_only,high,reference workbook drawing pages,,,
test3_final_drawings_reference,Test/Test 3/FINAL DRAWINGS Pg No 69-197.pdf,257,drawing_only,high,reference workbook drawing pages,,,
test3_final_drawings_reference,Test/Test 3/FINAL DRAWINGS Pg No 69-197.pdf,258,drawing_only,high,reference workbook drawing pages,,,
test3_final_drawings_reference,Test/Test 3/FINAL DRAWINGS Pg No 69-197.pdf,259,drawing_only,high,reference workbook drawing pages,,,
test3_final_drawings_reference,Test/Test 3/FINAL DRAWINGS Pg No 69-197.pdf,260,drawing_only,high,reference workbook drawing pages,,,
test3_final_drawings_reference,Test/Test 3/FINAL DRAWINGS Pg No 69-197.pdf,261,drawing_only,high,reference workbook drawing pages,,,
test3_final_drawings_reference,Test/Test 3/FINAL DRAWINGS Pg No 69-197.pdf,262,drawing_only,high,reference workbook drawing pages,,,
test3_final_drawings_reference,Test/Test 3/FINAL DRAWINGS Pg No 69-197.pdf,263,drawing_only,high,reference workbook drawing pages,,,
test3_final_drawings_reference,Test/Test 3/FINAL DRAWINGS Pg No 69-197.pdf,264,drawing_only,high,reference workbook drawing pages,,,
test3_final_drawings_reference,Test/Test 3/FINAL DRAWINGS Pg No 69-197.pdf,265,drawing_only,high,reference workbook drawing pages,,,
test3_final_drawings_reference,Test/Test 3/FINAL DRAWINGS Pg No 69-197.pdf,266,drawing_only,high,reference workbook drawing pages,,,
test3_final_drawings_reference,Test/Test 3/FINAL DRAWINGS Pg No 69-197.pdf,267,drawing_only,high,reference workbook drawing pages,,,
test3_final_drawings_reference,Test/Test 3/FINAL DRAWINGS Pg No 69-197.pdf,268,drawing_only,high,reference workbook drawing pages,,,
test3_final_drawings_reference,Test/Test 3/FINAL DRAWINGS Pg No 69-197.pdf,269,drawing_only,high,reference workbook drawing pages,,,
test3_final_drawings_reference,Test/Test 3/FINAL DRAWINGS Pg No 69-197.pdf,270,drawing_only,high,reference workbook drawing pages,,,
test3_final_drawings_reference,Test/Test 3/FINAL DRAWINGS Pg No 69-197.pdf,271,drawing_only,high,reference workbook drawing pages,,,
test3_final_drawings_reference,Test/Test 3/FINAL DRAWINGS Pg No 69-197.pdf,272,drawing_only,high,reference workbook drawing pages,,,
test3_final_drawings_reference,Test/Test 3/FINAL DRAWINGS Pg No 69-197.pdf,273,drawing_only,high,reference workbook drawing pages,,,
test3_final_drawings_reference,Test/Test 3/FINAL DRAWINGS Pg No 69-197.pdf,274,drawing_only,high,reference workbook drawing pages,,,
test3_final_drawings_reference,Test/Test 3/FINAL DRAWINGS Pg No 69-197.pdf,275,drawing_only,high,reference workbook drawing pages,,,
test3_final_drawings_reference,Test/Test 3/FINAL DRAWINGS Pg No 69-197.pdf,276,drawing_only,high,reference workbook drawing pages,,,
test3_final_drawings_reference,Test/Test 3/FINAL DRAWINGS Pg No 69-197.pdf,277,drawing_only,high,reference workbook drawing pages,,,
test3_final_drawings_reference,Test/Test 3/FINAL DRAWINGS Pg No 69-197.pdf,278,drawing_only,high,reference workbook drawing pages,,,
test3_final_drawings_reference,Test/Test 3/FINAL DRAWINGS Pg No 69-197.pdf,279,drawing_only,high,reference workbook drawing pages,,,
test3_final_drawings_reference,Test/Test 3/FINAL DRAWINGS Pg No 69-197.pdf,280,drawing_only,high,reference workbook drawing pages,,,
test3_final_drawings_reference,Test/Test 3/FINAL DRAWINGS Pg No 69-197.pdf,281,drawing_only,high,reference workbook drawing pages,,,
test3_final_drawings_reference,Test/Test 3/FINAL DRAWINGS Pg No 69-197.pdf,282,drawing_only,high,reference workbook drawing pages,,,
test3_final_drawings_reference,Test/Test 3/FINAL DRAWINGS Pg No 69-197.pdf,283,drawing_only,high,reference workbook drawing pages,,,
test3_final_drawings_reference,Test/Test 3/FINAL DRAWINGS Pg No 69-197.pdf,284,drawing_only,high,reference workbook drawing pages,,,
test3_final_drawings_reference,Test/Test 3/FINAL DRAWINGS Pg No 69-197.pdf,285,drawing_only,high,reference workbook drawing pages,,,
test3_final_drawings_reference,Test/Test 3/FINAL DRAWINGS Pg No 69-197.pdf,286,drawing_only,high,reference workbook drawing pages,,,
test3_final_drawings_reference,Test/Test 3/FINAL DRAWINGS Pg No 69-197.pdf,287,drawing_only,high,reference workbook drawing pages,,,
test3_final_drawings_reference,Test/Test 3/FINAL DRAWINGS Pg No 69-197.pdf,288,drawing_only,high,reference workbook drawing pages,,,
test3_final_drawings_reference,Test/Test 3/FINAL DRAWINGS Pg No 69-197.pdf,289,drawing_only,high,reference workbook drawing pages,,,
test3_final_drawings_reference,Test/Test 3/FINAL DRAWINGS Pg No 69-197.pdf,290,drawing_only,high,reference workbook drawing pages,,,
test3_final_drawings_reference,Test/Test 3/FINAL DRAWINGS Pg No 69-197.pdf,291,drawing_only,high,reference workbook drawing pages,,,
test3_final_drawings_reference,Test/Test 3/FINAL DRAWINGS Pg No 69-197.pdf,292,drawing_only,high,reference workbook drawing pages,,,
test3_final_drawings_reference,Test/Test 3/FINAL DRAWINGS Pg No 69-197.pdf,293,drawing_only,high,reference workbook drawing pages,,,
test3_final_drawings_reference,Test/Test 3/FINAL DRAWINGS Pg No 69-197.pdf,294,drawing_only,high,reference workbook drawing pages,,,
test3_final_drawings_reference,Test/Test 3/FINAL DRAWINGS Pg No 69-197.pdf,295,drawing_only,high,reference workbook drawing pages,,,
test3_final_drawings_reference,Test/Test 3/FINAL DRAWINGS Pg No 69-197.pdf,296,drawing_only,high,reference workbook drawing pages,,,
test3_final_drawings_reference,Test/Test 3/FINAL DRAWINGS Pg No 69-197.pdf,297,drawing_only,high,reference workbook drawing pages,,,
test3_final_drawings_reference,Test/Test 3/FINAL DRAWINGS Pg No 69-197.pdf,298,drawing_only,high,reference workbook drawing pages,,,
test3_final_drawings_reference,Test/Test 3/FINAL DRAWINGS Pg No 69-197.pdf,299,drawing_only,high,reference workbook drawing pages,,,
test3_final_drawings_reference,Test/Test 3/FINAL DRAWINGS Pg No 69-197.pdf,300,drawing_only,high,reference workbook drawing pages,,,
test3_final_drawings_reference,Test/Test 3/FINAL DRAWINGS Pg No 69-197.pdf,301,drawing_only,high,reference workbook drawing pages,,,
test3_final_drawings_reference,Test/Test 3/FINAL DRAWINGS Pg No 69-197.pdf,302,drawing_only,high,reference workbook drawing pages,,,
test3_final_drawings_reference,Test/Test 3/FINAL DRAWINGS Pg No 69-197.pdf,303,drawing_only,high,reference workbook drawing pages,,,
test3_final_drawings_reference,Test/Test 3/FINAL DRAWINGS Pg No 69-197.pdf,304,drawing_only,high,reference workbook drawing pages,,,
test3_final_drawings_reference,Test/Test 3/FINAL DRAWINGS Pg No 69-197.pdf,305,drawing_only,high,reference workbook drawing pages,,,
test3_final_drawings_reference,Test/Test 3/FINAL DRAWINGS Pg No 69-197.pdf,306,drawing_only,high,reference workbook drawing pages,,,
test3_final_drawings_reference,Test/Test 3/FINAL DRAWINGS Pg No 69-197.pdf,307,drawing_only,high,reference workbook drawing pages,,,
test3_final_drawings_reference,Test/Test 3/FINAL DRAWINGS Pg No 69-197.pdf,308,drawing_only,high,reference workbook drawing pages,,,
test3_final_drawings_reference,Test/Test 3/FINAL DRAWINGS Pg No 69-197.pdf,309,drawing_only,high,reference workbook drawing pages,,,
test3_final_drawings_reference,Test/Test 3/FINAL DRAWINGS Pg No 69-197.pdf,310,drawing_only,high,reference workbook drawing pages,,,
test3_final_drawings_reference,Test/Test 3/FINAL DRAWINGS Pg No 69-197.pdf,311,drawing_only,high,reference workbook drawing pages,,,
test3_final_drawings_reference,Test/Test 3/FINAL DRAWINGS Pg No 69-197.pdf,312,drawing_only,high,reference workbook drawing pages,,,
test3_final_drawings_reference,Test/Test 3/FINAL DRAWINGS Pg No 69-197.pdf,313,drawing_only,high,reference workbook drawing pages,,,
test3_final_drawings_reference,Test/Test 3/FINAL DRAWINGS Pg No 69-197.pdf,314,drawing_only,high,reference workbook drawing pages,,,
test3_final_drawings_reference,Test/Test 3/FINAL DRAWINGS Pg No 69-197.pdf,315,drawing_only,high,reference workbook drawing pages,,,
test3_final_drawings_reference,Test/Test 3/FINAL DRAWINGS Pg No 69-197.pdf,316,drawing_only,high,reference workbook drawing pages,,,
test3_final_drawings_reference,Test/Test 3/FINAL DRAWINGS Pg No 69-197.pdf,317,drawing_only,high,reference workbook drawing pages,,,
test3_final_drawings_reference,Test/Test 3/FINAL DRAWINGS Pg No 69-197.pdf,318,drawing_only,high,reference workbook drawing pages,,,
test3_final_drawings_reference,Test/Test 3/FINAL DRAWINGS Pg No 69-197.pdf,319,drawing_only,high,reference workbook drawing pages,,,
test3_final_drawings_reference,Test/Test 3/FINAL DRAWINGS Pg No 69-197.pdf,320,drawing_only,high,reference workbook drawing pages,,,
test3_final_drawings_reference,Test/Test 3/FINAL DRAWINGS Pg No 69-197.pdf,321,drawing_only,high,reference workbook drawing pages,,,
test3_final_drawings_reference,Test/Test 3/FINAL DRAWINGS Pg No 69-197.pdf,322,drawing_only,high,reference workbook drawing pages,,,
test3_final_drawings_reference,Test/Test 3/FINAL DRAWINGS Pg No 69-197.pdf,323,drawing_only,high,reference workbook drawing pages,,,
test3_final_drawings_reference,Test/Test 3/FINAL DRAWINGS Pg No 69-197.pdf,324,drawing_only,high,reference workbook drawing pages,,,
test3_final_drawings_reference,Test/Test 3/FINAL DRAWINGS Pg No 69-197.pdf,325,drawing_only,high,reference workbook drawing pages,,,
test3_final_drawings_reference,Test/Test 3/FINAL DRAWINGS Pg No 69-197.pdf,326,drawing_only,high,reference workbook drawing pages,,,
test3_final_drawings_reference,Test/Test 3/FINAL DRAWINGS Pg No 69-197.pdf,327,drawing_only,high,reference workbook drawing pages,,,
test3_final_drawings_reference,Test/Test 3/FINAL DRAWINGS Pg No 69-197.pdf,328,drawing_only,high,reference workbook drawing pages,,,
test3_final_drawings_reference,Test/Test 3/FINAL DRAWINGS Pg No 69-197.pdf,329,drawing_only,high,reference workbook drawing pages,,,
test3_final_drawings_reference,Test/Test 3/FINAL DRAWINGS Pg No 69-197.pdf,330,drawing_only,high,reference workbook drawing pages,,,
test3_final_drawings_reference,Test/Test 3/FINAL DRAWINGS Pg No 69-197.pdf,331,drawing_only,high,reference workbook drawing pages,,,
test3_final_drawings_reference,Test/Test 3/FINAL DRAWINGS Pg No 69-197.pdf,332,drawing_only,high,reference workbook drawing pages,,,
test3_final_drawings_reference,Test/Test 3/FINAL DRAWINGS Pg No 69-197.pdf,333,drawing_only,high,reference workbook drawing pages,,,
test3_final_drawings_reference,Test/Test 3/FINAL DRAWINGS Pg No 69-197.pdf,334,drawing_only,high,reference workbook drawing pages,,,
test3_final_drawings_reference,Test/Test 3/FINAL DRAWINGS Pg No 69-197.pdf,335,drawing_only,high,reference workbook drawing pages,,,
test3_final_drawings_reference,Test/Test 3/FINAL DRAWINGS Pg No 69-197.pdf,336,drawing_only,high,reference workbook drawing pages,,,
test3_final_drawings_reference,Test/Test 3/FINAL DRAWINGS Pg No 69-197.pdf,337,drawing_only,high,reference workbook drawing pages,,,
test3_final_drawings_reference,Test/Test 3/FINAL DRAWINGS Pg No 69-197.pdf,338,drawing_only,high,reference workbook drawing pages,,,
test3_final_drawings_reference,Test/Test 3/FINAL DRAWINGS Pg No 69-197.pdf,339,drawing_only,high,reference workbook drawing pages,,,
test3_final_drawings_reference,Test/Test 3/FINAL DRAWINGS Pg No 69-197.pdf,340,drawing_only,high,reference workbook drawing pages,,,
test3_final_drawings_reference,Test/Test 3/FINAL DRAWINGS Pg No 69-197.pdf,341,drawing_only,high,reference workbook drawing pages,,,
test3_final_drawings_reference,Test/Test 3/FINAL DRAWINGS Pg No 69-197.pdf,342,drawing_only,high,reference workbook drawing pages,,,
test3_final_drawings_reference,Test/Test 3/FINAL DRAWINGS Pg No 69-197.pdf,343,drawing_only,high,reference workbook drawing pages,,,
test3_final_drawings_reference,Test/Test 3/FINAL DRAWINGS Pg No 69-197.pdf,344,drawing_only,high,reference workbook drawing pages,,,
test3_final_drawings_reference,Test/Test 3/FINAL DRAWINGS Pg No 69-197.pdf,345,drawing_only,high,reference workbook drawing pages,,,
test3_final_drawings_reference,Test/Test 3/FINAL DRAWINGS Pg No 69-197.pdf,346,drawing_only,high,reference workbook drawing pages,,,
test3_final_drawings_reference,Test/Test 3/FINAL DRAWINGS Pg No 69-197.pdf,347,drawing_only,high,reference workbook drawing pages,,,
test3_final_drawings_reference,Test/Test 3/FINAL DRAWINGS Pg No 69-197.pdf,348,drawing_only,high,reference workbook drawing pages,,,
test3_final_drawings_reference,Test/Test 3/FINAL DRAWINGS Pg No 69-197.pdf,349,drawing_only,high,reference workbook drawing pages,,,
test3_final_drawings_reference,Test/Test 3/FINAL DRAWINGS Pg No 69-197.pdf,350,drawing_only,high,reference workbook drawing pages,,,
test3_final_drawings_reference,Test/Test 3/FINAL DRAWINGS Pg No 69-197.pdf,351,drawing_only,high,reference workbook drawing pages,,,
test3_final_drawings_reference,Test/Test 3/FINAL DRAWINGS Pg No 69-197.pdf,352,drawing_only,high,reference workbook drawing pages,,,
test3_final_drawings_reference,Test/Test 3/FINAL DRAWINGS Pg No 69-197.pdf,353,drawing_only,high,reference workbook drawing pages,,,
test3_final_drawings_reference,Test/Test 3/FINAL DRAWINGS Pg No 69-197.pdf,354,drawing_only,high,reference workbook drawing pages,,,
test3_final_drawings_reference,Test/Test 3/FINAL DRAWINGS Pg No 69-197.pdf,355,drawing_only,high,reference workbook drawing pages,,,
test3_final_drawings_reference,Test/Test 3/FINAL DRAWINGS Pg No 69-197.pdf,356,drawing_only,high,reference workbook drawing pages,,,
test3_final_drawings_reference,Test/Test 3/FINAL DRAWINGS Pg No 69-197.pdf,357,drawing_only,high,reference workbook drawing pages,,,
test3_final_drawings_reference,Test/Test 3/FINAL DRAWINGS Pg No 69-197.pdf,358,drawing_only,high,reference workbook drawing pages,,,
test3_final_drawings_reference,Test/Test 3/FINAL DRAWINGS Pg No 69-197.pdf,359,drawing_only,high,reference workbook drawing pages,,,
test3_final_drawings_reference,Test/Test 3/FINAL DRAWINGS Pg No 69-197.pdf,360,drawing_only,high,reference workbook drawing pages,,,
test3_final_drawings_reference,Test/Test 3/FINAL DRAWINGS Pg No 69-197.pdf,361,drawing_only,high,reference workbook drawing pages,,,
test3_final_drawings_reference,Test/Test 3/FINAL DRAWINGS Pg No 69-197.pdf,362,drawing_only,high,reference workbook drawing pages,,,
test3_final_drawings_reference,Test/Test 3/FINAL DRAWINGS Pg No 69-197.pdf,363,drawing_only,high,reference workbook drawing pages,,,
test3_final_drawings_reference,Test/Test 3/FINAL DRAWINGS Pg No 69-197.pdf,364,drawing_only,high,reference workbook drawing pages,,,
test3_final_drawings_reference,Test/Test 3/FINAL DRAWINGS Pg No 69-197.pdf,365,drawing_only,high,reference workbook drawing pages,,,
test3_final_drawings_reference,Test/Test 3/FINAL DRAWINGS Pg No 69-197.pdf,366,drawing_only,high,reference workbook drawing pages,,,
test3_final_drawings_reference,Test/Test 3/FINAL DRAWINGS Pg No 69-197.pdf,367,drawing_only,high,reference workbook drawing pages,,,
test3_final_drawings_reference,Test/Test 3/FINAL DRAWINGS Pg No 69-197.pdf,368,drawing_only,high,reference workbook drawing pages,,,
test3_final_drawings_reference,Test/Test 3/FINAL DRAWINGS Pg No 69-197.pdf,369,drawing_only,high,reference workbook drawing pages,,,
test3_final_drawings_reference,Test/Test 3/FINAL DRAWINGS Pg No 69-197.pdf,370,drawing_only,high,reference workbook drawing pages,,,
test3_final_drawings_reference,Test/Test 3/FINAL DRAWINGS Pg No 69-197.pdf,371,drawing_only,high,reference workbook drawing pages,,,
test3_final_drawings_reference,Test/Test 3/FINAL DRAWINGS Pg No 69-197.pdf,372,drawing_only,high,reference workbook drawing pages,,,
test3_final_drawings_reference,Test/Test 3/FINAL DRAWINGS Pg No 69-197.pdf,373,drawing_only,high,reference workbook drawing pages,,,
test3_final_drawings_reference,Test/Test 3/FINAL DRAWINGS Pg No 69-197.pdf,374,drawing_only,high,reference workbook drawing pages,,,
test3_final_drawings_reference,Test/Test 3/FINAL DRAWINGS Pg No 69-197.pdf,375,drawing_only,high,reference workbook drawing pages,,,
test3_final_drawings_reference,Test/Test 3/FINAL DRAWINGS Pg No 69-197.pdf,376,drawing_only,high,reference workbook drawing pages,,,
test3_final_drawings_reference,Test/Test 3/FINAL DRAWINGS Pg No 69-197.pdf,377,drawing_only,high,reference workbook drawing pages,,,
test3_final_drawings_reference,Test/Test 3/FINAL DRAWINGS Pg No 69-197.pdf,378,drawing_only,high,reference workbook drawing pages,,,
test3_final_drawings_reference,Test/Test 3/FINAL DRAWINGS Pg No 69-197.pdf,379,drawing_only,high,reference workbook drawing pages,,,
test3_final_drawings_reference,Test/Test 3/FINAL DRAWINGS Pg No 69-197.pdf,380,drawing_only,high,reference workbook drawing pages,,,
test3_final_drawings_reference,Test/Test 3/FINAL DRAWINGS Pg No 69-197.pdf,381,drawing_only,high,reference workbook drawing pages,,,
test3_final_drawings_reference,Test/Test 3/FINAL DRAWINGS Pg No 69-197.pdf,382,drawing_only,high,reference workbook drawing pages,,,
test3_final_drawings_reference,Test/Test 3/FINAL DRAWINGS Pg No 69-197.pdf,383,drawing_only,high,reference workbook drawing pages,,,
test3_final_drawings_reference,Test/Test 3/FINAL DRAWINGS Pg No 69-197.pdf,384,drawing_only,high,reference workbook drawing pages,,,
test3_final_drawings_reference,Test/Test 3/FINAL DRAWINGS Pg No 69-197.pdf,385,drawing_only,high,reference workbook drawing pages,,,
test3_final_drawings_reference,Test/Test 3/FINAL DRAWINGS Pg No 69-197.pdf,386,drawing_only,high,reference workbook drawing pages,,,
test3_final_drawings_reference,Test/Test 3/FINAL DRAWINGS Pg No 69-197.pdf,387,drawing_only,high,reference workbook drawing pages,,,
test3_final_drawings_reference,Test/Test 3/FINAL DRAWINGS Pg No 69-197.pdf,388,drawing_only,high,reference workbook drawing pages,,,
test3_final_drawings_reference,Test/Test 3/FINAL DRAWINGS Pg No 69-197.pdf,389,drawing_only,high,reference workbook drawing pages,,,
test3_final_drawings_reference,Test/Test 3/FINAL DRAWINGS Pg No 69-197.pdf,390,drawing_only,high,reference workbook drawing pages,,,
test3_final_drawings_reference,Test/Test 3/FINAL DRAWINGS Pg No 69-197.pdf,391,drawing_only,high,reference workbook drawing pages,,,
test3_final_drawings_reference,Test/Test 3/FINAL DRAWINGS Pg No 69-197.pdf,392,drawing_only,high,reference workbook drawing pages,,,
test3_final_drawings_reference,Test/Test 3/FINAL DRAWINGS Pg No 69-197.pdf,393,drawing_only,high,reference workbook drawing pages,,,
test3_final_drawings_reference,Test/Test 3/FINAL DRAWINGS Pg No 69-197.pdf,394,drawing_only,high,reference workbook drawing pages,,,
test3_final_drawings_reference,Test/Test 3/FINAL DRAWINGS Pg No 69-197.pdf,395,drawing_only,high,reference workbook drawing pages,,,
test3_final_drawings_reference,Test/Test 3/FINAL DRAWINGS Pg No 69-197.pdf,396,drawing_only,high,reference workbook drawing pages,,,
test3_final_drawings_reference,Test/Test 3/FINAL DRAWINGS Pg No 69-197.pdf,397,drawing_only,high,reference workbook drawing pages,,,
test3_final_drawings_reference,Test/Test 3/FINAL DRAWINGS Pg No 69-197.pdf,398,drawing_only,high,reference workbook drawing pages,,,
test3_final_drawings_reference,Test/Test 3/FINAL DRAWINGS Pg No 69-197.pdf,399,drawing_only,high,reference workbook drawing pages,,,
test3_final_drawings_reference,Test/Test 3/FINAL DRAWINGS Pg No 69-197.pdf,400,drawing_only,high,reference workbook drawing pages,,,
test3_final_drawings_reference,Test/Test 3/FINAL DRAWINGS Pg No 69-197.pdf,401,drawing_only,high,reference workbook drawing pages,,,
test3_final_drawings_reference,Test/Test 3/FINAL DRAWINGS Pg No 69-197.pdf,402,drawing_only,high,reference workbook drawing pages,,,
test3_final_drawings_reference,Test/Test 3/FINAL DRAWINGS Pg No 69-197.pdf,403,drawing_only,high,reference workbook drawing pages,,,
test3_final_drawings_reference,Test/Test 3/FINAL DRAWINGS Pg No 69-197.pdf,404,drawing_only,high,reference workbook drawing pages,,,
test3_final_drawings_reference,Test/Test 3/FINAL DRAWINGS Pg No 69-197.pdf,405,drawing_only,high,reference workbook drawing pages,,,
test3_final_drawings_reference,Test/Test 3/FINAL DRAWINGS Pg No 69-197.pdf,406,drawing_only,high,reference workbook drawing pages,,,
test3_final_drawings_reference,Test/Test 3/FINAL DRAWINGS Pg No 69-197.pdf,407,drawing_only,high,reference workbook drawing pages,,,
test3_final_drawings_reference,Test/Test 3/FINAL DRAWINGS Pg No 69-197.pdf,408,drawing_only,high,reference workbook drawing pages,,,
test3_final_drawings_reference,Test/Test 3/FINAL DRAWINGS Pg No 69-197.pdf,409,drawing_only,high,reference workbook drawing pages,,,
test3_final_drawings_reference,Test/Test 3/FINAL DRAWINGS Pg No 69-197.pdf,410,drawing_only,high,reference workbook drawing pages,,,
test3_final_drawings_reference,Test/Test 3/FINAL DRAWINGS Pg No 69-197.pdf,411,drawing_only,high,reference workbook drawing pages,,,
test3_final_drawings_reference,Test/Test 3/FINAL DRAWINGS Pg No 69-197.pdf,412,drawing_only,high,reference workbook drawing pages,,,
test3_final_drawings_reference,Test/Test 3/FINAL DRAWINGS Pg No 69-197.pdf,413,drawing_only,high,reference workbook drawing pages,,,
test3_final_drawings_reference,Test/Test 3/FINAL DRAWINGS Pg No 69-197.pdf,414,drawing_only,high,reference workbook drawing pages,,,
test3_final_drawings_reference,Test/Test 3/FINAL DRAWINGS Pg No 69-197.pdf,415,drawing_only,high,reference workbook drawing pages,,,
test3_final_drawings_reference,Test/Test 3/FINAL DRAWINGS Pg No 69-197.pdf,416,drawing_only,high,reference workbook drawing pages,,,
test3_final_drawings_reference,Test/Test 3/FINAL DRAWINGS Pg No 69-197.pdf,417,drawing_only,high,reference workbook drawing pages,,,
test3_final_drawings_reference,Test/Test 3/FINAL DRAWINGS Pg No 69-197.pdf,418,drawing_only,high,reference workbook drawing pages,,,
test3_final_drawings_reference,Test/Test 3/FINAL DRAWINGS Pg No 69-197.pdf,419,drawing_only,high,reference workbook drawing pages,,,
test3_final_drawings_reference,Test/Test 3/FINAL DRAWINGS Pg No 69-197.pdf,420,drawing_only,high,reference workbook drawing pages,,,
test3_final_drawings_reference,Test/Test 3/FINAL DRAWINGS Pg No 69-197.pdf,421,drawing_only,high,reference workbook drawing pages,,,
test3_final_drawings_reference,Test/Test 3/FINAL DRAWINGS Pg No 69-197.pdf,422,drawing_only,high,reference workbook drawing pages,,,
test3_final_drawings_reference,Test/Test 3/FINAL DRAWINGS Pg No 69-197.pdf,423,drawing_only,high,reference workbook drawing pages,,,
test3_final_drawings_reference,Test/Test 3/FINAL DRAWINGS Pg No 69-197.pdf,424,drawing_only,high,reference workbook drawing pages,,,
test3_final_drawings_reference,Test/Test 3/FINAL DRAWINGS Pg No 69-197.pdf,425,drawing_only,high,reference workbook drawing pages,,,
test3_final_drawings_reference,Test/Test 3/FINAL DRAWINGS Pg No 69-197.pdf,426,drawing_only,high,reference workbook drawing pages,,,
test3_final_drawings_reference,Test/Test 3/FINAL DRAWINGS Pg No 69-197.pdf,427,drawing_only,high,reference workbook drawing pages,,,
test3_final_drawings_reference,Test/Test 3/FINAL DRAWINGS Pg No 69-197.pdf,428,drawing_only,high,reference workbook drawing pages,,,
test3_final_drawings_reference,Test/Test 3/FINAL DRAWINGS Pg No 69-197.pdf,429,drawing_only,high,reference workbook drawing pages,,,
test3_final_drawings_reference,Test/Test 3/FINAL DRAWINGS Pg No 69-197.pdf,430,drawing_only,high,reference workbook drawing pages,,,
test3_final_drawings_reference,Test/Test 3/FINAL DRAWINGS Pg No 69-197.pdf,431,drawing_only,high,reference workbook drawing pages,,,
test3_final_drawings_reference,Test/Test 3/FINAL DRAWINGS Pg No 69-197.pdf,432,drawing_only,high,reference workbook drawing pages,,,
test3_final_drawings_reference,Test/Test 3/FINAL DRAWINGS Pg No 69-197.pdf,433,drawing_only,high,reference workbook drawing pages,,,
test3_final_drawings_reference,Test/Test 3/FINAL DRAWINGS Pg No 69-197.pdf,434,drawing_only,high,reference workbook drawing pages,,,
test3_final_drawings_reference,Test/Test 3/FINAL DRAWINGS Pg No 69-197.pdf,435,drawing_only,high,reference workbook drawing pages,,,
test3_final_drawings_reference,Test/Test 3/FINAL DRAWINGS Pg No 69-197.pdf,436,drawing_only,high,reference workbook drawing pages,,,
test3_final_drawings_reference,Test/Test 3/FINAL DRAWINGS Pg No 69-197.pdf,437,drawing_only,high,reference workbook drawing pages,,,
test3_final_drawings_reference,Test/Test 3/FINAL DRAWINGS Pg No 69-197.pdf,438,drawing_only,high,reference workbook drawing pages,,,
test3_final_drawings_reference,Test/Test 3/FINAL DRAWINGS Pg No 69-197.pdf,439,drawing_only,high,reference workbook drawing pages,,,
test3_final_drawings_reference,Test/Test 3/FINAL DRAWINGS Pg No 69-197.pdf,440,drawing_only,high,reference workbook drawing pages,,,
test3_final_drawings_reference,Test/Test 3/FINAL DRAWINGS Pg No 69-197.pdf,441,drawing_only,high,reference workbook drawing pages,,,
test3_final_drawings_reference,Test/Test 3/FINAL DRAWINGS Pg No 69-197.pdf,442,drawing_only,high,reference workbook drawing pages,,,
test3_final_drawings_reference,Test/Test 3/FINAL DRAWINGS Pg No 69-197.pdf,443,drawing_only,high,reference workbook drawing pages,,,
test3_final_drawings_reference,Test/Test 3/FINAL DRAWINGS Pg No 69-197.pdf,444,drawing_only,high,reference workbook drawing pages,,,
test3_final_drawings_reference,Test/Test 3/FINAL DRAWINGS Pg No 69-197.pdf,445,drawing_only,high,reference workbook drawing pages,,,
test3_final_drawings_reference,Test/Test 3/FINAL DRAWINGS Pg No 69-197.pdf,446,drawing_only,high,reference workbook drawing pages,,,
test3_final_drawings_reference,Test/Test 3/FINAL DRAWINGS Pg No 69-197.pdf,447,drawing_only,high,reference workbook drawing pages,,,
test3_final_drawings_reference,Test/Test 3/FINAL DRAWINGS Pg No 69-197.pdf,448,drawing_only,high,reference workbook drawing pages,,,
test3_final_drawings_reference,Test/Test 3/FINAL DRAWINGS Pg No 69-197.pdf,449,drawing_only,high,reference workbook drawing pages,,,
test3_final_drawings_reference,Test/Test 3/FINAL DRAWINGS Pg No 69-197.pdf,450,drawing_only,high,reference workbook drawing pages,,,
test3_final_drawings_reference,Test/Test 3/FINAL DRAWINGS Pg No 69-197.pdf,451,drawing_only,high,reference workbook drawing pages,,,
test3_final_drawings_reference,Test/Test 3/FINAL DRAWINGS Pg No 69-197.pdf,452,drawing_only,high,reference workbook drawing pages,,,
test3_final_drawings_reference,Test/Test 3/FINAL DRAWINGS Pg No 69-197.pdf,453,drawing_only,high,reference workbook drawing pages,,,
test3_final_drawings_reference,Test/Test 3/FINAL DRAWINGS Pg No 69-197.pdf,454,drawing_only,high,reference workbook drawing pages,,,
test3_final_drawings_reference,Test/Test 3/FINAL DRAWINGS Pg No 69-197.pdf,455,drawing_only,high,reference workbook drawing pages,,,
test3_final_drawings_reference,Test/Test 3/FINAL DRAWINGS Pg No 69-197.pdf,456,drawing_only,high,reference workbook drawing pages,,,
test3_final_drawings_reference,Test/Test 3/FINAL DRAWINGS Pg No 69-197.pdf,457,drawing_only,high,reference workbook drawing pages,,,
test3_final_drawings_reference,Test/Test 3/FINAL DRAWINGS Pg No 69-197.pdf,458,drawing_only,high,reference workbook drawing pages,,,
test3_final_drawings_reference,Test/Test 3/FINAL DRAWINGS Pg No 69-197.pdf,459,drawing_only,high,reference workbook drawing pages,,,
test3_final_drawings_reference,Test/Test 3/FINAL DRAWINGS Pg No 69-197.pdf,460,drawing_only,high,reference workbook drawing pages,,,
test3_final_drawings_reference,Test/Test 3/FINAL DRAWINGS Pg No 69-197.pdf,461,drawing_only,high,reference workbook drawing pages,,,
test3_final_drawings_reference,Test/Test 3/FINAL DRAWINGS Pg No 69-197.pdf,462,drawing_only,high,reference workbook drawing pages,,,
test3_final_drawings_reference,Test/Test 3/FINAL DRAWINGS Pg No 69-197.pdf,463,drawing_only,high,reference workbook drawing pages,,,
test3_final_drawings_reference,Test/Test 3/FINAL DRAWINGS Pg No 69-197.pdf,464,drawing_only,high,reference workbook drawing pages,,,
test3_final_drawings_reference,Test/Test 3/FINAL DRAWINGS Pg No 69-197.pdf,465,drawing_only,high,reference workbook drawing pages,,,
test3_final_drawings_reference,Test/Test 3/FINAL DRAWINGS Pg No 69-197.pdf,466,drawing_only,high,reference workbook drawing pages,,,
test3_final_drawings_reference,Test/Test 3/FINAL DRAWINGS Pg No 69-197.pdf,467,drawing_only,high,reference workbook drawing pages,,,
test3_final_drawings_reference,Test/Test 3/FINAL DRAWINGS Pg No 69-197.pdf,468,drawing_only,high,reference workbook drawing pages,,,
test3_final_drawings_reference,Test/Test 3/FINAL DRAWINGS Pg No 69-197.pdf,469,drawing_only,high,reference workbook drawing pages,,,
test3_final_drawings_reference,Test/Test 3/FINAL DRAWINGS Pg No 69-197.pdf,470,drawing_only,high,reference workbook drawing pages,,,
test3_final_drawings_reference,Test/Test 3/FINAL DRAWINGS Pg No 69-197.pdf,471,drawing_only,high,reference workbook drawing pages,,,
test3_final_drawings_reference,Test/Test 3/FINAL DRAWINGS Pg No 69-197.pdf,472,drawing_only,high,reference workbook drawing pages,,,
test3_final_drawings_reference,Test/Test 3/FINAL DRAWINGS Pg No 69-197.pdf,473,drawing_only,high,reference workbook drawing pages,,,
test3_final_drawings_reference,Test/Test 3/FINAL DRAWINGS Pg No 69-197.pdf,474,drawing_only,high,reference workbook drawing pages,,,
test3_final_drawings_reference,Test/Test 3/FINAL DRAWINGS Pg No 69-197.pdf,475,drawing_only,high,reference workbook drawing pages,,,
test3_final_drawings_reference,Test/Test 3/FINAL DRAWINGS Pg No 69-197.pdf,476,drawing_only,high,reference workbook drawing pages,,,
test3_final_drawings_reference,Test/Test 3/FINAL DRAWINGS Pg No 69-197.pdf,477,drawing_only,high,reference workbook drawing pages,,,
test3_final_drawings_reference,Test/Test 3/FINAL DRAWINGS Pg No 69-197.pdf,478,drawing_only,high,reference workbook drawing pages,,,
test3_final_drawings_reference,Test/Test 3/FINAL DRAWINGS Pg No 69-197.pdf,479,drawing_only,high,reference workbook drawing pages,,,
test3_final_drawings_reference,Test/Test 3/FINAL DRAWINGS Pg No 69-197.pdf,480,drawing_only,high,reference workbook drawing pages,,,
test3_final_drawings_reference,Test/Test 3/FINAL DRAWINGS Pg No 69-197.pdf,481,drawing_only,high,reference workbook drawing pages,,,
test3_final_drawings_reference,Test/Test 3/FINAL DRAWINGS Pg No 69-197.pdf,482,drawing_only,high,reference workbook drawing pages,,,
test3_final_drawings_reference,Test/Test 3/FINAL DRAWINGS Pg No 69-197.pdf,483,drawing_only,high,reference workbook drawing pages,,,
test3_final_drawings_reference,Test/Test 3/FINAL DRAWINGS Pg No 69-197.pdf,484,drawing_only,high,reference workbook drawing pages,,,
test3_final_drawings_reference,Test/Test 3/FINAL DRAWINGS Pg No 69-197.pdf,485,drawing_only,high,reference workbook drawing pages,,,
test3_final_drawings_reference,Test/Test 3/FINAL DRAWINGS Pg No 69-197.pdf,486,drawing_only,high,reference workbook drawing pages,,,
test3_final_drawings_reference,Test/Test 3/FINAL DRAWINGS Pg No 69-197.pdf,487,drawing_only,high,reference workbook drawing pages,,,
test3_final_drawings_reference,Test/Test 3/FINAL DRAWINGS Pg No 69-197.pdf,488,drawing_only,high,reference workbook drawing pages,,,
test3_final_drawings_reference,Test/Test 3/FINAL DRAWINGS Pg No 69-197.pdf,489,drawing_only,high,reference workbook drawing pages,,,
test3_final_drawings_reference,Test/Test 3/FINAL DRAWINGS Pg No 69-197.pdf,490,drawing_only,high,reference workbook drawing pages,,,
test3_final_drawings_reference,Test/Test 3/FINAL DRAWINGS Pg No 69-197.pdf,491,drawing_only,high,reference workbook drawing pages,,,
test3_final_drawings_reference,Test/Test 3/FINAL DRAWINGS Pg No 69-197.pdf,492,drawing_only,high,reference workbook drawing pages,,,
test3_final_drawings_reference,Test/Test 3/FINAL DRAWINGS Pg No 69-197.pdf,493,drawing_only,high,reference workbook drawing pages,,,
test3_final_drawings_reference,Test/Test 3/FINAL DRAWINGS Pg No 69-197.pdf,494,drawing_only,high,reference workbook drawing pages,,,
test3_final_drawings_reference,Test/Test 3/FINAL DRAWINGS Pg No 69-197.pdf,495,drawing_only,high,reference workbook drawing pages,,,
test3_final_drawings_reference,Test/Test 3/FINAL DRAWINGS Pg No 69-197.pdf,496,drawing_only,high,reference workbook drawing pages,,,
test3_final_drawings_reference,Test/Test 3/FINAL DRAWINGS Pg No 69-197.pdf,497,drawing_only,high,reference workbook drawing pages,,,
test3_final_drawings_reference,Test/Test 3/FINAL DRAWINGS Pg No 69-197.pdf,498,drawing_only,high,reference workbook drawing pages,,,
test3_final_drawings_reference,Test/Test 3/FINAL DRAWINGS Pg No 69-197.pdf,499,drawing_only,high,reference workbook drawing pages,,,
test3_final_drawings_reference,Test/Test 3/FINAL DRAWINGS Pg No 69-197.pdf,500,drawing_only,high,reference workbook drawing pages,,,
test3_final_drawings_reference,Test/Test 3/FINAL DRAWINGS Pg No 69-197.pdf,501,drawing_only,high,reference workbook drawing pages,,,
test3_final_drawings_reference,Test/Test 3/FINAL DRAWINGS Pg No 69-197.pdf,502,drawing_only,high,reference workbook drawing pages,,,
test3_final_drawings_reference,Test/Test 3/FINAL DRAWINGS Pg No 69-197.pdf,503,drawing_only,high,reference workbook drawing pages,,,
test3_final_drawings_reference,Test/Test 3/FINAL DRAWINGS Pg No 69-197.pdf,504,drawing_only,high,reference workbook drawing pages,,,
test3_final_drawings_reference,Test/Test 3/FINAL DRAWINGS Pg No 69-197.pdf,505,drawing_only,high,reference workbook drawing pages,,,
test3_final_drawings_reference,Test/Test 3/FINAL DRAWINGS Pg No 69-197.pdf,506,drawing_only,high,reference workbook drawing pages,,,
test3_final_drawings_reference,Test/Test 3/FINAL DRAWINGS Pg No 69-197.pdf,507,drawing_only,high,reference workbook drawing pages,,,
test3_final_drawings_reference,Test/Test 3/FINAL DRAWINGS Pg No 69-197.pdf,508,drawing_only,high,reference workbook drawing pages,,,
test3_final_drawings_reference,Test/Test 3/FINAL DRAWINGS Pg No 69-197.pdf,509,drawing_only,high,reference workbook drawing pages,,,
test3_final_drawings_reference,Test/Test 3/FINAL DRAWINGS Pg No 69-197.pdf,510,drawing_only,high,reference workbook drawing pages,,,
test3_final_drawings_reference,Test/Test 3/FINAL DRAWINGS Pg No 69-197.pdf,511,drawing_only,high,reference workbook drawing pages,,,
test3_final_drawings_reference,Test/Test 3/FINAL DRAWINGS Pg No 69-197.pdf,512,drawing_only,high,reference workbook drawing pages,,,
test3_final_drawings_reference,Test/Test 3/FINAL DRAWINGS Pg No 69-197.pdf,513,drawing_only,high,reference workbook drawing pages,,,
test3_final_drawings_reference,Test/Test 3/FINAL DRAWINGS Pg No 69-197.pdf,514,drawing_only,high,reference workbook drawing pages,,,
test3_final_drawings_reference,Test/Test 3/FINAL DRAWINGS Pg No 69-197.pdf,515,drawing_only,high,reference workbook drawing pages,,,
test3_final_drawings_reference,Test/Test 3/FINAL DRAWINGS Pg No 69-197.pdf,516,drawing_only,high,reference workbook drawing pages,,,
test3_final_drawings_reference,Test/Test 3/FINAL DRAWINGS Pg No 69-197.pdf,517,drawing_only,high,reference workbook drawing pages,,,
test3_final_drawings_reference,Test/Test 3/FINAL DRAWINGS Pg No 69-197.pdf,518,drawing_only,high,reference workbook drawing pages,,,
test3_final_drawings_reference,Test/Test 3/FINAL DRAWINGS Pg No 69-197.pdf,519,drawing_only,high,reference workbook drawing pages,,,
test3_final_drawings_reference,Test/Test 3/FINAL DRAWINGS Pg No 69-197.pdf,520,drawing_only,high,reference workbook drawing pages,,,
test3_final_drawings_reference,Test/Test 3/FINAL DRAWINGS Pg No 69-197.pdf,521,drawing_only,high,reference workbook drawing pages,,,
test3_final_drawings_reference,Test/Test 3/FINAL DRAWINGS Pg No 69-197.pdf,522,drawing_only,high,reference workbook drawing pages,,,
test3_final_drawings_reference,Test/Test 3/FINAL DRAWINGS Pg No 69-197.pdf,523,drawing_only,high,reference workbook drawing pages,,,
test3_final_drawings_reference,Test/Test 3/FINAL DRAWINGS Pg No 69-197.pdf,524,drawing_only,high,reference workbook drawing pages,,,
test3_final_drawings_reference,Test/Test 3/FINAL DRAWINGS Pg No 69-197.pdf,525,drawing_only,high,reference workbook drawing pages,,,
test3_final_drawings_reference,Test/Test 3/FINAL DRAWINGS Pg No 69-197.pdf,526,drawing_only,high,reference workbook drawing pages,,,
test3_final_drawings_reference,Test/Test 3/FINAL DRAWINGS Pg No 69-197.pdf,527,drawing_only,high,reference workbook drawing pages,,,
test3_final_drawings_reference,Test/Test 3/FINAL DRAWINGS Pg No 69-197.pdf,528,drawing_only,high,reference workbook drawing pages,,,
test3_final_drawings_reference,Test/Test 3/FINAL DRAWINGS Pg No 69-197.pdf,529,drawing_only,high,reference workbook drawing pages,,,
test3_final_drawings_reference,Test/Test 3/FINAL DRAWINGS Pg No 69-197.pdf,530,drawing_only,high,reference workbook drawing pages,,,
test3_final_drawings_reference,Test/Test 3/FINAL DRAWINGS Pg No 69-197.pdf,531,drawing_only,high,reference workbook drawing pages,,,
test3_final_drawings_reference,Test/Test 3/FINAL DRAWINGS Pg No 69-197.pdf,532,drawing_only,high,reference workbook drawing pages,,,
test3_final_drawings_reference,Test/Test 3/FINAL DRAWINGS Pg No 69-197.pdf,533,drawing_only,high,reference workbook drawing pages,,,
test3_final_drawings_reference,Test/Test 3/FINAL DRAWINGS Pg No 69-197.pdf,534,drawing_only,high,reference workbook drawing pages,,,
test3_final_drawings_reference,Test/Test 3/FINAL DRAWINGS Pg No 69-197.pdf,535,drawing_only,high,reference workbook drawing pages,,,
test3_final_drawings_reference,Test/Test 3/FINAL DRAWINGS Pg No 69-197.pdf,536,drawing_only,high,reference workbook drawing pages,,,
test3_final_drawings_reference,Test/Test 3/FINAL DRAWINGS Pg No 69-197.pdf,537,drawing_only,high,reference workbook drawing pages,,,
test3_final_drawings_reference,Test/Test 3/FINAL DRAWINGS Pg No 69-197.pdf,538,drawing_only,high,reference workbook drawing pages,,,
test3_final_drawings_reference,Test/Test 3/FINAL DRAWINGS Pg No 69-197.pdf,539,drawing_only,high,reference workbook drawing pages,,,
test3_final_drawings_reference,Test/Test 3/FINAL DRAWINGS Pg No 69-197.pdf,540,drawing_only,high,reference workbook drawing pages,,,
test3_final_drawings_reference,Test/Test 3/FINAL DRAWINGS Pg No 69-197.pdf,541,drawing_only,high,reference workbook drawing pages,,,
test3_final_drawings_reference,Test/Test 3/FINAL DRAWINGS Pg No 69-197.pdf,542,drawing_only,high,reference workbook drawing pages,,,
test3_final_drawings_reference,Test/Test 3/FINAL DRAWINGS Pg No 69-197.pdf,543,drawing_only,high,reference workbook drawing pages,,,
test3_final_drawings_reference,Test/Test 3/FINAL DRAWINGS Pg No 69-197.pdf,544,drawing_only,high,reference workbook drawing pages,,,
test3_final_drawings_reference,Test/Test 3/FINAL DRAWINGS Pg No 69-197.pdf,545,drawing_only,high,reference workbook drawing pages,,,
test3_final_drawings_reference,Test/Test 3/FINAL DRAWINGS Pg No 69-197.pdf,546,drawing_only,high,reference workbook drawing pages,,,
test3_final_drawings_reference,Test/Test 3/FINAL DRAWINGS Pg No 69-197.pdf,547,drawing_only,high,reference workbook drawing pages,,,
test3_final_drawings_reference,Test/Test 3/FINAL DRAWINGS Pg No 69-197.pdf,548,drawing_only,high,reference workbook drawing pages,,,
test3_final_drawings_reference,Test/Test 3/FINAL DRAWINGS Pg No 69-197.pdf,549,drawing_only,high,reference workbook drawing pages,,,
test3_final_drawings_reference,Test/Test 3/FINAL DRAWINGS Pg No 69-197.pdf,550,drawing_only,high,reference workbook drawing pages,,,
test3_final_drawings_reference,Test/Test 3/FINAL DRAWINGS Pg No 69-197.pdf,551,drawing_only,high,reference workbook drawing pages,,,
test3_final_drawings_reference,Test/Test 3/FINAL DRAWINGS Pg No 69-197.pdf,552,drawing_only,high,reference workbook drawing pages,,,
test3_final_drawings_reference,Test/Test 3/FINAL DRAWINGS Pg No 69-197.pdf,553,drawing_only,high,reference workbook drawing pages,,,
test3_final_drawings_reference,Test/Test 3/FINAL DRAWINGS Pg No 69-197.pdf,554,drawing_only,high,reference workbook drawing pages,,,
test3_final_drawings_reference,Test/Test 3/FINAL DRAWINGS Pg No 69-197.pdf,555,drawing_only,high,reference workbook drawing pages,,,
test3_final_drawings_reference,Test/Test 3/FINAL DRAWINGS Pg No 69-197.pdf,556,drawing_only,high,reference workbook drawing pages,,,
test3_final_drawings_reference,Test/Test 3/FINAL DRAWINGS Pg No 69-197.pdf,557,drawing_only,high,reference workbook drawing pages,,,
test3_final_drawings_reference,Test/Test 3/FINAL DRAWINGS Pg No 69-197.pdf,558,drawing_only,high,reference workbook drawing pages,,,
test3_final_drawings_reference,Test/Test 3/FINAL DRAWINGS Pg No 69-197.pdf,559,drawing_only,high,reference workbook drawing pages,,,
test3_final_drawings_reference,Test/Test 3/FINAL DRAWINGS Pg No 69-197.pdf,560,drawing_only,high,reference workbook drawing pages,,,
test3_final_drawings_reference,Test/Test 3/FINAL DRAWINGS Pg No 69-197.pdf,561,drawing_only,high,reference workbook drawing pages,,,
test3_final_drawings_reference,Test/Test 3/FINAL DRAWINGS Pg No 69-197.pdf,562,drawing_only,high,reference workbook drawing pages,,,
test3_final_drawings_reference,Test/Test 3/FINAL DRAWINGS Pg No 69-197.pdf,563,drawing_only,high,reference workbook drawing pages,,,
test3_final_drawings_reference,Test/Test 3/FINAL DRAWINGS Pg No 69-197.pdf,564,drawing_only,high,reference workbook drawing pages,,,
test3_final_drawings_reference,Test/Test 3/FINAL DRAWINGS Pg No 69-197.pdf,565,drawing_only,high,reference workbook drawing pages,,,
test3_final_drawings_reference,Test/Test 3/FINAL DRAWINGS Pg No 69-197.pdf,566,drawing_only,high,reference workbook drawing pages,,,
test3_final_drawings_reference,Test/Test 3/FINAL DRAWINGS Pg No 69-197.pdf,567,drawing_only,high,reference workbook drawing pages,,,
test3_final_drawings_reference,Test/Test 3/FINAL DRAWINGS Pg No 69-197.pdf,568,drawing_only,high,reference workbook drawing pages,,,
test3_final_drawings_reference,Test/Test 3/FINAL DRAWINGS Pg No 69-197.pdf,569,drawing_only,high,reference workbook drawing pages,,,
test3_final_drawings_reference,Test/Test 3/FINAL DRAWINGS Pg No 69-197.pdf,570,drawing_only,high,reference workbook drawing pages,,,
test3_final_drawings_reference,Test/Test 3/FINAL DRAWINGS Pg No 69-197.pdf,571,drawing_only,high,reference workbook drawing pages,,,
test3_final_drawings_reference,Test/Test 3/FINAL DRAWINGS Pg No 69-197.pdf,572,drawing_only,high,reference workbook drawing pages,,,
test3_final_drawings_reference,Test/Test 3/FINAL DRAWINGS Pg No 69-197.pdf,573,drawing_only,high,reference workbook drawing pages,,,
test3_final_drawings_reference,Test/Test 3/FINAL DRAWINGS Pg No 69-197.pdf,574,drawing_only,high,reference workbook drawing pages,,,
test3_final_drawings_reference,Test/Test 3/FINAL DRAWINGS Pg No 69-197.pdf,575,drawing_only,high,reference workbook drawing pages,,,
test3_final_drawings_reference,Test/Test 3/FINAL DRAWINGS Pg No 69-197.pdf,576,drawing_only,high,reference workbook drawing pages,,,
test3_final_drawings_reference,Test/Test 3/FINAL DRAWINGS Pg No 69-197.pdf,577,drawing_only,high,reference workbook drawing pages,,,
test3_final_drawings_reference,Test/Test 3/FINAL DRAWINGS Pg No 69-197.pdf,578,drawing_only,high,reference workbook drawing pages,,,
test3_final_drawings_reference,Test/Test 3/FINAL DRAWINGS Pg No 69-197.pdf,579,drawing_only,high,reference workbook drawing pages,,,
test3_final_drawings_reference,Test/Test 3/FINAL DRAWINGS Pg No 69-197.pdf,580,drawing_only,high,reference workbook drawing pages,,,
test3_final_drawings_reference,Test/Test 3/FINAL DRAWINGS Pg No 69-197.pdf,581,drawing_only,high,reference workbook drawing pages,,,
test3_final_drawings_reference,Test/Test 3/FINAL DRAWINGS Pg No 69-197.pdf,582,drawing_only,high,reference workbook drawing pages,,,
test3_final_drawings_reference,Test/Test 3/FINAL DRAWINGS Pg No 69-197.pdf,583,drawing_only,high,reference workbook drawing pages,,,
test3_final_drawings_reference,Test/Test 3/FINAL DRAWINGS Pg No 69-197.pdf,584,drawing_only,high,reference workbook drawing pages,,,
test3_final_drawings_reference,Test/Test 3/FINAL DRAWINGS Pg No 69-197.pdf,585,drawing_only,high,reference workbook drawing pages,,,
test3_final_drawings_reference,Test/Test 3/FINAL DRAWINGS Pg No 69-197.pdf,586,drawing_only,high,reference workbook drawing pages,,,
test3_final_drawings_reference,Test/Test 3/FINAL DRAWINGS Pg No 69-197.pdf,587,drawing_only,high,reference workbook drawing pages,,,
test3_final_drawings_reference,Test/Test 3/FINAL DRAWINGS Pg No 69-197.pdf,588,drawing_only,high,reference workbook drawing pages,,,
test3_final_drawings_reference,Test/Test 3/FINAL DRAWINGS Pg No 69-197.pdf,589,drawing_only,high,reference workbook drawing pages,,,
test3_final_drawings_reference,Test/Test 3/FINAL DRAWINGS Pg No 69-197.pdf,590,drawing_only,high,reference workbook drawing pages,,,
test3_final_drawings_reference,Test/Test 3/FINAL DRAWINGS Pg No 69-197.pdf,591,drawing_only,high,reference workbook drawing pages,,,
test3_final_drawings_reference,Test/Test 3/FINAL DRAWINGS Pg No 69-197.pdf,592,drawing_only,high,reference workbook drawing pages,,,
test3_final_drawings_reference,Test/Test 3/FINAL DRAWINGS Pg No 69-197.pdf,593,drawing_only,high,reference workbook drawing pages,,,
test3_final_drawings_reference,Test/Test 3/FINAL DRAWINGS Pg No 69-197.pdf,594,drawing_only,high,reference workbook drawing pages,,,
test3_final_drawings_reference,Test/Test 3/FINAL DRAWINGS Pg No 69-197.pdf,595,drawing_only,high,reference workbook drawing pages,,,
test3_final_drawings_reference,Test/Test 3/FINAL DRAWINGS Pg No 69-197.pdf,596,drawing_only,high,reference workbook drawing pages,,,
test3_final_drawings_reference,Test/Test 3/FINAL DRAWINGS Pg No 69-197.pdf,597,drawing_only,high,reference workbook drawing pages,,,
test3_final_drawings_reference,Test/Test 3/FINAL DRAWINGS Pg No 69-197.pdf,598,drawing_only,high,reference workbook drawing pages,,,
test3_final_drawings_reference,Test/Test 3/FINAL DRAWINGS Pg No 69-197.pdf,599,drawing_only,high,reference workbook drawing pages,,,
test3_final_drawings_reference,Test/Test 3/FINAL DRAWINGS Pg No 69-197.pdf,600,drawing_only,high,reference workbook drawing pages,,,
test3_final_drawings_reference,Test/Test 3/FINAL DRAWINGS Pg No 69-197.pdf,601,drawing_only,high,reference workbook drawing pages,,,
test3_final_drawings_reference,Test/Test 3/FINAL DRAWINGS Pg No 69-197.pdf,602,drawing_only,high,reference workbook drawing pages,,,
test3_final_drawings_reference,Test/Test 3/FINAL DRAWINGS Pg No 69-197.pdf,603,drawing_only,high,reference workbook drawing pages,,,
test3_final_drawings_reference,Test/Test 3/FINAL DRAWINGS Pg No 69-197.pdf,604,drawing_only,high,reference workbook drawing pages,,,
test3_final_drawings_reference,Test/Test 3/FINAL DRAWINGS Pg No 69-197.pdf,605,drawing_only,high,reference workbook drawing pages,,,
test3_final_drawings_reference,Test/Test 3/FINAL DRAWINGS Pg No 69-197.pdf,606,drawing_only,high,reference workbook drawing pages,,,
test3_final_drawings_reference,Test/Test 3/FINAL DRAWINGS Pg No 69-197.pdf,607,drawing_only,high,reference workbook drawing pages,,,
test3_final_drawings_reference,Test/Test 3/FINAL DRAWINGS Pg No 69-197.pdf,608,drawing_only,high,reference workbook drawing pages,,,
test3_final_drawings_reference,Test/Test 3/FINAL DRAWINGS Pg No 69-197.pdf,609,drawing_only,high,reference workbook drawing pages,,,
test3_final_drawings_reference,Test/Test 3/FINAL DRAWINGS Pg No 69-197.pdf,610,drawing_only,high,reference workbook drawing pages,,,
test3_final_drawings_reference,Test/Test 3/FINAL DRAWINGS Pg No 69-197.pdf,611,drawing_only,high,reference workbook drawing pages,,,
test3_final_drawings_reference,Test/Test 3/FINAL DRAWINGS Pg No 69-197.pdf,612,drawing_only,high,reference workbook drawing pages,,,
test3_final_drawings_reference,Test/Test 3/FINAL DRAWINGS Pg No 69-197.pdf,613,drawing_only,high,reference workbook drawing pages,,,
test3_final_drawings_reference,Test/Test 3/FINAL DRAWINGS Pg No 69-197.pdf,614,drawing_only,high,reference workbook drawing pages,,,
test3_final_drawings_reference,Test/Test 3/FINAL DRAWINGS Pg No 69-197.pdf,615,drawing_only,high,reference workbook drawing pages,,,
test3_final_drawings_reference,Test/Test 3/FINAL DRAWINGS Pg No 69-197.pdf,616,drawing_only,high,reference workbook drawing pages,,,
test3_final_drawings_reference,Test/Test 3/FINAL DRAWINGS Pg No 69-197.pdf,617,drawing_only,high,reference workbook drawing pages,,,
test3_final_drawings_reference,Test/Test 3/FINAL DRAWINGS Pg No 69-197.pdf,618,drawing_only,high,reference workbook drawing pages,,,
test3_final_drawings_reference,Test/Test 3/FINAL DRAWINGS Pg No 69-197.pdf,619,drawing_only,high,reference workbook drawing pages,,,
test3_final_drawings_reference,Test/Test 3/FINAL DRAWINGS Pg No 69-197.pdf,620,drawing_only,high,reference workbook drawing pages,,,
test3_final_drawings_reference,Test/Test 3/FINAL DRAWINGS Pg No 69-197.pdf,621,drawing_only,high,reference workbook drawing pages,,,
test3_final_drawings_reference,Test/Test 3/FINAL DRAWINGS Pg No 69-197.pdf,622,drawing_only,high,reference workbook drawing pages,,,
test3_final_drawings_reference,Test/Test 3/FINAL DRAWINGS Pg No 69-197.pdf,623,drawing_only,high,reference workbook drawing pages,,,
test3_final_drawings_reference,Test/Test 3/FINAL DRAWINGS Pg No 69-197.pdf,624,drawing_only,high,reference workbook drawing pages,,,
test3_final_drawings_reference,Test/Test 3/FINAL DRAWINGS Pg No 69-197.pdf,625,drawing_only,high,reference workbook drawing pages,,,
test3_final_drawings_reference,Test/Test 3/FINAL DRAWINGS Pg No 69-197.pdf,626,drawing_only,high,reference workbook drawing pages,,,
test3_final_drawings_reference,Test/Test 3/FINAL DRAWINGS Pg No 69-197.pdf,627,drawing_only,high,reference workbook drawing pages,,,
test3_final_drawings_reference,Test/Test 3/FINAL DRAWINGS Pg No 69-197.pdf,628,drawing_only,high,reference workbook drawing pages,,,
test3_final_drawings_reference,Test/Test 3/FINAL DRAWINGS Pg No 69-197.pdf,629,drawing_only,high,reference workbook drawing pages,,,
test3_final_drawings_reference,Test/Test 3/FINAL DRAWINGS Pg No 69-197.pdf,630,drawing_only,high,reference workbook drawing pages,,,
test3_final_drawings_reference,Test/Test 3/FINAL DRAWINGS Pg No 69-197.pdf,631,drawing_only,high,reference workbook drawing pages,,,
test3_final_drawings_reference,Test/Test 3/FINAL DRAWINGS Pg No 69-197.pdf,632,drawing_only,high,reference workbook drawing pages,,,
test3_final_drawings_reference,Test/Test 3/FINAL DRAWINGS Pg No 69-197.pdf,633,drawing_only,high,reference workbook drawing pages,,,
test3_final_drawings_reference,Test/Test 3/FINAL DRAWINGS Pg No 69-197.pdf,634,drawing_only,high,reference workbook drawing pages,,,
test3_final_drawings_reference,Test/Test 3/FINAL DRAWINGS Pg No 69-197.pdf,635,drawing_only,high,reference workbook drawing pages,,,
test3_final_drawings_reference,Test/Test 3/FINAL DRAWINGS Pg No 69-197.pdf,636,drawing_only,high,reference workbook drawing pages,,,
test3_final_drawings_reference,Test/Test 3/FINAL DRAWINGS Pg No 69-197.pdf,637,drawing_only,high,reference workbook drawing pages,,,
test3_final_drawings_reference,Test/Test 3/FINAL DRAWINGS Pg No 69-197.pdf,638,drawing_only,high,reference workbook drawing pages,,,
test3_final_drawings_reference,Test/Test 3/FINAL DRAWINGS Pg No 69-197.pdf,639,drawing_only,high,reference workbook drawing pages,,,
test3_final_drawings_reference,Test/Test 3/FINAL DRAWINGS Pg No 69-197.pdf,640,drawing_only,high,reference workbook drawing pages,,,
test3_final_drawings_reference,Test/Test 3/FINAL DRAWINGS Pg No 69-197.pdf,641,drawing_only,high,reference workbook drawing pages,,,
test3_final_drawings_reference,Test/Test 3/FINAL DRAWINGS Pg No 69-197.pdf,642,drawing_only,high,reference workbook drawing pages,,,
test3_final_drawings_reference,Test/Test 3/FINAL DRAWINGS Pg No 69-197.pdf,643,drawing_only,high,reference workbook drawing pages,,,
test3_final_drawings_reference,Test/Test 3/FINAL DRAWINGS Pg No 69-197.pdf,644,drawing_only,high,reference workbook drawing pages,,,
test3_final_drawings_reference,Test/Test 3/FINAL DRAWINGS Pg No 69-197.pdf,645,drawing_only,high,reference workbook drawing pages,,,
test3_final_drawings_reference,Test/Test 3/FINAL DRAWINGS Pg No 69-197.pdf,646,drawing_only,high,reference workbook drawing pages,,,
test3_final_drawings_reference,Test/Test 3/FINAL DRAWINGS Pg No 69-197.pdf,647,drawing_only,high,reference workbook drawing pages,,,
test3_final_drawings_reference,Test/Test 3/FINAL DRAWINGS Pg No 69-197.pdf,648,drawing_only,high,reference workbook drawing pages,,,
test3_final_drawings_reference,Test/Test 3/FINAL DRAWINGS Pg No 69-197.pdf,649,drawing_only,high,reference workbook drawing pages,,,
test3_final_drawings_reference,Test/Test 3/FINAL DRAWINGS Pg No 69-197.pdf,650,drawing_only,high,reference workbook drawing pages,,,
test3_final_drawings_reference,Test/Test 3/FINAL DRAWINGS Pg No 69-197.pdf,651,drawing_only,high,reference workbook drawing pages,,,
test3_final_drawings_reference,Test/Test 3/FINAL DRAWINGS Pg No 69-197.pdf,652,drawing_only,high,reference workbook drawing pages,,,
test3_final_drawings_reference,Test/Test 3/FINAL DRAWINGS Pg No 69-197.pdf,653,drawing_only,high,reference workbook drawing pages,,,
test3_final_drawings_reference,Test/Test 3/FINAL DRAWINGS Pg No 69-197.pdf,654,drawing_only,high,reference workbook drawing pages,,,
test3_final_drawings_reference,Test/Test 3/FINAL DRAWINGS Pg No 69-197.pdf,655,drawing_only,high,reference workbook drawing pages,,,
test3_final_drawings_reference,Test/Test 3/FINAL DRAWINGS Pg No 69-197.pdf,656,drawing_only,high,reference workbook drawing pages,,,
test3_final_drawings_reference,Test/Test 3/FINAL DRAWINGS Pg No 69-197.pdf,657,drawing_only,high,reference workbook drawing pages,,,
test3_final_drawings_reference,Test/Test 3/FINAL DRAWINGS Pg No 69-197.pdf,658,drawing_only,high,reference workbook drawing pages,,,
test3_final_drawings_reference,Test/Test 3/FINAL DRAWINGS Pg No 69-197.pdf,659,drawing_only,high,reference workbook drawing pages,,,
test3_final_drawings_reference,Test/Test 3/FINAL DRAWINGS Pg No 69-197.pdf,660,drawing_only,high,reference workbook drawing pages,,,
test3_final_drawings_reference,Test/Test 3/FINAL DRAWINGS Pg No 69-197.pdf,661,drawing_only,high,reference workbook drawing pages,,,
test3_final_drawings_reference,Test/Test 3/FINAL DRAWINGS Pg No 69-197.pdf,662,drawing_only,high,reference workbook drawing pages,,,
test3_final_drawings_reference,Test/Test 3/FINAL DRAWINGS Pg No 69-197.pdf,663,drawing_only,high,reference workbook drawing pages,,,
test3_final_drawings_reference,Test/Test 3/FINAL DRAWINGS Pg No 69-197.pdf,664,drawing_only,high,reference workbook drawing pages,,,
test3_final_drawings_reference,Test/Test 3/FINAL DRAWINGS Pg No 69-197.pdf,665,drawing_only,high,reference workbook drawing pages,,,
test3_final_drawings_reference,Test/Test 3/FINAL DRAWINGS Pg No 69-197.pdf,666,drawing_only,high,reference workbook drawing pages,,,
test3_final_drawings_reference,Test/Test 3/FINAL DRAWINGS Pg No 69-197.pdf,667,drawing_only,high,reference workbook drawing pages,,,
test3_final_drawings_reference,Test/Test 3/FINAL DRAWINGS Pg No 69-197.pdf,668,drawing_only,high,reference workbook drawing pages,,,
test3_final_drawings_reference,Test/Test 3/FINAL DRAWINGS Pg No 69-197.pdf,669,drawing_only,high,reference workbook drawing pages,,,
test3_final_drawings_reference,Test/Test 3/FINAL DRAWINGS Pg No 69-197.pdf,670,drawing_only,high,reference workbook drawing pages,,,
test3_final_drawings_reference,Test/Test 3/FINAL DRAWINGS Pg No 69-197.pdf,671,drawing_only,high,reference workbook drawing pages,,,
test3_final_drawings_reference,Test/Test 3/FINAL DRAWINGS Pg No 69-197.pdf,672,drawing_only,high,reference workbook drawing pages,,,
test3_final_drawings_reference,Test/Test 3/FINAL DRAWINGS Pg No 69-197.pdf,673,drawing_only,high,reference workbook drawing pages,,,
test3_final_drawings_reference,Test/Test 3/FINAL DRAWINGS Pg No 69-197.pdf,674,drawing_only,high,reference workbook drawing pages,,,
test3_final_drawings_reference,Test/Test 3/FINAL DRAWINGS Pg No 69-197.pdf,675,drawing_only,high,reference workbook drawing pages,,,
test3_final_drawings_reference,Test/Test 3/FINAL DRAWINGS Pg No 69-197.pdf,676,drawing_only,high,reference workbook drawing pages,,,
test3_final_drawings_reference,Test/Test 3/FINAL DRAWINGS Pg No 69-197.pdf,677,drawing_only,high,reference workbook drawing pages,,,
test3_final_drawings_reference,Test/Test 3/FINAL DRAWINGS Pg No 69-197.pdf,678,drawing_only,high,reference workbook drawing pages,,,
test3_final_drawings_reference,Test/Test 3/FINAL DRAWINGS Pg No 69-197.pdf,679,drawing_only,high,reference workbook drawing pages,,,
test3_final_drawings_reference,Test/Test 3/FINAL DRAWINGS Pg No 69-197.pdf,680,drawing_only,high,reference workbook drawing pages,,,
test3_final_drawings_reference,Test/Test 3/FINAL DRAWINGS Pg No 69-197.pdf,681,drawing_only,high,reference workbook drawing pages,,,
test3_final_drawings_reference,Test/Test 3/FINAL DRAWINGS Pg No 69-197.pdf,682,drawing_only,high,reference workbook drawing pages,,,
test3_final_drawings_reference,Test/Test 3/FINAL DRAWINGS Pg No 69-197.pdf,683,drawing_only,high,reference workbook drawing pages,,,
test3_final_drawings_reference,Test/Test 3/FINAL DRAWINGS Pg No 69-197.pdf,684,drawing_only,high,reference workbook drawing pages,,,
test3_final_drawings_reference,Test/Test 3/FINAL DRAWINGS Pg No 69-197.pdf,685,drawing_only,high,reference workbook drawing pages,,,
test3_final_drawings_reference,Test/Test 3/FINAL DRAWINGS Pg No 69-197.pdf,686,drawing_only,high,reference workbook drawing pages,,,
test3_final_drawings_reference,Test/Test 3/FINAL DRAWINGS Pg No 69-197.pdf,687,drawing_only,high,reference workbook drawing pages,,,
test3_final_drawings_reference,Test/Test 3/FINAL DRAWINGS Pg No 69-197.pdf,688,drawing_only,high,reference workbook drawing pages,,,
test3_final_drawings_reference,Test/Test 3/FINAL DRAWINGS Pg No 69-197.pdf,689,drawing_only,high,reference workbook drawing pages,,,
test3_final_drawings_reference,Test/Test 3/FINAL DRAWINGS Pg No 69-197.pdf,690,drawing_only,high,reference workbook drawing pages,,,
test3_final_drawings_reference,Test/Test 3/FINAL DRAWINGS Pg No 69-197.pdf,691,drawing_only,high,reference workbook drawing pages,,,
test3_final_drawings_reference,Test/Test 3/FINAL DRAWINGS Pg No 69-197.pdf,692,drawing_only,high,reference workbook drawing pages,,,
test3_final_drawings_reference,Test/Test 3/FINAL DRAWINGS Pg No 69-197.pdf,693,drawing_only,high,reference workbook drawing pages,,,
test3_final_drawings_reference,Test/Test 3/FINAL DRAWINGS Pg No 69-197.pdf,694,drawing_only,high,reference workbook drawing pages,,,
test3_final_drawings_reference,Test/Test 3/FINAL DRAWINGS Pg No 69-197.pdf,695,drawing_only,high,reference workbook drawing pages,,,
test3_final_drawings_reference,Test/Test 3/FINAL DRAWINGS Pg No 69-197.pdf,696,drawing_only,high,reference workbook drawing pages,,,
test3_final_drawings_reference,Test/Test 3/FINAL DRAWINGS Pg No 69-197.pdf,697,drawing_only,high,reference workbook drawing pages,,,
test3_final_drawings_reference,Test/Test 3/FINAL DRAWINGS Pg No 69-197.pdf,698,drawing_only,high,reference workbook drawing pages,,,
test3_final_drawings_reference,Test/Test 3/FINAL DRAWINGS Pg No 69-197.pdf,699,drawing_only,high,reference workbook drawing pages,,,
test3_final_drawings_reference,Test/Test 3/FINAL DRAWINGS Pg No 69-197.pdf,700,drawing_only,high,reference workbook drawing pages,,,
test3_final_drawings_reference,Test/Test 3/FINAL DRAWINGS Pg No 69-197.pdf,701,drawing_only,high,reference workbook drawing pages,,,
test3_final_drawings_reference,Test/Test 3/FINAL DRAWINGS Pg No 69-197.pdf,702,drawing_only,high,reference workbook drawing pages,,,
test3_final_drawings_reference,Test/Test 3/FINAL DRAWINGS Pg No 69-197.pdf,703,drawing_only,high,reference workbook drawing pages,,,
test3_final_drawings_reference,Test/Test 3/FINAL DRAWINGS Pg No 69-197.pdf,704,drawing_only,high,reference workbook drawing pages,,,
test3_final_drawings_reference,Test/Test 3/FINAL DRAWINGS Pg No 69-197.pdf,705,drawing_only,high,reference workbook drawing pages,,,
test3_final_drawings_reference,Test/Test 3/FINAL DRAWINGS Pg No 69-197.pdf,706,drawing_only,high,reference workbook drawing pages,,,
test3_final_drawings_reference,Test/Test 3/FINAL DRAWINGS Pg No 69-197.pdf,707,drawing_only,high,reference workbook drawing pages,,,
test3_final_drawings_reference,Test/Test 3/FINAL DRAWINGS Pg No 69-197.pdf,708,drawing_only,high,reference workbook drawing pages,,,
test3_final_drawings_reference,Test/Test 3/FINAL DRAWINGS Pg No 69-197.pdf,709,drawing_only,high,reference workbook drawing pages,,,
test3_final_drawings_reference,Test/Test 3/FINAL DRAWINGS Pg No 69-197.pdf,710,drawing_only,high,reference workbook drawing pages,,,
test3_final_drawings_reference,Test/Test 3/FINAL DRAWINGS Pg No 69-197.pdf,711,drawing_only,high,reference workbook drawing pages,,,
test3_final_drawings_reference,Test/Test 3/FINAL DRAWINGS Pg No 69-197.pdf,712,drawing_only,high,reference workbook drawing pages,,,
test3_final_drawings_reference,Test/Test 3/FINAL DRAWINGS Pg No 69-197.pdf,713,drawing_only,high,reference workbook drawing pages,,,
test3_final_drawings_reference,Test/Test 3/FINAL DRAWINGS Pg No 69-197.pdf,714,drawing_only,high,reference workbook drawing pages,,,
test3_final_drawings_reference,Test/Test 3/FINAL DRAWINGS Pg No 69-197.pdf,715,drawing_only,high,reference workbook drawing pages,,,
test3_final_drawings_reference,Test/Test 3/FINAL DRAWINGS Pg No 69-197.pdf,716,drawing_only,high,reference workbook drawing pages,,,
test3_final_drawings_reference,Test/Test 3/FINAL DRAWINGS Pg No 69-197.pdf,717,drawing_only,high,reference workbook drawing pages,,,
test3_final_drawings_reference,Test/Test 3/FINAL DRAWINGS Pg No 69-197.pdf,718,drawing_only,high,reference workbook drawing pages,,,
test3_final_drawings_reference,Test/Test 3/FINAL DRAWINGS Pg No 69-197.pdf,719,drawing_only,high,reference workbook drawing pages,,,
test3_final_drawings_reference,Test/Test 3/FINAL DRAWINGS Pg No 69-197.pdf,720,drawing_only,high,reference workbook drawing pages,,,
test3_final_drawings_reference,Test/Test 3/FINAL DRAWINGS Pg No 69-197.pdf,721,drawing_only,high,reference workbook drawing pages,,,
test3_final_drawings_reference,Test/Test 3/FINAL DRAWINGS Pg No 69-197.pdf,722,drawing_only,high,reference workbook drawing pages,,,
test3_final_drawings_reference,Test/Test 3/FINAL DRAWINGS Pg No 69-197.pdf,723,drawing_only,high,reference workbook drawing pages,,,
test3_final_drawings_reference,Test/Test 3/FINAL DRAWINGS Pg No 69-197.pdf,724,drawing_only,high,reference workbook drawing pages,,,
test3_final_drawings_reference,Test/Test 3/FINAL DRAWINGS Pg No 69-197.pdf,725,drawing_only,high,reference workbook drawing pages,,,
test3_final_drawings_reference,Test/Test 3/FINAL DRAWINGS Pg No 69-197.pdf,726,drawing_only,high,reference workbook drawing pages,,,
test3_final_drawings_reference,Test/Test 3/FINAL DRAWINGS Pg No 69-197.pdf,727,drawing_only,high,reference workbook drawing pages,,,
test3_final_drawings_reference,Test/Test 3/FINAL DRAWINGS Pg No 69-197.pdf,728,drawing_only,high,reference workbook drawing pages,,,
test3_final_drawings_reference,Test/Test 3/FINAL DRAWINGS Pg No 69-197.pdf,729,drawing_only,high,reference workbook drawing pages,,,
test3_final_drawings_reference,Test/Test 3/FINAL DRAWINGS Pg No 69-197.pdf,730,drawing_only,high,reference workbook drawing pages,,,
test3_final_drawings_reference,Test/Test 3/FINAL DRAWINGS Pg No 69-197.pdf,731,drawing_only,high,reference workbook drawing pages,,,
test3_final_drawings_reference,Test/Test 3/FINAL DRAWINGS Pg No 69-197.pdf,732,drawing_only,high,reference workbook drawing pages,,,
test3_final_drawings_reference,Test/Test 3/FINAL DRAWINGS Pg No 69-197.pdf,733,drawing_only,high,reference workbook drawing pages,,,
test3_final_drawings_reference,Test/Test 3/FINAL DRAWINGS Pg No 69-197.pdf,734,drawing_only,high,reference workbook drawing pages,,,
test3_final_drawings_reference,Test/Test 3/FINAL DRAWINGS Pg No 69-197.pdf,735,drawing_only,high,reference workbook drawing pages,,,
test3_final_drawings_reference,Test/Test 3/FINAL DRAWINGS Pg No 69-197.pdf,736,drawing_only,high,reference workbook drawing pages,,,
test3_final_drawings_reference,Test/Test 3/FINAL DRAWINGS Pg No 69-197.pdf,737,drawing_only,high,reference workbook drawing pages,,,
test3_final_drawings_reference,Test/Test 3/FINAL DRAWINGS Pg No 69-197.pdf,738,drawing_only,high,reference workbook drawing pages,,,
test3_final_drawings_reference,Test/Test 3/FINAL DRAWINGS Pg No 69-197.pdf,739,drawing_only,high,reference workbook drawing pages,,,
test3_final_drawings_reference,Test/Test 3/FINAL DRAWINGS Pg No 69-197.pdf,740,drawing_only,high,reference workbook drawing pages,,,
test3_final_drawings_reference,Test/Test 3/FINAL DRAWINGS Pg No 69-197.pdf,741,drawing_only,high,reference workbook drawing pages,,,
test3_final_drawings_reference,Test/Test 3/FINAL DRAWINGS Pg No 69-197.pdf,742,drawing_only,high,reference workbook drawing pages,,,
test3_final_drawings_reference,Test/Test 3/FINAL DRAWINGS Pg No 69-197.pdf,743,drawing_only,high,reference workbook drawing pages,,,
test3_final_drawings_reference,Test/Test 3/FINAL DRAWINGS Pg No 69-197.pdf,744,drawing_only,high,reference workbook drawing pages,,,
test3_final_drawings_reference,Test/Test 3/FINAL DRAWINGS Pg No 69-197.pdf,745,drawing_only,high,reference workbook drawing pages,,,
test3_final_drawings_reference,Test/Test 3/FINAL DRAWINGS Pg No 69-197.pdf,746,drawing_only,high,reference workbook drawing pages,,,
test3_final_drawings_reference,Test/Test 3/FINAL DRAWINGS Pg No 69-197.pdf,747,drawing_only,high,reference workbook drawing pages,,,
test3_final_drawings_reference,Test/Test 3/FINAL DRAWINGS Pg No 69-197.pdf,748,drawing_only,high,reference workbook drawing pages,,,
test3_final_drawings_reference,Test/Test 3/FINAL DRAWINGS Pg No 69-197.pdf,749,drawing_only,high,reference workbook drawing pages,,,
test3_final_drawings_reference,Test/Test 3/FINAL DRAWINGS Pg No 69-197.pdf,750,drawing_only,high,reference workbook drawing pages,,,
test3_final_drawings_reference,Test/Test 3/FINAL DRAWINGS Pg No 69-197.pdf,751,drawing_only,high,reference workbook drawing pages,,,
test3_final_drawings_reference,Test/Test 3/FINAL DRAWINGS Pg No 69-197.pdf,752,drawing_only,high,reference workbook drawing pages,,,
test3_final_drawings_reference,Test/Test 3/FINAL DRAWINGS Pg No 69-197.pdf,753,drawing_only,high,reference workbook drawing pages,,,
test3_final_drawings_reference,Test/Test 3/FINAL DRAWINGS Pg No 69-197.pdf,754,drawing_only,high,reference workbook drawing pages,,,
test3_final_drawings_reference,Test/Test 3/FINAL DRAWINGS Pg No 69-197.pdf,755,drawing_only,high,reference workbook drawing pages,,,
test3_final_drawings_reference,Test/Test 3/FINAL DRAWINGS Pg No 69-197.pdf,756,drawing_only,high,reference workbook drawing pages,,,
test3_final_drawings_reference,Test/Test 3/FINAL DRAWINGS Pg No 69-197.pdf,757,drawing_only,high,reference workbook drawing pages,,,
test3_final_drawings_reference,Test/Test 3/FINAL DRAWINGS Pg No 69-197.pdf,758,drawing_only,high,reference workbook drawing pages,,,
test3_final_drawings_reference,Test/Test 3/FINAL DRAWINGS Pg No 69-197.pdf,759,drawing_only,high,reference workbook drawing pages,,,
test3_final_drawings_reference,Test/Test 3/FINAL DRAWINGS Pg No 69-197.pdf,760,drawing_only,high,reference workbook drawing pages,,,
test3_final_drawings_reference,Test/Test 3/FINAL DRAWINGS Pg No 69-197.pdf,761,drawing_only,high,reference workbook drawing pages,,,
test3_final_drawings_reference,Test/Test 3/FINAL DRAWINGS Pg No 69-197.pdf,762,drawing_only,high,reference workbook drawing pages,,,
test3_final_drawings_reference,Test/Test 3/FINAL DRAWINGS Pg No 69-197.pdf,763,drawing_only,high,reference workbook drawing pages,,,
test3_final_drawings_reference,Test/Test 3/FINAL DRAWINGS Pg No 69-197.pdf,764,drawing_only,high,reference workbook drawing pages,,,
test3_final_drawings_reference,Test/Test 3/FINAL DRAWINGS Pg No 69-197.pdf,765,drawing_only,high,reference workbook drawing pages,,,
test3_final_drawings_reference,Test/Test 3/FINAL DRAWINGS Pg No 69-197.pdf,766,drawing_only,high,reference workbook drawing pages,,,
test3_final_drawings_reference,Test/Test 3/FINAL DRAWINGS Pg No 69-197.pdf,767,drawing_only,high,reference workbook drawing pages,,,
test3_final_drawings_reference,Test/Test 3/FINAL DRAWINGS Pg No 69-197.pdf,768,drawing_only,high,reference workbook drawing pages,,,
test3_final_drawings_reference,Test/Test 3/FINAL DRAWINGS Pg No 69-197.pdf,769,drawing_only,high,reference workbook drawing pages,,,
test3_final_drawings_reference,Test/Test 3/FINAL DRAWINGS Pg No 69-197.pdf,770,drawing_only,high,reference workbook drawing pages,,,
test3_final_drawings_reference,Test/Test 3/FINAL DRAWINGS Pg No 69-197.pdf,771,drawing_only,high,reference workbook drawing pages,,,
test3_final_drawings_reference,Test/Test 3/FINAL DRAWINGS Pg No 69-197.pdf,772,drawing_only,high,reference workbook drawing pages,,,
test3_final_drawings_reference,Test/Test 3/FINAL DRAWINGS Pg No 69-197.pdf,773,drawing_only,high,reference workbook drawing pages,,,
test3_final_drawings_reference,Test/Test 3/FINAL DRAWINGS Pg No 69-197.pdf,774,drawing_only,high,reference workbook drawing pages,,,
test3_final_drawings_reference,Test/Test 3/FINAL DRAWINGS Pg No 69-197.pdf,775,drawing_only,high,reference workbook drawing pages,,,
test3_final_drawings_reference,Test/Test 3/FINAL DRAWINGS Pg No 69-197.pdf,776,drawing_only,high,reference workbook drawing pages,,,
test3_final_drawings_reference,Test/Test 3/FINAL DRAWINGS Pg No 69-197.pdf,777,drawing_only,high,reference workbook drawing pages,,,
test3_final_drawings_reference,Test/Test 3/FINAL DRAWINGS Pg No 69-197.pdf,778,drawing_only,high,reference workbook drawing pages,,,
test3_final_drawings_reference,Test/Test 3/FINAL DRAWINGS Pg No 69-197.pdf,779,drawing_only,high,reference workbook drawing pages,,,
test3_final_drawings_reference,Test/Test 3/FINAL DRAWINGS Pg No 69-197.pdf,780,drawing_only,high,reference workbook drawing pages,,,
test3_final_drawings_reference,Test/Test 3/FINAL DRAWINGS Pg No 69-197.pdf,781,drawing_only,high,reference workbook drawing pages,,,
test4_furuno_far2xx8_radar,"Test/Test 4/IME36520W_FAR2xx8 pg No 18-29,132,197-215.pdf",1,repair_kit,medium,kit/accessory/equipment keyword,index_page,0.58,"www.furuno.com All brand and product names are trademarks, registered trademarks or service marks of their respective holders. Installation Manual MARINE RADAR Model FAR-2218(-BB)/2228(-BB/-NXT/-NXT-BB)/ FAR-2318/2328(-NXT)/FAR-2238S(-BB/-NXT/-NXT-BB)/ FAR-2338S(-NXT)/2328W/2338SW/2258/2268DS FAR-2018-MARK-2/2028-MARK-2 SAFETY INSTRUCTIONS ........................i SYSTEM CONFIGURATION ..................iv EQUIPMENT LISTS..............................xvi 1. INSTALLATION.........................."
test4_furuno_far2xx8_radar,"Test/Test 4/IME36520W_FAR2xx8 pg No 18-29,132,197-215.pdf",2,spare_parts_table,low,image heuristic fallback,spare_parts_table,0.48,"・FURUNO Authorized Distributor/Dealer 9-52 Ashihara-cho, Nishinomiya, 662-8580, JAPAN A : NOV 2017 . Printed in Japan All rights reserved. W : JUL . 11, 2024 Pub. No. IME-36520-W (MOHA ) FAR-2xx8 series  0 0 0 2 0 1 6 2 9 1 0 "
test4_furuno_far2xx8_radar,"Test/Test 4/IME36520W_FAR2xx8 pg No 18-29,132,197-215.pdf",3,index_page,medium,image heuristic fallback,index_page,0.58,"i   SAFETY INSTRUCTIONS Wear a safety belt and hard hat when working on the antenna unit. Serious injury or death can result if someone falls from the radar antenna mast. The installer must read the applicable safety instructions before attempting to operate or install the  equipment. Indicates a potentially hazardous situation which, if not avoided,  will result in death or serious injury.  DANGER Indicates a potentially hazardous situation which, if not avoided,  could result in death or serio"
test4_furuno_far2xx8_radar,"Test/Test 4/IME36520W_FAR2xx8 pg No 18-29,132,197-215.pdf",4,index_page,medium,image heuristic fallback,index_page,0.58,"SAFETY INSTRUCTIONS ii Radio Frequency Radiation Hazard *: The following numerical values, shown in the antenna types, indicate antenna length.  [12]: 4 ft,   [20]: 6.5 ft,   [24]: 8 ft,   [30]: 10 ft,   [36]: 12 ft **: Unavailable on IMO-type radars FAR-2218(-BB) FAR-2318 FAR-2018-MARK-2 FAR-2028-MARK-2 RTR-105 (12 kW) RTR-131 (12 kW) RTR-132 (25 kW) RTR-111 (250 W) RTR-106 (25 kW) RTR-108 (25 kW) RTR-107 (30 kW) RTR-109 (30 kW) XN12CF XN20CF XN24CF XN12AF XN20AF XN24AF XN12AF XN20AF XN24AF FAR"
test4_furuno_far2xx8_radar,"Test/Test 4/IME36520W_FAR2xx8 pg No 18-29,132,197-215.pdf",5,index_page,medium,image heuristic fallback,index_page,0.58,"SAFETY INSTRUCTIONS iii Observe the following compass safe distances to prevent deviation of a magnetic  compass: Note: For more information, please refer to IMO SN/Circ.271 “Guidelines for the installation of  shipborne radar equipment.”   2.15 m 1.40 m 1.80 m 1.20 m 2.30 m 1.45 m 2.45 m 1.60 m 3.05 m 1.90 m 1.90 m 1.20 m CAUTION 0.30 m 0.30 m 4.05 m 2.65 m Standard  compass Unit Steering  compass Antenna Unit (X-band, TR-UP, 12 kW,  magnetron radar ) Antenna Unit (X-band, TR-UP, 50 kW,  magnet"
test4_furuno_far2xx8_radar,"Test/Test 4/IME36520W_FAR2xx8 pg No 18-29,132,197-215.pdf",6,index_page,medium,image heuristic fallback,index_page,0.58,"iv SYSTEM CONFIGURATION Standard connection Basic configuration is shown with solid line. For footnotes, see ""Notes"" on page xi. X-band (TR-UP, CF Antenna), 12 kW/25 kW/600 W (or 500 W) NOTICE IMO-type radar(s) must be interconnected to the following type approved sensors. For other radar types, it is recommended to connect the following type approved sensors: • EPFS meeting the requirements of the IMO resolution MSC.112(73). • Gyrocompass (or equivalent devices) meeting the requirements of the "
test4_furuno_far2xx8_radar,"Test/Test 4/IME36520W_FAR2xx8 pg No 18-29,132,197-215.pdf",7,index_page,medium,image heuristic fallback,index_page,0.58,"SYSTEM CONFIGURATION v X-band (TR-UP, AF Antenna), 12 kW/25 kW 100-230 VAC 1ø, 50-60 Hz Transformer USB Device*9 440 VAC 1ø, 50-60 Hz USB Mouse Switching Hub HUB-100 Control Unit RCU-014 or RCU-015 Intelligent Hub  HUB-3000*5 Gyrocompass*1 (AD-10 format) Gyrocompass*1 (IEC61162 format) AIS Transponder EPFS*2 (GPS) SDME (Speed log) AMS (IEC61162 format) Sub monitor 1 of ECDIS*8 Sub monitor 2 of ECDIS*8 AMS (Contact)*4 Sub monitor Antenna Cable*10 100-115/220-230 VAC  1ø, 50-60 Hz (for de-icer) Pr"
test4_furuno_far2xx8_radar,"Test/Test 4/IME36520W_FAR2xx8 pg No 18-29,132,197-215.pdf",8,index_page,medium,image heuristic fallback,index_page,0.58,"SYSTEM CONFIGURATION vi X-band (TR-UP), 50 kW USB Device*9 USB Mouse Antenna Cable Motor Cable Antenna Unit for FAR-2258, 50kW  (w/ Performance Monitor PM-32A*7) XN24AF-RSB139-122*11 XN30AF-RSB139-122*11 : Standard supply : Optional or local supply 100-115/220-230 VAC  1ø, 50-60 Hz External radar Sub monitor 2 Power Supply  Unit PSU-019 Antenna Cable Sub monitor 3 Sub monitor 1 Control Unit RCU-014/  RCU-015/  RCU-031* Control Unit  RCU-014/  RCU-015/  RCU-031* Control Unit  RCU-016 Processor  U"
test4_furuno_far2xx8_radar,"Test/Test 4/IME36520W_FAR2xx8 pg No 18-29,132,197-215.pdf",9,index_page,medium,image heuristic fallback,index_page,0.58,"SYSTEM CONFIGURATION vii S-band (TR-UP), 30 kW/250W) Sub monitor Antenna Cable 100-115/220-230 VAC  1ø, 50-60 Hz (for de-icer) Antenna Unit for FAR-2238S(-BB)/2338S, 30 kW (w/ Performance Monitor PM-52A*7 SN24CF-RSB129-107*11 SN30CF-RSB129-107*11             SN36CF-RSB129-107 Antenna Unit  for FAR-2238S-NXT(-BB)/2338S-NXT, 250 W (w/ Performance Monitor PM-52B*7) SN24CF-RSB133-111*11 SN30CF-RSB133-111*11 SN36CF-RSB133-111 Control Unit RCU-014 or RCU-015 Control Unit RCU-016 : Standard supply : Op"
test4_furuno_far2xx8_radar,"Test/Test 4/IME36520W_FAR2xx8 pg No 18-29,132,197-215.pdf",10,index_page,medium,image heuristic fallback,index_page,0.58,"SYSTEM CONFIGURATION viii S-band (TR-UP), 60 kW Antenna Cable Motor Cable Antenna Unit for FAR-2268DS, 60 kW  SN30AF-RSB144-129*11 SN36AF-RSB144-129*11 SN30DF-RSB144-129*11 : Standard supply : Optional or local supply 100-115/220-230 VAC  1ø, 50-60 Hz External radar Sub monitor 2 Power Supply  Unit PSU-019 Antenna Cable Sub monitor 3 Sub monitor 1 Control Unit RCU-014/  RCU-015/  RCU-031* Control Unit  RCU-014/  RCU-015/  RCU-031* Control Unit  RCU-016 Processor  Unit RPU-025 Gyrocompass*1 (AD-1"
test4_furuno_far2xx8_radar,"Test/Test 4/IME36520W_FAR2xx8 pg No 18-29,132,197-215.pdf",11,index_page,medium,image heuristic fallback,index_page,0.58,"SYSTEM CONFIGURATION ix X-band (TR-DOWN) Sub monitor Antenna Cable 100-115/220-230 VAC  1ø, 50-60 Hz (for de-icer) Transceiver Unit RTR-108 Antenna Unit for FAR-2328W, 25 kW (w/ Performance Monitor PM-32A) XN20CF-RSB130 XN24CF-RSB130 Wave guide Signal cable : Standard supply : Optional or local supply Control Unit RCU-014 or RCU-015 Control Unit RCU-016 USB Device*9 USB Mouse 100-230 VAC  1ø, 50-60 Hz 100-230 VAC  1ø, 50-60 Hz Transformer 440 VAC  1ø, 50-60 Hz VDR (Analog RGB) Intelligent Hub  H"
test4_furuno_far2xx8_radar,"Test/Test 4/IME36520W_FAR2xx8 pg No 18-29,132,197-215.pdf",12,index_page,medium,image heuristic fallback,index_page,0.58,"SYSTEM CONFIGURATION x S-band (TR-DOWN) Sub monitor Antenna Cable 100-115/220-230 VAC  1ø, 50-60 Hz (for de-icer) Transceiver Unit RTR-109 Antenna Unit for FAR-2338SW, 30 kW (w/ Performance Monitor PM-52A) SN36CF-RSB131 Coaxial cable Signal cable : Standard supply : Optional or local supply Control Unit RCU-014 or RCU-015 Control Unit RCU-016 USB Device*9 USB Mouse 100-230 VAC  1ø, 50-60 Hz 100-230 VAC  1ø, 50-60 Hz Transformer 440 VAC  1ø, 50-60 Hz VDR (Analog RGB) Intelligent Hub  HUB-3000*5 S"
test4_furuno_far2xx8_radar,"Test/Test 4/IME36520W_FAR2xx8 pg No 18-29,132,197-215.pdf",13,index_page,medium,image heuristic fallback,index_page,0.58,SYSTEM CONFIGURATION xi Notes 1) The gyrocompass must be type approved for compliance with IMO resolution A.424(XI) (and/ or resolution A.821(19) for installation on HSC). The gyrocompass must also have an update  rate that is adequate for the ship’s rate of turn. The update rate must be better than 40 Hz  (HSC) or 20 Hz (conventional vessel). 2) The EPFS must be type approved for compliance with IMO resolution MSC.112(73). 3) The monitors listed in the following table have been approved by the 
test4_furuno_far2xx8_radar,"Test/Test 4/IME36520W_FAR2xx8 pg No 18-29,132,197-215.pdf",14,drawing_only,low,drawing keyword,index_page,0.58,"SYSTEM CONFIGURATION xii 7) Some antenna configurations do not have an in-built Performance Monitor. This type of anten- na is not usable for IMO-type radars. 8) For connecting non-FURUNO ECDIS only. For connection of radars or plotters, the connection  must be done at the radar antenna (or the transceiver unit) via the sub monitor connector. 9) Available on C-type and A/B/W-type radars with Radar Plotter functionality 10)Junction boxes are required for antenna cable length greater than 100 m (o"
test4_furuno_far2xx8_radar,"Test/Test 4/IME36520W_FAR2xx8 pg No 18-29,132,197-215.pdf",15,index_page,medium,image heuristic fallback,index_page,0.58,"SYSTEM CONFIGURATION xiii Radar Component Combinations Radar Type and Function Availability This radar series is available in six specification types to meet the requirements of Authorities, and  function availability depends on specification type. • IMO: IMO compliant  • A: Near-IMO specifications • B: Standard fishing specifications • C: Advanced fishing specifications • R: Russian specifications • W: Washington Ferry specifications Also, the software version has two main versions as shown bel"
test4_furuno_far2xx8_radar,"Test/Test 4/IME36520W_FAR2xx8 pg No 18-29,132,197-215.pdf",16,index_page,medium,image heuristic fallback,index_page,0.58,"SYSTEM CONFIGURATION xiv Note 3: If the software with version 01.**/03.** is changed to the software with version 50.**, the  RP board in the processor unit is required and the software update of the RP board required as  well. The table below shows those functions which are limited to a specific radar type (Available: , Not  available: –). The menus which are not mentioned in the table below are available for all types.  This manual provides descriptions for all functions in this radar series."
test4_furuno_far2xx8_radar,"Test/Test 4/IME36520W_FAR2xx8 pg No 18-29,132,197-215.pdf",17,spare_parts_table,low,image heuristic fallback,spare_parts_table,0.48,"SYSTEM CONFIGURATION xv Note: For FAR-2018-MARK-2 and FAR-2028-MARK-2, select the radar category depends on the  installed monitor. Category Radar type ANT. rotation speed CAT 1 FAR-2318, FAR-2328, FAR-2328W, FAR-2338S,  FAR-2338SW, FAR-2338-NXT 24 rpm CAT 1H Same models as above 42 rpm CAT 2 FAR-2218, FAR-2228, FAR-2238S, FAR-2238S-NXT 24 rpm CAT 2H Same models as above 42 rpm CAT 3 FAR-2218, FAR-2228, FAR-2238S,  FAR-2238S-NXT 24 rpm "
test4_furuno_far2xx8_radar,"Test/Test 4/IME36520W_FAR2xx8 pg No 18-29,132,197-215.pdf",18,repair_kit,high,equipment list pages from runner,,,
test4_furuno_far2xx8_radar,"Test/Test 4/IME36520W_FAR2xx8 pg No 18-29,132,197-215.pdf",19,repair_kit,high,equipment list pages from runner,,,
test4_furuno_far2xx8_radar,"Test/Test 4/IME36520W_FAR2xx8 pg No 18-29,132,197-215.pdf",20,repair_kit,high,equipment list pages from runner,,,
test4_furuno_far2xx8_radar,"Test/Test 4/IME36520W_FAR2xx8 pg No 18-29,132,197-215.pdf",21,repair_kit,high,equipment list pages from runner,,,
test4_furuno_far2xx8_radar,"Test/Test 4/IME36520W_FAR2xx8 pg No 18-29,132,197-215.pdf",22,repair_kit,high,equipment list pages from runner,,,
test4_furuno_far2xx8_radar,"Test/Test 4/IME36520W_FAR2xx8 pg No 18-29,132,197-215.pdf",23,repair_kit,high,equipment list pages from runner,,,
test4_furuno_far2xx8_radar,"Test/Test 4/IME36520W_FAR2xx8 pg No 18-29,132,197-215.pdf",24,repair_kit,high,equipment list pages from runner,,,
test4_furuno_far2xx8_radar,"Test/Test 4/IME36520W_FAR2xx8 pg No 18-29,132,197-215.pdf",25,repair_kit,high,equipment list pages from runner,,,
test4_furuno_far2xx8_radar,"Test/Test 4/IME36520W_FAR2xx8 pg No 18-29,132,197-215.pdf",26,repair_kit,high,equipment list pages from runner,,,
test4_furuno_far2xx8_radar,"Test/Test 4/IME36520W_FAR2xx8 pg No 18-29,132,197-215.pdf",27,repair_kit,high,equipment list pages from runner,,,
test4_furuno_far2xx8_radar,"Test/Test 4/IME36520W_FAR2xx8 pg No 18-29,132,197-215.pdf",28,repair_kit,high,equipment list pages from runner,,,
test4_furuno_far2xx8_radar,"Test/Test 4/IME36520W_FAR2xx8 pg No 18-29,132,197-215.pdf",29,repair_kit,high,equipment list pages from runner,,,
test4_furuno_far2xx8_radar,"Test/Test 4/IME36520W_FAR2xx8 pg No 18-29,132,197-215.pdf",30,drawing_only,low,image heuristic fallback,drawing_only,0.5,EQUIPMENT LISTS xxviii This page is intentionally left blank. 
test4_furuno_far2xx8_radar,"Test/Test 4/IME36520W_FAR2xx8 pg No 18-29,132,197-215.pdf",31,drawing_only,low,drawing keyword,index_page,0.58,"1-1 1. INSTALLATION 1.1 Antenna Unit (X-band Radar) 1.1.1 Installation Considerations • The Antenna Unit is generally installed either on top of the wheelhouse or on the  radar mast, on a suitable platform. Locate the Antenna Unit in an elevated position  to permit maximum target visibility. • A line of sight from the Antenna Unit to the bow of the ship must hit the surface of  the sea in not more than 500 m or twice the ship’s length, depending whichever val- ue is smaller, for all load and tri"
test4_furuno_far2xx8_radar,"Test/Test 4/IME36520W_FAR2xx8 pg No 18-29,132,197-215.pdf",32,drawing_only,low,drawing keyword,index_page,0.58,"1.  INSTALLATION 1-2 • Install the Antenna Unit away from interfering high-power energy sources and TX  radio antennas. • Keep the lower edge of the Antenna Unit above the safety rail by at least 500 mm. • Install two Antenna Units as shown in the figure below. • No funnel, mast or derrick shall be within the vertical beamwidth of the Antenna Unit  in the bow direction, especially zero degree ±5°, to prevent blind sectors and false  echoes on the radar picture. • It is rarely possible to place t"
test4_furuno_far2xx8_radar,"Test/Test 4/IME36520W_FAR2xx8 pg No 18-29,132,197-215.pdf",33,drawing_only,low,drawing keyword,index_page,0.58,"1.  INSTALLATION 1-3 • For X-band radar, if it is  necessary to lay down the  radiator before you fasten  it to the Antenna Unit, lay  it down with the wave- guide up, to prevent dam- age to the cylinder that  surrounds the waveguide. • If the de-icer is installed, a two-pole breaker (supplied locally) must also be installed. Note: For more information, please refer to IMO SN/Circ.271 ""Guidelines for the in- stallation of shipborne radar equipment. 1.1.2 FAR-2x18/2x28 Radars How to assemble the "
test4_furuno_far2xx8_radar,"Test/Test 4/IME36520W_FAR2xx8 pg No 18-29,132,197-215.pdf",34,drawing_only,low,drawing keyword,index_page,0.58,"1.  INSTALLATION 1-4 5. Loosely fasten the four bolts from the side (3  to 6 in the right figure). Then fasten first the  inside bolts (3 and 4 in the right figure), and  fasten the outside bolts (5 and 6 in the right  figure). The torque must be 15.0 N•m. 6. Retighten the six bolts in the order  shown in the figure to the right to fix the  antenna radiator. Make sure that the torque  for each is 15.0 N•m. 7. Coat the Antenna fixing bolts fixed at step 6  with the supplied adhesive (marine seala"
test4_furuno_far2xx8_radar,"Test/Test 4/IME36520W_FAR2xx8 pg No 18-29,132,197-215.pdf",35,drawing_only,low,drawing keyword,index_page,0.58,"1.  INSTALLATION 1-5 Upright hoisting  Sideways hoisting Lay the antenna unit down and attach it to its mast on the deck. Then, hoist the an- tenna unit including the mast. Attach a shackle (local supply) to each lifting fixture. Using two belt slings (local  supply), pass one through the stern side of the radiator bracket with the bow side  facing upward, and pass the other through two shackles. Hoist the antenna to the  mounting location. After hoisting the antenna unit, remove the shackles."
test4_furuno_far2xx8_radar,"Test/Test 4/IME36520W_FAR2xx8 pg No 18-29,132,197-215.pdf",36,drawing_only,low,drawing keyword,index_page,0.58,"1.  INSTALLATION 1-6 • The reinforcement rib must be installed diagonally. 2. Referring to the outline drawing at the back of this manual, drill four mounting  holes (φ15 mm) in the mounting platform. 3. Place the Antenna Unit on the platform, then orient the unit so the bow mark on  its base is facing the ship’s bow. Note: When the Antenna Unit is placed on the platform, make sure that the plat- form is not inclined. 4. Insert four sets of hex bolts (M12×70)  attached the seal washers to the  m"
test4_furuno_far2xx8_radar,"Test/Test 4/IME36520W_FAR2xx8 pg No 18-29,132,197-215.pdf",37,index_page,medium,image heuristic fallback,index_page,0.58,1.  INSTALLATION 1-7 plied) between the grounding point and ground terminal on the Antenna Unit. Coat  the hardware of the ground system with the supplied adhesive (marine sealant). Antenna chassis side Mounting platform side Arrange a ground terminal as close as possible to Antenna Unit. There are two  methods to connect the ground wire for mounting platform side. 1.1.3 FAR-20x8-MARK-2 Radars How to assemble the Antenna Unit The Antenna Unit consists of the antenna radiator and the Antenna Unit
test4_furuno_far2xx8_radar,"Test/Test 4/IME36520W_FAR2xx8 pg No 18-29,132,197-215.pdf",38,index_page,medium,image heuristic fallback,index_page,0.58,"1.  INSTALLATION 1-8 3. Coat the grayed area shown below with the supplied adhesive (marine sealant). 4. Coat the supplied O-ring with a grease (local supply) and set it to the O-ring  groove of the radiator flange. 5. Set the antenna radiator to the radiator bracket, taking care the orientation of the  radiator. 6. Coat hex bolts M8x40 (for XN20AF or XN24AF) or hex bolt M8x35/ flat washer/ spring washer (for XN12AF) with the adhesive (marine sealant) and use them to  loosely fasten the antenna "
test4_furuno_far2xx8_radar,"Test/Test 4/IME36520W_FAR2xx8 pg No 18-29,132,197-215.pdf",39,drawing_only,low,drawing keyword,index_page,0.58,"1.  INSTALLATION 1-9 There are two methods to hoist the Antenna Unit. Hoist the Antenna Unit slowly. Hoist- ing it swiftly may damage the antenna radiator or the radiator chassis. After hoisting  the Antenna Unit, remove the shackles (local supply) used to attach the belt sling(s). Protect the parts where the antenna unit and the belt slings come into contact with  cloth to prevent scratches. Upright hoisting  The antenna unit is positioned upright. A  belt sling is required (recommended  lengt"
test4_furuno_far2xx8_radar,"Test/Test 4/IME36520W_FAR2xx8 pg No 18-29,132,197-215.pdf",40,index_page,medium,image heuristic fallback,index_page,0.58,"1.  INSTALLATION 1-10 3. Insert four sets of hex bolts (supplied,  M12×60) attached the seal washers to  the mounting holes of the antenna  chassis from the top side, referring to  the installation guide (C3900Y01) at  the back of this manual. Lift the anten- na chassis slightly then insert the sup- plied insulation sheets to the bolts.  Fasten the antenna unit loosely with the bolts attached the flat washers and two  nuts from the bottom side. 4. Adjust the direction of the Antenna Unit so the "
test4_furuno_far2xx8_radar,"Test/Test 4/IME36520W_FAR2xx8 pg No 18-29,132,197-215.pdf",41,index_page,medium,image heuristic fallback,index_page,0.58,"1.  INSTALLATION 1-11 3. Coat the grayed area shown below with the supplied adhesive (marine sealant). 4. Coat the supplied O-ring with a grease (local supply) and set it to the O-ring  groove of the radiator flange. 5. Set the antenna radiator to the radiator bracket, taking care the orientation of  theradiator. 6. Set the supplied spring washers and flat washers then coat the adhesive (marine  sealant) to the threads of the supplied hex. bolts M8×40. 7. Remove the two guide pins (insert- ed at"
test4_furuno_far2xx8_radar,"Test/Test 4/IME36520W_FAR2xx8 pg No 18-29,132,197-215.pdf",42,index_page,medium,image heuristic fallback,index_page,0.58,"1.  INSTALLATION 1-12 Also, hoist the Antenna Unit slowly. Hoisting swiftly may cause a damage to the an- tenna radiator or damage the radiator chassis. Protect the parts where the antenna unit and the belt slings come into contact (dashed  area) with cloth to prevent scratches. Upright hoisting Note: Do not hoist the Antenna Unit by hanging belt  slings around the radiator directly. Sideways hoisting Fasten one belt sling to both shackles, and pass the other belt sling around the  stern side "
test4_furuno_far2xx8_radar,"Test/Test 4/IME36520W_FAR2xx8 pg No 18-29,132,197-215.pdf",43,drawing_only,low,drawing keyword,index_page,0.58,"1.  INSTALLATION 1-13 How to fasten the Antenna Unit to the mounting platform 1. Construct a suitable mounting platform referring to the outline drawing at the end  of this manual. Note: The mounting platform must be flat, level and firmly secured. 2. Lay the rubber mats (supplied) on the mounting platform.  3. Place the Antenna Unit on the supplied  rubber mats, then orient the unit so the  nameplate on the scanner box is facing the  ship’s bow. Note: When the Antenna Unit is placed on  the pla"
test4_furuno_far2xx8_radar,"Test/Test 4/IME36520W_FAR2xx8 pg No 18-29,132,197-215.pdf",44,index_page,medium,image heuristic fallback,index_page,0.58,"1.  INSTALLATION 1-14 1.2 Antenna Unit (S-band Radar) For installation considerations regarding the Antenna Unit, see section 1.1.1. 1.2.1 Installation precaution for S-band Antenna Unit Due to the S-band radiator length, there may be excessive stress placed on the radi- ator caused by vibrations, rolling and general ship movement. To prevent damage to  the Antenna Unit and radiator, do not install the antenna near the end of a platform. If  there is no other location available, reinforce the pl"
test4_furuno_far2xx8_radar,"Test/Test 4/IME36520W_FAR2xx8 pg No 18-29,132,197-215.pdf",45,drawing_only,low,drawing keyword,index_page,0.58,"1.  INSTALLATION 1-15 logo of the radiator to the side with bow mark on the bracket. If reversely oriented,  the radiator cannot be set to the bracket.) 3. Coat the threads of eight hex bolts (M12×50, supplied) with the supplied adhesive  (marine sealant). 4. Fasten the antenna radiator to the radiator bracket from the bottom of the bracket  with the eight hex bolts, spring washers and flat washers. The torque must be 49  N•m. 5. Coat the bolt heads fastened at step 4 with the supplied ad- hesiv"
test4_furuno_far2xx8_radar,"Test/Test 4/IME36520W_FAR2xx8 pg No 18-29,132,197-215.pdf",46,drawing_only,low,drawing keyword,index_page,0.58,"1.  INSTALLATION 1-16 7. Coat the hex bolts (M12×40, 4 pcs.) for the support cover with the supplied adhe- sive (marine sealant). 8. Fasten the support cover with the hex bolts, spring washers and flat washers. The  torque must be 20 N•m.  Note 1: Make sure the safety rope does not contact the antenna support cover. Note 2: Set the screw for the safety rope to come to the left when viewed from the  front side of the antenna. How to hoist the Antenna Unit The Antenna Unit may be assembled before "
test4_furuno_far2xx8_radar,"Test/Test 4/IME36520W_FAR2xx8 pg No 18-29,132,197-215.pdf",47,drawing_only,low,drawing keyword,index_page,0.58,"1.  INSTALLATION 1-17 scratches. After the antenna unit is hoisted in place, remove the all shackles  and the lifting fixtures at the upper chassis (A, two places). Sideways hoisting The antenna unit is fastened sideways to a mast, etc. and together with the mast  installed at a high position on the vessel. Place the antenna so that the bow side faces upward. Attach two shackles to both  ends of a belt sling and fasten the shackles to the lifting fixtures (B, two places).  Pass another belt sli"
test4_furuno_far2xx8_radar,"Test/Test 4/IME36520W_FAR2xx8 pg No 18-29,132,197-215.pdf",48,drawing_only,low,drawing keyword,index_page,0.58,"1.  INSTALLATION 1-18 • The reinforcement ribs must be installed diagonally shown in the following fig- ure. 2. Referring to the outline drawing, drill eight mounting holes (φ16 mm) in the mount- ing platform. 3. If two insulation sheets (type: 03-183- 3106) are supplied in the installation ma- terials, place these sheets as aligned with  eight mounting holes. If the insulation  sheets are not supplied, go to next step  because the sheets have been attached  on the antenna unit already. 4. Place"
test4_furuno_far2xx8_radar,"Test/Test 4/IME36520W_FAR2xx8 pg No 18-29,132,197-215.pdf",49,index_page,medium,image heuristic fallback,index_page,0.58,"1.  INSTALLATION 1-19 6. Using a hex bolt (M6×25), nut (M6), spring washer (M6) and flat washer (M6), es- tablish the ground system on the mounting platform as shown in the following fig- ure. The location must be within 340 mm of the ground terminal on the Antenna  Unit. Connect the ground wire (RW-4747, 340 mm, supplied) between the ground- ing point and ground terminal on the Antenna Unit. Coat the hardware of the  ground system with the supplied adhesive (marine sealant). Antenna chassis sid"
test4_furuno_far2xx8_radar,"Test/Test 4/IME36520W_FAR2xx8 pg No 18-29,132,197-215.pdf",50,index_page,medium,image heuristic fallback,index_page,0.58,"1.  INSTALLATION 1-20 3. Orient the FURUNO logo of the radiator to  the side with the sticker on the bracket. If re- versely oriented, the radiator cannot be set  to the bracket. Set the radiator so the guide  pins fit into the guide holes on the radiator  bracket. 4. Attach the spring washers and the flat washers to the hex bolts and then coat the  threads of ten hex bolts (M10×25, supplied) with the supplied adhesive (marine  sealant). Loosely fix the radiator to the radiator bracket with the "
test4_furuno_far2xx8_radar,"Test/Test 4/IME36520W_FAR2xx8 pg No 18-29,132,197-215.pdf",51,drawing_only,low,drawing keyword,index_page,0.58,"1.  INSTALLATION 1-21 2. Attach four shackles to both sides of two belt slings. Attach the shackles to the four  lifting fixtures on the chassis so that the belt slings passes over the radiator. 3. Lift while tilting the antenna unit so  that the front and rear loads of the  belt slings are even. The tilt angle  should be about 15 cm (about 15°)  on the opposite side with the cable  entrance side as the fulcrum point  (). Also, protect the parts where  the tilted antenna unit and the belt  slin"
test4_furuno_far2xx8_radar,"Test/Test 4/IME36520W_FAR2xx8 pg No 18-29,132,197-215.pdf",52,index_page,medium,image heuristic fallback,index_page,0.58,"1.  INSTALLATION 1-22 2. Lay the corrosion-proof rubber mat (supplied) on the mounting platform, aligning  the holes on the rubber mat with the fixing holes on the mounting platform. 3. Lay the antenna unit on the rubber mat, orienting it so the cable gland is directed  toward ship's bow. 4. Fix the antenna base to the mounting platform with four M12x70 hex bolts, nuts,  washers and seal washers (supplied). The torque must be 63.5 N•m. For fasten- ing the double nuts, see the installation guide "
test4_furuno_far2xx8_radar,"Test/Test 4/IME36520W_FAR2xx8 pg No 18-29,132,197-215.pdf",53,index_page,medium,image heuristic fallback,index_page,0.58,1.  INSTALLATION 1-23 1.3 Monitor Unit See the appropriate operator’s manual for the following MU series monitors for the in- stallation procedure. Keep in mind the following points when selecting a location. 1.4 Control Unit The Control Units can be installed on a desktop or flush mounted in a console.  Installation considerations Keep in mind the following points when selecting a location. • Select a location where the Control Unit can be operated easily. Monitor unit Manual type Monitor unit 
test4_furuno_far2xx8_radar,"Test/Test 4/IME36520W_FAR2xx8 pg No 18-29,132,197-215.pdf",54,drawing_only,low,drawing keyword,index_page,0.58,1.  INSTALLATION 1-24 • Locate the unit away from heat sources because of heat that can build up inside the  cabinet. • Locate the equipment away from places subject to water splash and rain. • Leave sufficient space at the sides and rear of the unit to facilitate maintenance. • Determine the location considering the length of the signal cable between the Con- trol Unit and the Processor Unit. • A magnetic compass will be affected if the Control Unit is placed too close to the  magnetic compass.
test4_furuno_far2xx8_radar,"Test/Test 4/IME36520W_FAR2xx8 pg No 18-29,132,197-215.pdf",55,drawing_only,low,drawing keyword,spare_parts_table,0.48,"1.  INSTALLATION 1-25 3. Attach a ground wire (IV-1.25sq, supplied locally) to the ground terminal at the  bottom of the unit. 4. Secure the control unit  the KB fixture, using four binding screws (M5×20, sup- plied). 5. Attach four bolt hole caps (supplied). How to mount the unit flush with mounting surface <RCU-014/015/016> 1. Drill four mounting holes of 5 mm diameter referring to the outline drawing at the  back of this manual. Self tapping screw (Ø5×20, 4 pcs) KB fixture Cutout should be lo"
test4_furuno_far2xx8_radar,"Test/Test 4/IME36520W_FAR2xx8 pg No 18-29,132,197-215.pdf",56,drawing_only,low,drawing keyword,index_page,0.58,"1.  INSTALLATION 1-26 2. Fix the Control Unit with four screws (M4) from the underside of the desktop. (The  M4 screws with a sufficient length for the thickness of the desktop should be pro- vided locally.) Control Unit RCU-014 Control Unit RCU-015/RCU-016 <RCU-031> 1. Drill four pilot holes in the mounting location for stud bolts (M4×50), referring to the  outline drawing at the back of this manual. 2. Attach a ground wire (IV-1.25sq, supplied locally) to the ground terminal at the  bottom of "
test4_furuno_far2xx8_radar,"Test/Test 4/IME36520W_FAR2xx8 pg No 18-29,132,197-215.pdf",57,drawing_only,low,drawing keyword,index_page,0.58,"1.  INSTALLATION 1-27 5. Fasten the four wing nuts (supplied) to the stud bolts from the rear side of the  mounting surface. 1.4.2 Flush mount Installation Note: For flush mounting in a panel, the mounting surface must be flat. Do not install  the unit on an uneven surface. Flush mount, fixed at rear (for RCU-014/015/016) Use the optional flush mount kit FP03-09870 to mount the Control Unit to a console  panel. See the outline drawing at the back of this manual. 1. Prepare a cutout in the locati"
test4_furuno_far2xx8_radar,"Test/Test 4/IME36520W_FAR2xx8 pg No 18-29,132,197-215.pdf",58,drawing_only,low,drawing keyword,index_page,0.58,"1.  INSTALLATION 1-28 5. Fasten each wing screw and then fasten the hex. nuts as shown in figure below. Side view of Control Units Flush mount, using with panel (for RCU-014 only) Use the optional flush mount kit OP03-245 to mount the control unit to a console panel  using with the panel. See the mounting procedure in the kit for details. Flush mount, fixed at front (for RCU-031) Note: For flush mounting, select a location where the surface is flat. 1. Make a mounting hole and drill four pilot h"
test4_furuno_far2xx8_radar,"Test/Test 4/IME36520W_FAR2xx8 pg No 18-29,132,197-215.pdf",59,drawing_only,low,drawing keyword,index_page,0.58,"1.  INSTALLATION 1-29 1.4.3 Installation of RCU-016 connected with RCU-014 1.4.4 How to change the cable entry of RCU-015/016 To change the cable entry from the side (default) to the bottom, modify the unit as  shown in the following procedure. 1. Turn the chassis upside-down and remove four screws (M3×8) to open the back  cover. 2. Remove the cable clamp, then remove the cable. 3. Pass the cable through the  hole in the figure shown in the  figure to the right, then clamp  the copper part of th"
test4_furuno_far2xx8_radar,"Test/Test 4/IME36520W_FAR2xx8 pg No 18-29,132,197-215.pdf",60,index_page,medium,image heuristic fallback,index_page,0.58,"1.  INSTALLATION 1-30 1.5 Power Supply Unit This unit can be installed on a bulkhead, wall or on the floor. 1.5.1 Installation considerations Keep in mind the following points when selecting a location. • Locate the Processor Unit away from heat sources because of heat that can build  up inside the cabinet. • Select a location where the vibration is minimal. • Locate the equipment away from places subject to water splash and rain. • Leave sufficient space at the sides and rear of the unit to fac"
test4_furuno_far2xx8_radar,"Test/Test 4/IME36520W_FAR2xx8 pg No 18-29,132,197-215.pdf",61,index_page,medium,image heuristic fallback,index_page,0.58,"1.  INSTALLATION 1-31 1.5.2 How to install the Power Supply Unit Use four bolts (M6, local supply) to  fasten the Power Supply Unit. For bulkhead mounting, fasten two  bolts for the lower notches, leaving 5  mm of thread exposed from the bolt  head. Set the notches of the Power  Supply Unit on the two bolts, then fas- ten two bolts for the upper bolt holes.  Then secure the Power Supply Unit in  place with all four bolts fastened tight- ly. Note: For bulkhead installations, the  cable entry must"
test4_furuno_far2xx8_radar,"Test/Test 4/IME36520W_FAR2xx8 pg No 18-29,132,197-215.pdf",62,index_page,medium,image heuristic fallback,index_page,0.58,"1.  INSTALLATION 1-32 • Install the Processor Unit on the floor, or on a bulkhead with the following direction.  For bulkhead, the cable entry must face the deck. • Connect the ground wire (IV-8sq, local supply) between the earth terminal on the  chassis and the ship’s earth, using the supplied crimp-on-lug FV2-M3 BLU. 1.6.2 How to install the Processor Unit Use four bolts (M6, local supply) to  fasten the Processor Unit. For bulkhead mounting, fasten two  bolts for the lower notches, leaving 5 "
test4_furuno_far2xx8_radar,"Test/Test 4/IME36520W_FAR2xx8 pg No 18-29,132,197-215.pdf",63,drawing_only,low,drawing keyword,index_page,0.58,1.  INSTALLATION 1-33 • Locate the equipment away from places subject to water splash and rain. • Leave sufficient space at the sides and rear of the unit to facilitate maintenance. • Determine the location considering the length of the cable between the transceiver  unit and the Antenna Unit and the cable between the transceiver unit and the Power  Supply Unit. • A magnetic compass will be affected if the transceiver unit is placed too close to the  magnetic compass. Observe the compass safe di
test4_furuno_far2xx8_radar,"Test/Test 4/IME36520W_FAR2xx8 pg No 18-29,132,197-215.pdf",64,drawing_only,low,drawing keyword,index_page,0.58,"1.  INSTALLATION 1-34 2. Fasten four self-tapping screws (φ4×20, supplied) to secure the unit. 1.9 Switching Hub (option) Use the HUB-100 to connect sensor networks. This network cannot be connected to  the shipborne LAN network. Further do not connect a commercial PC to this network,  other than for the maintenance.  For the installation procedure, see the operator’s manual for HUB-100 (Pub. No.  OMC-35191). Installation considerations Keep in mind the following points when selecting a location"
test4_furuno_far2xx8_radar,"Test/Test 4/IME36520W_FAR2xx8 pg No 18-29,132,197-215.pdf",65,drawing_only,low,drawing keyword,index_page,0.58,"2-1 2. WIRING 2.1 Overview The procedure explanations in this chapter mainly use illustrations of the magnetron  radar. Some parts are omitted in the illustrations for clarity. Cable considerations To lessen the chance of picking up electrical interference where possible, avoid rout- ing the antenna cable (power and LAN lines) near other onboard electrical equipment  (radars, TX radio antennas, etc.). Also avoid running the cable in parallel with power  cables. When crossing with other cable, t"
test4_furuno_far2xx8_radar,"Test/Test 4/IME36520W_FAR2xx8 pg No 18-29,132,197-215.pdf",66,index_page,medium,image heuristic fallback,index_page,0.58,"2.  WIRING 2-2 2.1.1 Standard wiring A Cat 5e LAN cable (RW-00135, RW-00339) connects between the Antenna Unit  (Power Supply Unit for FAR-2258/2268DS) and the Processor Unit. The maximum  length of the cabling between the Processor Unit and the Antenna Unit is 80 m. Retrofit (using antenna cable RW-96006895/4896) or foremast installation is also pos- sible, with the installation of a pair of LAN Signal Converters, one in the Antenna Unit,  the other in the Processor Unit. See section 2.10. X-ba"
test4_furuno_far2xx8_radar,"Test/Test 4/IME36520W_FAR2xx8 pg No 18-29,132,197-215.pdf",67,index_page,medium,image heuristic fallback,index_page,0.58,"2.  WIRING 2-3 X/S-band radars for FAR-2258/2268DS radars 100-230 VAC  1ø, 50-60 Hz DVI-BNCX5+GND-L2.0 2 m 100-230 VAC 1ø, 50-60 Hz Transformer 440 VAC  1ø, 50-60 Hz VDR (Analog RGB) DPYC-1.5 DPYC-2.5 Antenna Cable • RW-0013  15/20/30/50 m • 03CA00099  70 m • RW-0030  15/20/30/50 m (For FAR-2258 only) Motor Cable TPYCY-2.5 : Standard supply : Optional or local supply 100-115/220-230 VAC  1ø, 50-60 Hz External radar Sub monitor 2 Power Supply  Unit PSU-019 Antenna Unit Processor Unit RPU-025 DVI-"
test4_furuno_far2xx8_radar,"Test/Test 4/IME36520W_FAR2xx8 pg No 18-29,132,197-215.pdf",68,index_page,medium,image heuristic fallback,index_page,0.58,"2.  WIRING 2-4 X-band/S-band (TR-DOWN) radars The appropriate radars are FAR-2328W and FAR-2338SW. DVI-D/D SINGLE LINK 5/10 m 100-230 VAC  1ø, 50-60 Hz 100-230 VAC 100-230 VAC Transformer 440 VAC  1ø, 50-60 Hz Control Unit  RCU-016 Monitor Unit MU-231/MU-270W VDR (Analog RGB) Gyrocompass  (AD-10 format) Gyrocompass  (IEC61162 format) AIS Transponder EPFS (GPS) Sub display Antenna Cable (LAN+serial) RW-00135 15/30/40/50 m 100-115/220-230 VAC  1ø, 50-60 Hz (for de-icer) PROCESSOR  UNIT RPU-025 ANT"
test4_furuno_far2xx8_radar,"Test/Test 4/IME36520W_FAR2xx8 pg No 18-29,132,197-215.pdf",69,spare_parts_table,low,image heuristic fallback,spare_parts_table,0.48,2.  WIRING 2-5 WAGO connector A terminal opener is provided on the circuit board as below. FAR-2x18/2x28/2x38S/20x8-MARK-2 radars FAR-2258/2268DS radars Procedure 1. Twist the cores. 2. Press the terminal opener  downward. 3. Insert the wire to hole. 4. Remove the terminal  opener. 5. Pull the wire to confirm  that it is secure. Press downward. WAGO  connector Terminal  opener Wire Twist TB Board 03P9648 RF-TB Board 03P9570 Processor Unit Antenna Unit/Transceiver Unit <FAR-2x18/2x28/2x38> <FAR
test4_furuno_far2xx8_radar,"Test/Test 4/IME36520W_FAR2xx8 pg No 18-29,132,197-215.pdf",70,index_page,medium,image heuristic fallback,index_page,0.58,"2.  WIRING 2-6 2.2 Antenna Unit (X-band, TR-UP) 2.2.1 How to fabricate the cables LAN cable RW-00135 (antenna cable, RSB-128/130/146) For X-band radar, the end of the antenna cable RW-00135 which connects to the An- tenna Unit is pre-fabricated. RW-0013/RW-0030/03CA00099 (antenna cable, RSB-139) • RW-0013/03CA00099: No armor Expose inner vinyl sheath and remove  it by approx. 25 mm. Be careful not to  damage the shield and cores.  Fold back the shield, wrap it onto the vinyl  sheath and cut it, "
test4_furuno_far2xx8_radar,"Test/Test 4/IME36520W_FAR2xx8 pg No 18-29,132,197-215.pdf",71,index_page,medium,image heuristic fallback,index_page,0.58,"2.  WIRING 2-7 • RW-0030: With armor RW-9600/6895/4873 (for retrofit or foremast installation, RSB-128/146) The existing cable (RW-9600/6895/4873) can be used for the following cases. • Cable extension for foremast installation (only for RW-9600 cable) • Retrofit Depending on your installation, one or more of the following kits (available as optional  extras) may be required. For the LAN Coaxial Converter, see section 2.10 ""LAN Sig- nal Converter"" and for details. • LAN Signal Converter OP03-247"
test4_furuno_far2xx8_radar,"Test/Test 4/IME36520W_FAR2xx8 pg No 18-29,132,197-215.pdf",72,index_page,medium,image heuristic fallback,index_page,0.58,"2.  WIRING 2-8 For wiring the RW-9600 cable via the cable cover, the cable fabrication is shown be- low. In other cases, see the installation manual in the optional kit. The unused power lines are tied up and attached to a crimp-on lug FV5.5-S4 (LF),  supplied locally. Connect these unused lines to the ground terminal with the shield  line. See the interconnection diagram at the back of this manual for details. RW-00136 (for a sub monitor, RSB-128/130/146) Note: The maximum cable length is 50 m."
test4_furuno_far2xx8_radar,"Test/Test 4/IME36520W_FAR2xx8 pg No 18-29,132,197-215.pdf",73,index_page,medium,image heuristic fallback,index_page,0.58,"2.  WIRING 2-9 TPYCY-2.5 (Motor power cable for RSB-139) 2.2.2 How to connect the cables (RSB-128) 1. Loosen four bolts from the rear cover to remove the rear cover. If the de-icer is  already installed, loosen two bolts inside the antenna to remove the front cover. Note 1: The cable for the performance monitor is connected between the rear  cover and the RF-TB Board in the Antenna Unit. Open the cover slowly to prevent  damage to the cable and connector. Note 2: If the de-icer is to be installe"
test4_furuno_far2xx8_radar,"Test/Test 4/IME36520W_FAR2xx8 pg No 18-29,132,197-215.pdf",74,drawing_only,low,drawing keyword,index_page,0.58,"2.  WIRING 2-10 2. Disconnect the performance monitor connector (J807) and the motor drive con- nectors (J803, J804 and J808) from the RF-TB Board. 3. Unfasten the six bolts in the figure below to enable removal of the transceiver unit.  Then, pull the handle on the transceiver unit to remove the unit. For magnetron  radar, lay the unit on its side or on top of non-ferrous material, to prevent  demagnetization of the magnetron 4. Unfasten four screws to open the cable entrance cover. How to chan"
test4_furuno_far2xx8_radar,"Test/Test 4/IME36520W_FAR2xx8 pg No 18-29,132,197-215.pdf",75,drawing_only,low,drawing keyword,index_page,0.58,"2.  WIRING 2-11 unfasten the four screws circled in the following figure, then orient the cable en- trance in the required direction. Refasten the screws. 5. Unfasten the two screws fixing the cable clamp for antenna cable, then pass the  antenna cable through the cable entrance. If applicable, unfasten the two screws fixing the cable clamp for the sub monitor  and de-icer power cable, then pass the cables through the cable entrance. Note: Dummy plugs are provided to insert into unused cable slo"
test4_furuno_far2xx8_radar,"Test/Test 4/IME36520W_FAR2xx8 pg No 18-29,132,197-215.pdf",76,drawing_only,low,drawing keyword,index_page,0.58,"2.  WIRING 2-12 7. Re-mount the transceiver unit then reconnect the connectors for the motor (J803,  J804 and J808). 8. Attach the appropriate WAGO connectors (pre-attached) to the appropriate ca- bles, and then connect the antenna and sub monitor cables to the RF-TB Board  as shown in the following figure. For how to connect the WAGO connector, see  ""WAGO connector"" on page 2-5. For pin arrangement, see the interconnection di- agram at the back of this manual. Note: Make sure to pass the cable "
test4_furuno_far2xx8_radar,"Test/Test 4/IME36520W_FAR2xx8 pg No 18-29,132,197-215.pdf",77,drawing_only,low,drawing keyword,index_page,0.58,"2.  WIRING 2-13 9. For DE-ICER INSTALLATION, connect the de-icer power cable to the de-icer  board 03P9573 attached on the front cover. If the de-icer is not provided, go to  step 10.  1) Remove four screws from the motor and  disconnect connectors J875 and J876 to  remove the motor. 2) Set a wiring clamp (supplied) at locations (B) and (C) shown in the following  figure. Pass the de-icer power cable from cable entrance through the wiring  clamps (A), (B) and (C) and pull it to the front side. T"
test4_furuno_far2xx8_radar,"Test/Test 4/IME36520W_FAR2xx8 pg No 18-29,132,197-215.pdf",78,index_page,medium,image heuristic fallback,index_page,0.58,"2.  WIRING 2-14 3) Pass the de-icer power cable through  the cable band. Connect the cable to  TB901 on the DE-ICER board  (03P9573), using the supplied crimp- on lugs.  4) Attach the motor and connectors re- moved at step 1). 5) Set the Voltage Setting switch accord- ing to the power source for the de-icer;  115 V or 230 V. The default setting is  230 V. 6) Apply power to the de-icer then press and hold the TEST switch for about ten  seconds. Check that the heater gets hot and then release the "
test4_furuno_far2xx8_radar,"Test/Test 4/IME36520W_FAR2xx8 pg No 18-29,132,197-215.pdf",79,drawing_only,low,drawing keyword,index_page,0.58,"2.  WIRING 2-15 11. Coat the hinge with the supplied adhesive (marine sealant) to waterproof the  hinge then close the cable entrance cover. Fix the cable cover with four screws,  then coat the screws with the supplied adhesive (marine sealant). 12. Reconnect the performance monitor connector (J807) to the rear cover. 13. Hold the rear cover at the lower part (near  the intake), and the push it horizontally to- wards the chassis until the gasket between  the front and rear covers is about 5 mm  "
test4_furuno_far2xx8_radar,"Test/Test 4/IME36520W_FAR2xx8 pg No 18-29,132,197-215.pdf",80,index_page,medium,image heuristic fallback,index_page,0.58,"2.  WIRING 2-16 2.2.3 How to connect the cables (RSB-146) 1. Loosen four bolts from the rear  cover to remove the rear cover. Note: If the performance moni- tor is installed, disconnect the  XH connector on the rear cover. 2. Loosen four screws on the cable cover at the starboard side to open the cable cov- er. Unfasten two screws (from the left) on the cable clamp and loosen the right- most screw to open the cable clamp, then remove the rubber packing on the left  slot. The rubber packing may b"
test4_furuno_far2xx8_radar,"Test/Test 4/IME36520W_FAR2xx8 pg No 18-29,132,197-215.pdf",81,index_page,medium,image heuristic fallback,index_page,0.58,"2.  WIRING 2-17 LAN cable: LAN connector through the wiring clamps (A, B) Shield of LAN cable: Screw (D) <For RW-9600> Disconnect the connector between the BNC case and the converter, connect  the coaxial cable to the BNC case. After connection, fasten the BNC case to  the chassis (Tightening torque: 1.2 N•m). Power line: TB801 through the wir- ing clamps (A, B, C). The unused  lines should be bound together and  connected to the screw (E). Shield of power line: Screw (D) Coaxial cable: BNC case"
test4_furuno_far2xx8_radar,"Test/Test 4/IME36520W_FAR2xx8 pg No 18-29,132,197-215.pdf",82,index_page,medium,image heuristic fallback,index_page,0.58,"2.  WIRING 2-18 6. Close the cable cover, then coat the  screws with the supplied adhesive (ma- rine sealant). The torque must be 4.1  N•m. 7. Hook the safety rope to the rope groove on the  chassis, then attach the rear cover (Tightening  torque: 21 N•m). Take care not to damage the  cables when attaching the cover of the antenna  unit. Note: If the performance monitor is attached,  connect the XH connector, removed at step 1,  on the rear cover. 8. Fix the cables within approx. 300 mm from  th"
test4_furuno_far2xx8_radar,"Test/Test 4/IME36520W_FAR2xx8 pg No 18-29,132,197-215.pdf",83,drawing_only,low,drawing keyword,index_page,0.58,"2.  WIRING 2-19 2. Release the cable clamp and remove the dummy plug, which may be discarded,  shown in the figure below. Attach the de-icer cable and clamp the armor with the  cable clamp with two screws (Tightening torque: 4.1 N•m). 3. Remove the cover from the terminal board TB901  on the DE-ICER board inside  the de-icer case. Connect the de-icer cable to TB901. 4. For 100-115 V power supply, set the  voltage selection switch to 115V (de- fault setting: 230V). Turn on the power  to the deice"
test4_furuno_far2xx8_radar,"Test/Test 4/IME36520W_FAR2xx8 pg No 18-29,132,197-215.pdf",84,index_page,medium,image heuristic fallback,index_page,0.58,"2.  WIRING 2-20 2.2.4 How to connect the cables (RSB-139) 1. Loosen 12 bolts from both covers to remove the covers. Note 1: If the performance monitor is installed, the cable for the performance  monitor is connected between the cover for the RF unit side and the RF-TB Board  in the Antenna Unit. Open the cover slowly to prevent damage to the cable and  connector. Note 2: Both covers have the safety chains to pre- vent falling covers. 2. Disconnect the motor drive connectors (J917, J918) and the"
test4_furuno_far2xx8_radar,"Test/Test 4/IME36520W_FAR2xx8 pg No 18-29,132,197-215.pdf",85,drawing_only,low,drawing keyword,index_page,0.58,"2.  WIRING 2-21 3. Unfasten the two bolts circled in the figure below to enable removal of the RF unit.  Then, pull RF unit to remove it with the handle. To move the RF unit, use two han- dles on the RF unit. Note: The magnetron in the transceiv- er module will demagnetize if it con- tacts ferrous material. When  dismounting the transceiver module,  lay it on its side or on top of non-ferrous  material as shown in the figure to the  right. 4. Unfasten the cable glands for the an- tenna and power"
test4_furuno_far2xx8_radar,"Test/Test 4/IME36520W_FAR2xx8 pg No 18-29,132,197-215.pdf",86,index_page,medium,image heuristic fallback,index_page,0.58,"2.  WIRING 2-22 6. Push the flat washer against the armor then sandwich in the armor between two  flat washers. 7. Trim the armor so that it does not extend past the flat washers. 8. Pass the antenna and power cables through each cable entrance and attach the  appropriate connectors to the appropriate cables. For how to connect the cables  to WAGO connector, see ""WAGO connector"" on page 2-5. For pin arrangement,  see the interconnection diagram at the back of this manual. Note: A terminal opener"
test4_furuno_far2xx8_radar,"Test/Test 4/IME36520W_FAR2xx8 pg No 18-29,132,197-215.pdf",87,drawing_only,low,drawing keyword,index_page,0.58,"2.  WIRING 2-23 3) Remove the TNC junction box from the RF unit and then connect the coaxial  cable of the antenna cable to the BNC case. 4) Re-mount the TNC junction box to the RF unit. 9. Apply the supplied adhesive (marine sealant) to the threads of the cable glands,  and then fasten it tightly with the hook spanner. Note: Use the wrench of the correct size referring to cable gland size below. If you  do not have the hook spanner, contact your dealer. • Gland for the antenna cable: φ50 • Glan"
test4_furuno_far2xx8_radar,"Test/Test 4/IME36520W_FAR2xx8 pg No 18-29,132,197-215.pdf",88,index_page,medium,image heuristic fallback,index_page,0.58,"2.  WIRING 2-24 DPYCY-1.5 (for the optional de-icer) • Before beginning any work on the Antenna Unit, turn off the breaker for the de-icer  at the mains switchboard. (Turning off the display unit has no effect.) • The de-icer activates when the temperature becomes 0 °C, and shuts down when  the temperature reaches 5 °C. Clamp the armor with the cable clamp. Flexible waveguide The connector at the antenna side is pre-attached to the flexible waveguide. The  bending radius shown below must be obse"
test4_furuno_far2xx8_radar,"Test/Test 4/IME36520W_FAR2xx8 pg No 18-29,132,197-215.pdf",89,index_page,medium,image heuristic fallback,index_page,0.58,"2.  WIRING 2-25 2.3.2 How to connect the cables (RSB-130) 1. Loosen four bolts from the rear cover to remove the rear cover. If the de-icer is  already installed, loosen two bolts inside the antenna to remove the front cover. Note 1: The cable for the performance monitor is connected between the rear  cover and the RF-TB Board in the Antenna Unit. Open the cover slowly to prevent  damage to the cable and connector. Note 2: If the de-icer is to be installed, remove four M5 screws and spread open "
test4_furuno_far2xx8_radar,"Test/Test 4/IME36520W_FAR2xx8 pg No 18-29,132,197-215.pdf",90,index_page,medium,image heuristic fallback,index_page,0.58,"2.  WIRING 2-26 3. Unfasten four screws to open the cable entrance cover. Note: The orientation of the cable entrance can be changed. See ""How to change  the orientation"" on page 2-10. 4. Unfasten the two screws fixing the cable clamp for the serial cable, then pass the  serial cable (TTYCYSLA-10) through the cable entrance. If applicable, unfasten the two screws fixing the cable clamp for the de-icer power  cable, then pass the cables through the cable entrance. Note 1: The dummy plug is provid"
test4_furuno_far2xx8_radar,"Test/Test 4/IME36520W_FAR2xx8 pg No 18-29,132,197-215.pdf",91,drawing_only,low,drawing keyword,index_page,0.58,"2.  WIRING 2-27 6. Attach the appropriate WAGO connectors (pre-attached) to the serial cable, and  then connect the serial cable to the RF-TB Board as shown in the following figure.  For how to connect the WAGO connector, see ""WAGO connector"" on page 2-5.  For pin arrangement, see the interconnection diagram at the back of this manual. Note: Make sure to pass the cable through the specified wiring clamp. Destination of serial cable Serial line: TB802 (8-pin) and TB803 (16-pin) Shield (drain wire"
test4_furuno_far2xx8_radar,"Test/Test 4/IME36520W_FAR2xx8 pg No 18-29,132,197-215.pdf",92,drawing_only,low,drawing keyword,index_page,0.58,"2.  WIRING 2-28 1) Remove four screws from the motor and  disconnect connectors J875 and J876 to  remove the motor. 2) Set a wiring clamp (supplied) at locations (B) and (C) shown in the following  figure. Pass the de-icer power cable from cable entrance through the wiring  clamps (A), (B) and (C) and pull it to the front side. 3) Pass the de-icer power cable through  the cable band. Connect the cable to  TB901 on the DE-ICER board  (03P9573), using the supplied crimp- on lugs.  4) Attach the mo"
test4_furuno_far2xx8_radar,"Test/Test 4/IME36520W_FAR2xx8 pg No 18-29,132,197-215.pdf",93,index_page,medium,image heuristic fallback,index_page,0.58,"2.  WIRING 2-29 8. Position the cables so their armors lie beneath their respective cable clamps in the  cable entrance. Fasten the cable clamps. 9. Coat the hinge with the supplied adhesive (marine sealant) to waterproof the  hinge then close the cable entrance cover. Fix the cable cover with four screws,  then coat the screws with the supplied adhesive (marine sealant). 10. Reconnect the performance monitor connector (J807) to the RF-TB Board. 11. Connect the waveguide to the antenna with eith"
test4_furuno_far2xx8_radar,"Test/Test 4/IME36520W_FAR2xx8 pg No 18-29,132,197-215.pdf",94,drawing_only,low,drawing keyword,index_page,0.58,"2.  WIRING 2-30 4) Connect the waveguide flange and then fix with the bolt. 5) Wipe off the excess adhesive (marine sealant) from the flange. 12. Hold the rear cover at the lower part (near  the intake), and the push it horizontally to- wards the chassis until the gasket between  the front and rear covers is about 5 mm  wide. Then close the rear cover with four  bolts. The torque for the fixing bolts must be  10.0 N•m. Note 1: After pushing the rear cover by  hand, check that the gasket width is"
test4_furuno_far2xx8_radar,"Test/Test 4/IME36520W_FAR2xx8 pg No 18-29,132,197-215.pdf",95,index_page,medium,image heuristic fallback,index_page,0.58,"2.  WIRING 2-31 RW-0013/03CA00099 (Antenna cable, RSB-144) RW-9600/6895/4873 (for retrofit) To use the existing cable (RW-9600/6895/4873) for the retrofit, two optional kits are  required. For the LAN Coaxial Converter, see section 2.10 ""LAN Signal Converter"" for  details. • LAN Signal Converter: Type: OP03-247-2 (for RSB-129)                                      Type: OP03-247-1 (for RSB-133) • Retrofit Cable Kit: Type: OP03-255-1 (for RSB-129/133) Note: The maximum antenna cable length is 100 "
test4_furuno_far2xx8_radar,"Test/Test 4/IME36520W_FAR2xx8 pg No 18-29,132,197-215.pdf",96,index_page,medium,image heuristic fallback,index_page,0.58,"2.  WIRING 2-32 DPYCY-1.5 (for the optional de-icer) • Before beginning any work on the Antenna Unit, turn off the breaker for the de-icer  at the mains switchboard. (Turning off the display unit has no effect.) • The de-icer activates when the temperature becomes 0 °C, and shuts down when  the temperature reaches 5 °C. TPYCY-2.5 (Motor power cable, RSB-144) 2.4.2 How to connect the cables (RSB-129/133) Three cables are connected to the Antenna Unit: anttena, sub monitor* and de-icer*  power cab"
test4_furuno_far2xx8_radar,"Test/Test 4/IME36520W_FAR2xx8 pg No 18-29,132,197-215.pdf",97,index_page,medium,image heuristic fallback,index_page,0.58,"2.  WIRING 2-33 1. Loosen four bolts on the rear cover to remove the rear cover. If the de-icer is al- ready installed, loosen also four bolts on the front cover to remove the front cover. If the lifting fixtures are still attached, they should be removed. For how to remove  the lifting fixtures, see ""How to hoist the Antenna Unit"" on page 1-16. Note 1: The cable for the performance monitor is connected between the rear  cover and the RF-TB Board in the Antenna Unit. Open the cover slowly to pre"
test4_furuno_far2xx8_radar,"Test/Test 4/IME36520W_FAR2xx8 pg No 18-29,132,197-215.pdf",98,index_page,medium,image heuristic fallback,index_page,0.58,"2.  WIRING 2-34 3. Disconnect the coaxial cable and unfasten the four bolts as shown below. Then,  remove the RF unit with the handle. Note: For magnetron radars, lay the unit on its side or on top of non-ferrous  material, to prevent demagnetization. 4. Unfasten the cable gland for the antenna cable, then remove the gasket, three flat  washers, and protector. 5. Slide the cable gland,  the gasket and three  flat washers onto the  cable.  6. Push the flat washer  against the armor. 7. Trim the a"
test4_furuno_far2xx8_radar,"Test/Test 4/IME36520W_FAR2xx8 pg No 18-29,132,197-215.pdf",99,drawing_only,low,drawing keyword,index_page,0.58,"2.  WIRING 2-35 8. Pass the antenna cable through the cable entrance. If applicable, unfasten the appropriate cable glands and pass the sub monitor and  de-icer power cables through the cable entrance. Pass the cables through their  respective wiring clamp. 9. All other cables are connected to the RF unit and should be pulled out of the chas- sis after passing them through their respective cable entrances. The de-icer pow- er cable is connected to the de-icer board as shown in step 13. 10. Apply"
test4_furuno_far2xx8_radar,"Test/Test 4/IME36520W_FAR2xx8 pg No 18-29,132,197-215.pdf",100,drawing_only,low,drawing keyword,index_page,0.58,"2.  WIRING 2-36 Note: For the antenna cable RW-9600/6895/4873, connect the crimp-on lug  (that binds unused wires) together with the shield of the power line. Destination of sub monitor cable Note: Remove (or Loosen) four bolts as shown in the following figure to re- move the RF-TB Board from the RF unit. Signal line: TB803 through the wiring clamp (A), see the figure for the ""Desti- nation of Antenna cable:"" Coaxial cable: TB804 (B) Shield of signal line: Screw (C) Solid state radar Destinati"
test4_furuno_far2xx8_radar,"Test/Test 4/IME36520W_FAR2xx8 pg No 18-29,132,197-215.pdf",101,drawing_only,low,drawing keyword,index_page,0.58,"2.  WIRING 2-37 Note: For the antenna cable RW-9600/6895/4873, connect the crimp-on lug  (that binds unused wires) together with the shield of the power line. Destination of sub monitor cable Signal line: TB803 through the wiring clamp (A), see the figure for the ""Desti- nation of Antenna cable:"" Coaxial cable: TB804 (B) Shield of signal line: Screw (C) 13. For DE-ICER INSTALLATION, connect the de-icer power cable the de-icer board  03P9573 attached on the front cover. If the de-icer is not pro"
test4_furuno_far2xx8_radar,"Test/Test 4/IME36520W_FAR2xx8 pg No 18-29,132,197-215.pdf",102,drawing_only,low,drawing keyword,index_page,0.58,"2.  WIRING 2-38 2) Pass the de-icer power cable through the  cable band. Connect the cable to TB901  on the DE-ICER board (03P9573), using  the supplied crimp-on lugs. 3) Set the Voltage Setting switch according  to the power source for the de-icer; 115 V  or 230 V. The default setting is 230 V. 4) Apply power to the de-icer then press and  hold the TEST switch for about ten sec- onds. Check that the heater gets hot and  then release the TEST switch. 5) Set the front cover detached at step 1 to "
test4_furuno_far2xx8_radar,"Test/Test 4/IME36520W_FAR2xx8 pg No 18-29,132,197-215.pdf",103,drawing_only,low,drawing keyword,index_page,0.58,"2.  WIRING 2-39 2.4.3 How to connect the cables (RSB-144) 1. Remove 10 bolts from the cover, right side viewed from the cable entry side, to  remove the cover. Note: The safety rope is attached to this cover to prevent falling the cover. 2. Unfasten the cable glands for the antenna and power cables and remove the gas- ket, three flat washers and remove the gland cap of each entrance. The gland  caps may be discarded. 3. Slide the flat washers and gasket onto the cables as shown in the figure bel"
test4_furuno_far2xx8_radar,"Test/Test 4/IME36520W_FAR2xx8 pg No 18-29,132,197-215.pdf",104,drawing_only,low,drawing keyword,index_page,0.58,"2.  WIRING 2-40 Antenna cable Connect the wires of the antenna cable to the appropriate WAGO connectors(pre- attached on the RF-TB board), according to wiring stickers. • Signal lines: TB801, TB802 and  TB803, through the wire saddles  (A), (B). • Coaxial cable: TB902 on the TNC Junction Box, through the wire saddles (A),  (B). Before connecting the coaxial cable, remove the TNC junction box. After  connecting the coaxial cable referring to the figure shown below, re-mount the  box to the RF uni"
test4_furuno_far2xx8_radar,"Test/Test 4/IME36520W_FAR2xx8 pg No 18-29,132,197-215.pdf",105,index_page,medium,image heuristic fallback,index_page,0.58,"2.  WIRING 2-41 5. Apply the supplied adhesive (marine sealant) to the threads of the cable glands,  and then fasten it tightly with the hook spanner. Note: Use the wrench of the correct size referring to cable gland size below. If  youdo not have the hook spanner, contact your dealer. • Gland for the antenna cable: φ50 • Gland for the motor power cable: φ42 6. Check that the gasket on cover are seated properly, then close the cover. The  torque for the fixing bolts must be 15.0 N•m. 7. Seal the"
test4_furuno_far2xx8_radar,"Test/Test 4/IME36520W_FAR2xx8 pg No 18-29,132,197-215.pdf",106,index_page,medium,image heuristic fallback,index_page,0.58,"2.  WIRING 2-42 Microwave coaxial cable See the supplied instruction manual (C32-01904) in Antenna Unit for details. 2.5.2 How to connect the cables (RSB-131) Three cables are connected to the Antenna Unit: serial cable from the transceiver unit,  microwave coaxial cable and de-icer power cable (option). The procedure shows how  to connect all cables. Disregard the descriptions for the optional equipment if not ap- plicable. Note: Apply the supplied adhesive (marine sealant) to the unused cable "
test4_furuno_far2xx8_radar,"Test/Test 4/IME36520W_FAR2xx8 pg No 18-29,132,197-215.pdf",107,drawing_only,low,drawing keyword,index_page,0.58,"2.  WIRING 2-43 2. Disconnect the performance monitor connector (J807) from the RF-TB Board. 3. Unfasten the cable gland for the serial cable (TTYCSLA-10) and remove the gas- ket and three flat washers and remove the protector. 4. Slide the cable gland,  the gasket and three  flat washers onto the  cable.  5. Push the flat washer  against the armor. 6. Trim the armor so that  it does not extend past  the flat washers. 7. Pass the serial cable through the cable entrance. If applicable, unfasten t"
test4_furuno_far2xx8_radar,"Test/Test 4/IME36520W_FAR2xx8 pg No 18-29,132,197-215.pdf",108,drawing_only,low,drawing keyword,index_page,0.58,"2.  WIRING 2-44 Shield of serial line: Screw (C) 10. For DE-ICER INSTALLATION, connect the de-icer power cable the de-icer board  03P9573 attached on the front cover. If the de-icer is not provided, go to step 11.  1) Unfasten two bolts to remove the RF-TB assembly, then pass the de-icer  power cable through the cable entrance. 2) Wrap the supplied spiral tube around the de-icer power cable, starting from  the crimp-on lugs. Set a wiring clamp (supplied) at location (5) shown in the  following f"
test4_furuno_far2xx8_radar,"Test/Test 4/IME36520W_FAR2xx8 pg No 18-29,132,197-215.pdf",109,drawing_only,low,drawing keyword,index_page,0.58,"2.  WIRING 2-45 3) Pass the de-icer power cable through the  cable band. Connect the cable to TB901  on the DE-ICER board (03P9573), using  the supplied crimp-on lugs. 4) Set the Voltage Setting switch according  to the power source for the de-icer; 115 V  or 230 V. The default setting is 230 V. 5) Apply power to the de-icer then press and  hold the TEST switch for about ten sec- onds. Check that the heater gets hot and  then release the TEST switch. 6) Set the front cover detached at step 1 to "
test4_furuno_far2xx8_radar,"Test/Test 4/IME36520W_FAR2xx8 pg No 18-29,132,197-215.pdf",110,drawing_only,low,drawing keyword,index_page,0.58,"2.  WIRING 2-46 13. Fasten the coaxial connector to the waveguide flange with three sets of M6×20  hex bolts, M6 spring washers and M6 nuts. 14. Tape the cable with two or more  turns of self-bonding tape then wrap  with PVC tape. 15. Secure the cable with fixing bands (supplied) or the op- tional cable clamping fixture (Type: 03-011-3228) to the  mast and to the wheelhouse structure. For the optional  through-deck cable gland, see the outline drawing at the  back of this manual. 16. Reconnect t"
test4_furuno_far2xx8_radar,"Test/Test 4/IME36520W_FAR2xx8 pg No 18-29,132,197-215.pdf",111,drawing_material_list,medium,image heuristic fallback,drawing_material_list,0.56,"2.  WIRING 2-47 RW-0013/RW-0030/03CA00099 (for Antenna cable) <RW-0013/03CA00099> <RW-0030> TPYCY-2.5 (for Motor power cable) 6 30 30 330 330 200 200 14 14 14 14 5 *: For 03CA00099 cable, do not  fold the shield as shown in  the following. Vinyl tape Crimp-on lug FV5.5-3,  supplied Inner shield Inner shield Clamp position (Wrap the outer shield a single time.) NOTE:  Do not wrap the shield more than twice. (unit: mm) 14 14 14 14 5 Folded shield Fabrication of the coaxial cable Inner shield Inner"
test4_furuno_far2xx8_radar,"Test/Test 4/IME36520W_FAR2xx8 pg No 18-29,132,197-215.pdf",112,index_page,medium,image heuristic fallback,index_page,0.58,2.  WIRING 2-48 DPYC-2.5 cable (for Power) Clamp the sheath with the cable clamp. RW-00339 (for Processor Unit) The end of the cable RW-00339 which connects to the Power Supply Unit is prefabri- cated. Clamp the cable at the outer shield which is wrapped on the outer sheath.  RW-4864/00136 (for sub monitor) The ends of the sub monitor cable are prefabricated. Clamp the cable at the outer  shield. 2.6.2 How to connect cables inside the Power Supply Unit Connect the ground wire between the ground 
test4_furuno_far2xx8_radar,"Test/Test 4/IME36520W_FAR2xx8 pg No 18-29,132,197-215.pdf",113,index_page,medium,image heuristic fallback,index_page,0.58,"2.  WIRING 2-49 Cable entrance There are two layers at the cable entrance on the front side of the Power Supply Unit,  upper and lower entrances. Remove the six M4 screws of total to set the cables on the  cable entrances. The lane for each cable is as shown below, referring to the Wiring Label attached on  the reverse side of the top cover. Connection of Antenna cable 1. Connect the lines of the cable to the appropriate WAGO connectors (TB701,  TB702 and TB703), referring to the interconnection"
test4_furuno_far2xx8_radar,"Test/Test 4/IME36520W_FAR2xx8 pg No 18-29,132,197-215.pdf",114,index_page,medium,image heuristic fallback,index_page,0.58,"2.  WIRING 2-50 • Shield line: Screw (C) • Coaxial cable: J716 through the wiring clamp (D). Then clamp the shield part of  the coaxial cable with the cable clamp (E). Connection of Motor power cable (From Antenna Unit) 1. Connect the lines of the cable to the appropriate WAGO connectors (TB713), re- ferring to the interconnection diagram at the back of this manual. 2. Set the motor power cable on the upper  cable entrance, and fasten the armor  part of the antenna cable with the cable  clamp. F"
test4_furuno_far2xx8_radar,"Test/Test 4/IME36520W_FAR2xx8 pg No 18-29,132,197-215.pdf",115,index_page,medium,image heuristic fallback,index_page,0.58,"2.  WIRING 2-51 Connection of Power cable 1. Loosen four screws on the front plate, then unfasten two screws on the cable  clamp to set the power cable. 2. Set the power cable on the cable entrance, and fasten the sheath part of the pow- er cable with the cable clamp. For the clamp position, see ""DPYC-2.5 cable (for  Power)"" on page 2-48. 3. Remove the plastic cover on TB1 to pass the power cable. 4. Connect the cable to TB1 with the pre-attached crimp-on lugs, referring to the wir- ing label ne"
test4_furuno_far2xx8_radar,"Test/Test 4/IME36520W_FAR2xx8 pg No 18-29,132,197-215.pdf",116,index_page,medium,image heuristic fallback,index_page,0.58,"2.  WIRING 2-52 3. Connect the lines of the cable for Processor Unit as shown below through the wir- ing clamp (B).  • Serial lines: TB704 • Shield line: Screw (A) • LAN cable: J503 Connection of cable for Control Unit 1. Connect the lines of the cable to the appropriate WAGO connectors (TB711 and  TB712), referring to the interconnection diagram at the back of this manual. 2. Set the heat shrinkable part of the cable for Control Unit on the appropriate lane  on the lower cable entrance, as show"
test4_furuno_far2xx8_radar,"Test/Test 4/IME36520W_FAR2xx8 pg No 18-29,132,197-215.pdf",117,drawing_only,low,drawing keyword,index_page,0.58,"2.  WIRING 2-53 3. Connect the cable for Control Unit to the connectors (TB711 and TB712) through  the appropriate wiring clamps (A) and (B). Connection of cable for sub monitor Up to four cables (RW-00136, RW- 4864) can be uses as sub monitor ca- bles. Set their cables on the specified  cable entrance as shown in the figure  to the right. 1. Set the shield part of the sub monitor cables on the appropriate lanes on the up- per/lower cable entrances as shown below. Fasten the shield part of the c"
test4_furuno_far2xx8_radar,"Test/Test 4/IME36520W_FAR2xx8 pg No 18-29,132,197-215.pdf",118,index_page,medium,image heuristic fallback,index_page,0.58,"2.  WIRING 2-54 2.7 Transceiver Unit The TR-DOWN radar requires the transceiver unit as follows: • Transceiver Unit RTR-108 for X-band radar (FAR-2328W) • Transceiver Unit RTR-109 for S-band radar (FAR-2338SW) 2.7.1 How to fabricate the cables For how to connect the LAN modular plug, see ""LAN cable"" on page 2-6. For how to  connect the WAGO connector, see ""WAGO connector"" on page 2-5.  TTYCYSLA-10 (for serial cable) Clamp the armor with the cable clamp. J710* (A) (A) (B) (B) J710* For RW-4864 ca"
test4_furuno_far2xx8_radar,"Test/Test 4/IME36520W_FAR2xx8 pg No 18-29,132,197-215.pdf",119,drawing_only,low,drawing keyword,index_page,0.58,"2.  WIRING 2-55 RW-00135 S03-92-15/30/40/50 (RW-00136 + connector, for a sub monitor) Note: The maximum cable length is 50 m. Clamp the armor with the cable clamp. 2.7.2 How to connect the cables from X-band radar antenna  Antenna cable, serial cable, sub monitor cable 1. Loosen eight bolts then remove the cover of the unit. 2. Unfasten three bolts from the cable clamp. Lay the cables in respective cable slots  so their armors rest in the slots. 3. Attach the appropriate WAGO connectors (pre-att"
test4_furuno_far2xx8_radar,"Test/Test 4/IME36520W_FAR2xx8 pg No 18-29,132,197-215.pdf",120,index_page,medium,image heuristic fallback,index_page,0.58,"2.  WIRING 2-56 • Destination of Antenna cable Power line: TB801 through the wiring clamp (A). LAN cable: J821 through the wiring clamps (A and B, three places.) Shield of power line: Screw (C) Shield of LAN cable: Screw (D) • Destination of cable for the sub monitor Signal line: TB803 through the wiring clamp (A). Coaxial cable: TB804 Shield of signal cable: Screw on fixing plate (C) • Destination of Serial cable from the Antenna Unit Serial cable: TB802 and TB803 through the wiring clamp (A). "
test4_furuno_far2xx8_radar,"Test/Test 4/IME36520W_FAR2xx8 pg No 18-29,132,197-215.pdf",121,index_page,medium,image heuristic fallback,index_page,0.58,"2.  WIRING 2-57 4. Bind all cables with cable ties supplied locally (two places). 5. Check that armor of cables are lying in their respective cable slots then fasten the  cable clamp. Flexible waveguide (FR-9) The RF interconnection between the Antenna Unit and the transceiver can be made  with a flexible waveguide (FR-9). If the rectangular waveguide is used, observe the fol- lowing installation guidelines.  • Correctly installed waveguide runs ensure the most efficient transmission of electri-"
test4_furuno_far2xx8_radar,"Test/Test 4/IME36520W_FAR2xx8 pg No 18-29,132,197-215.pdf",122,drawing_only,low,drawing keyword,index_page,0.58,"2.  WIRING 2-58 2.7.3 How to connect the cables from S-band radar antenna Antenna cable, serial cable, sub monitor 1. Loosen eight bolts then remove the cover of the unit. 2. Unfasten three bolts from the cable clamp. Lay the cables in their cable slots so  their armors rest in the slots. 3. Attach the appropriate WAGO connectors (pre-attached) to the appropriate ca- bles, and then connect the antenna, sub monitor and serial cables to the RF-TB  Board shown in the following figure. For how to co"
test4_furuno_far2xx8_radar,"Test/Test 4/IME36520W_FAR2xx8 pg No 18-29,132,197-215.pdf",123,index_page,medium,image heuristic fallback,index_page,0.58,2.  WIRING 2-59 • Destination of Serial cable from the Antenna Unit Serial cable: TB802 and TB803 through the wiring clamp (A). Shield of serial cable: Screw on fixing plate (D) 4. Bind all cables with cable ties supplied locally (two places). 5. Check that armor of cables are lying in their respective cable slots then fasten the  cable clamp. Microwave coaxial plug Attach the microwave coaxial plug to the coaxial cable. See the applicable FURUNO  technical information for the procedure. Attach 
test4_furuno_far2xx8_radar,"Test/Test 4/IME36520W_FAR2xx8 pg No 18-29,132,197-215.pdf",124,index_page,medium,image heuristic fallback,index_page,0.58,"2.  WIRING 2-60 2.8 Processor Unit 2.8.1 How to fabricate cables For locations of cables and cores, see the sticker on the reverse side of the top cover.  (All dimensions in millimeters) For how to connect the LAN modular plug, see ""LAN cable"" on page 2-6. For how to  connect the WAGO connector, see ""WAGO connector"" on page 2-5.  RW-00135/RW-00339 (for Antenna cable) Note: For the 1.5 m of RW-00339 cable (for FAR-2258/2268DS radar), fabrication is  not required. RW-9600/6895/4873 (for retrofit o"
test4_furuno_far2xx8_radar,"Test/Test 4/IME36520W_FAR2xx8 pg No 18-29,132,197-215.pdf",125,index_page,medium,image heuristic fallback,index_page,0.58,"2.  WIRING 2-61 DPYC-2.5/6 cable (for Power) Clamp the sheath with the cable clamp. For the supplied crimp-on lugs, use FV2-4 for  AC power cable, FV5.5-4 for DC power cable. TTYCSLA series cable (for serial) 2.8.2 How to connect cables inside the Processor Unit Connect the ground wire between the ground termi- nal on the chassis and the ship’s earth. How to open/close the top cover Unfasten six screws (M4×8) to open the top cover  from the Processor Unit. After the appropriate cable connections"
test4_furuno_far2xx8_radar,"Test/Test 4/IME36520W_FAR2xx8 pg No 18-29,132,197-215.pdf",126,index_page,medium,image heuristic fallback,index_page,0.58,"2.  WIRING 2-62 Connection of Antenna cable For existing antenna cable, see section 2.10 ""LAN Signal Converter"". 1. Remove the spacers to pass the antenna cable on the upper plate. 2. Fasten the cable to the post part of the plate with a cable tie (local supply). Con- nect the inner/outer shields and the extra wires of the existing cable to the ground  terminal. Note: Be sure the vinyl sheath of the cables is on the post. 3. Pass the cable to connect the WAGO connector on the TB Board 03P9648  t"
test4_furuno_far2xx8_radar,"Test/Test 4/IME36520W_FAR2xx8 pg No 18-29,132,197-215.pdf",127,index_page,medium,image heuristic fallback,index_page,0.58,"2.  WIRING 2-63 4. Remount the plastic cover and the power cable cover. Connection of cables for serial, contact signal lines and sub monitors of EC- DIS 1. Unfasten the four bolts dashed circled below to remove the upper plate of the ca- ble clamp. 2. Remove the spacers to pass the appropriate cables on the upper and lower  plates. The recommended cable entrances are shown as below. 3. Fasten the cables to the post part of the plates with cable ties (local supply). Note: Be sure the vinyl sheat"
test4_furuno_far2xx8_radar,"Test/Test 4/IME36520W_FAR2xx8 pg No 18-29,132,197-215.pdf",128,drawing_only,low,drawing keyword,index_page,0.58,"2.  WIRING 2-64 4. Pass the cables to the TB board 03P9648 and  03P9562 through the wiring clamps (A, B and C) in  the figure shown right. For the cables on the upper plate, use wiring clamps  (A and B). For the cables on the lower plate, use wiring clamps  (A, B and C). 5. Connect the connectors to the TB Board. referring to  the interconnection diagram. 6. Connect the ground wires of cables to the near ground terminals on the plates. Connection of cables for Control Unit 1. Unfasten the four b"
test4_furuno_far2xx8_radar,"Test/Test 4/IME36520W_FAR2xx8 pg No 18-29,132,197-215.pdf",129,index_page,medium,matrix/cross-reference keywords,index_page,0.58,"2.  WIRING 2-65 3.  Fasten the cable to the post part of the plate  with a cable tie (local supply). Note: Be sure the vinyl sheath on the post. 4. Pass the cables to the TB board 03P9648 and clamp the shield of the cable with  the cable clamp (A) shown in the following figure. Then, connect to J611 and J612. Connection of cable of LAN, Monitor Unit, VDR Connect the cables of Intelligent HUB (HUB-3000) and Switching HUB (HUB-100) to  the LAN ports in front of the Processor Unit. Connect the cabl"
test4_furuno_far2xx8_radar,"Test/Test 4/IME36520W_FAR2xx8 pg No 18-29,132,197-215.pdf",130,drawing_only,low,drawing keyword,index_page,0.58,"2.  WIRING 2-66 Fastening of USB connector (for C-type radars) The USB connector of the RP board should be fas- tened as shown in the figure to the right. Use three  cable ties (local supply) to secure the connector of  the USB cable to the upper cable entrance of the  Processor Unit. If there is no extra space on the cable entrance of  the Processor Unit and you can not secure the ca- ble connector, pass the USB cable next to the thin- nest cable (cable entrance with the most room to  spare), t"
test4_furuno_far2xx8_radar,"Test/Test 4/IME36520W_FAR2xx8 pg No 18-29,132,197-215.pdf",131,index_page,medium,image heuristic fallback,index_page,0.58,2.  WIRING 2-67 RGB signal from the DVI-I. See the operator’s manual supplied with the VDR. Ad- justment of the output is necessary. Menu Setting (For MU series monitors) The [INSTALLATION SETTING] menu appears only when the power is turned on for  the first time after installation of the monitor unit. Adjust the settings referring to the following table. *: [DVI PWR SYNC] is the slide switch at the bottom rear of the monitor unit. Confirm  that this switch is set to [ON] (default setting). See 
test4_furuno_far2xx8_radar,"Test/Test 4/IME36520W_FAR2xx8 pg No 18-29,132,197-215.pdf",132,repair_kit,high,equipment list page from runner,,,
test4_furuno_far2xx8_radar,"Test/Test 4/IME36520W_FAR2xx8 pg No 18-29,132,197-215.pdf",133,index_page,medium,image heuristic fallback,index_page,0.58,"2.  WIRING 2-69 Method 2: Using antenna cable RW-9600 2.10.2 Wiring in the Antenna Unit with LAN Signal Converter pre-in- stalled (X-band radar only) Note: If the Antenna Unit does not included the LAN Signal Converter, the converter  kit (available as an optional extra) is required. See ""LAN Signal Converter Kit  (option)"" on page 2-68. Dismount the transceiver unit in the Antenna Unit. See section 2.2.2, for details.  1. Unfasten the coaxial cable from the converter in the Antenna Unit, then u"
test4_furuno_far2xx8_radar,"Test/Test 4/IME36520W_FAR2xx8 pg No 18-29,132,197-215.pdf",134,index_page,medium,image heuristic fallback,index_page,0.58,"2.  WIRING 2-70 2.10.3 Wiring in the Processor Unit installed the LAN Signal Convert- er already (X-band radar only) 1. Disconnect the connection (A) between the converter and BNC case. Unfasten  two screws (B) on the BNC case assembly to remove the BNC case assembly  from the Processor Unit. 2. Loosen two screws on the BNC case. Attach the coaxial cable from the Antenna  Unit. 3. Loosen the screws (C) on the BNC case assembly,  then attach the BNC case assembly to the original  position in the "
test4_furuno_far2xx8_radar,"Test/Test 4/IME36520W_FAR2xx8 pg No 18-29,132,197-215.pdf",135,index_page,medium,image heuristic fallback,index_page,0.58,"2.  WIRING 2-71 Note: The TEST button is for factory use. Do not operate the button. 2.11 Junction Box (option) For X-band radars, the Junction boxes are  required when the distance between the An- tenna Unit and Processor Unit is greater than  100 meters (max. 460 meters); for example,  the Antenna Unit is installed on the foremast.  Use signal cable RW-9600 (×2), power cable  DPYCY-6 (×3), and coaxial cable RG-12/ UY(×3). Pass each cable through its cable gland as  shown to the right. LAN OFF "
test4_furuno_far2xx8_radar,"Test/Test 4/IME36520W_FAR2xx8 pg No 18-29,132,197-215.pdf",136,index_page,medium,image heuristic fallback,index_page,0.58,2.  WIRING 2-72 2.12 Intelligent HUB (option) Secure the LAN cables to the cable clamps on the HUB-3000 with cable ties (sup- plied). 2.13 VDR Connection The Processor Unit has the DVI-I port or the LAN port for connection of a VDR. 2.13.1 DVI-I (Analog RGB) port connection • Use the optional RGB cable (DVI-BNCX5+GND-L2.0) to connect the VDR. • The DVI-D port and DVI-I port have their own circuits. This prevents interruption of  the radar picture shown on the main monitor connected to the DVI-D 
test4_furuno_far2xx8_radar,"Test/Test 4/IME36520W_FAR2xx8 pg No 18-29,132,197-215.pdf",137,index_page,medium,contents/index keyword,index_page,0.58,"3-1 3. ADJUSTMENTS Note: After completing the settings and adjustments, copy the setting data to a SD- card* (USB flash memory* for C-type radars), referring to the Operator's Manual. This  will allow easy restoration of setting data after the MAIN Board is replaced, etc.  *: The SD card slot is in front of the Processor Unit, and the USB flash memory slot is  connected to the RP board 03P9657. At the first start-up after installation, turn on  the Processor Unit with the main switch. Open  the "
test4_furuno_far2xx8_radar,"Test/Test 4/IME36520W_FAR2xx8 pg No 18-29,132,197-215.pdf",138,index_page,medium,contents/index keyword,index_page,0.58,3.  ADJUSTMENTS 3-2 RCU-015/016 RCU-031 How to Use the Menu 1. Press the Power key to turn on the unit. 2. Press the MENU key or click the [MENU] box to  open the main menu. The [RADAR INSTALLATION] menu does not ap- pear when the unit is first turned on. It appears on  the main menu after displaying it by following the  procedures on the section 3.1 and is displayed until  the unit is turned off. 3. Operate the track ball or the mouse wheel to select  a menu item then click the left button. 4. 
test4_furuno_far2xx8_radar,"Test/Test 4/IME36520W_FAR2xx8 pg No 18-29,132,197-215.pdf",139,index_page,medium,image heuristic fallback,index_page,0.58,"3.  ADJUSTMENTS 3-3 3.1 Radar Installation Menu The [RADAR INSTALLATION] menu has various items through two pages for adjust- ment of the radar. To show this menu;  For RCU-014/031: Press and hold the HL OFF key, then press the MENU key five  times. For RCU-015/016: Put the cursor on the [MENU] box. Press and hold the F1 key, then  right-click five times. Tuning initialization Tuning initialization is required before setting up the radar. Open the main menu then select [ECHO]→  [TUNING INITIALIZ"
test4_furuno_far2xx8_radar,"Test/Test 4/IME36520W_FAR2xx8 pg No 18-29,132,197-215.pdf",140,drawing_only,low,drawing keyword,index_page,0.58,"3.  ADJUSTMENTS 3-4 In practice, you will probably observe some small bearing error on the display because  of the difficulty in achieving accurate initial positioning of the Antenna Unit. The follow- ing adjustment will compensate for this error. 1. Select a stationary target echo at a range between 0.125 and 0.25 NM, preferably  near the heading line. 2. Operate the EBL control to bisect the target echo. 3. Read the target bearing. 4. Measure the bearing of the stationary target on a navigatio"
test4_furuno_far2xx8_radar,"Test/Test 4/IME36520W_FAR2xx8 pg No 18-29,132,197-215.pdf",141,index_page,medium,image heuristic fallback,index_page,0.58,"3.  ADJUSTMENTS 3-5 3.4 How to Suppress Main Bang Main bang is the clutter at the center of the screen that you typically see on the radar  display, and it may mask close-in targets. If main bang appears at the screen center,  suppress it as follows. 1. Transmit the radar on a long range and then wait ten minutes. 2. Adjust the gain to show a slight amount of noise on the display. 3. Select the 0.125 NM range, and turn off the A/C SEA and A/C RAIN controls. 4. Show the [RADAR INSTALLATION] menu,"
test4_furuno_far2xx8_radar,"Test/Test 4/IME36520W_FAR2xx8 pg No 18-29,132,197-215.pdf",142,index_page,medium,image heuristic fallback,index_page,0.58,"3.  ADJUSTMENTS 3-6 When using the number keys, the indication is first selected as a whole. At this time,  you can toggle between plus ""+"" or minus ""-"". Press the 8 key for ""-"", press the 2 key  for ""+"". If single digits are highlighted, toggle is not possible. In this case, press the  CANCEL/TRAILS key to re-highlight the whole indication. [RING SUPPRESSION] Remove “ring” noise which appears with the waveguide type radars. Adjust so the  rings disappear at the range of 0.125 m. The setting ran"
test4_furuno_far2xx8_radar,"Test/Test 4/IME36520W_FAR2xx8 pg No 18-29,132,197-215.pdf",143,index_page,medium,image heuristic fallback,index_page,0.58,"3.  ADJUSTMENTS 3-7 [CLOSE TGT ES LEVEL] Select the effect level of the echo stretch around own ship which is selected in  [CLOSE TGT ES MODE] among six enlarging patterns. The higher the number the  greater the amount of stretch. To disable echo stretch, select [OFF] (default).  The six enlarging patterns are shown in the table below, “Distance 1” means that the  distance is closer to the own ship, and “Distance 3” means that the distance gets far- ther. “Distance 3” is about half of display ra"
test4_furuno_far2xx8_radar,"Test/Test 4/IME36520W_FAR2xx8 pg No 18-29,132,197-215.pdf",144,drawing_only,low,drawing keyword,index_page,0.58,"3.  ADJUSTMENTS 3-8 3.5.2 [OWN SHIP INFO] menu Enter the length and width of the ship, and scanner, GPS antenna and conning posi- tions, referring to the description and figure below. Note: This radar uses [CONNING POSITION] for CCRP and [SCANNER POSITION]  for ANT as reference points for measurements and calculations. The commissioning  engineer should understand this point, and enter own ship information accordingly. Open the main menu then select [RADAR INSTALLATION]→ [OWN SHIP INFO] to  open"
test4_furuno_far2xx8_radar,"Test/Test 4/IME36520W_FAR2xx8 pg No 18-29,132,197-215.pdf",145,index_page,medium,image heuristic fallback,index_page,0.58,"3.  ADJUSTMENTS 3-9 3.5.3 [SCANNER] menu Open the main menu then select [RADAR INSTALLA- TION]→ [SCANNER] to open the [SCANNER] menu. [SECTOR BLANK1(2)] Set area(s) where to prevent transmission. Heading must  be properly aligned (see section 3.2) before setting any  blind sector. For example, set the area where an interfer- ing object at the rear of the antenna would produce a dead  sector (area where no echoes appear) on the display. To  enter an area, enter start bearing relative to the headi"
test4_furuno_far2xx8_radar,"Test/Test 4/IME36520W_FAR2xx8 pg No 18-29,132,197-215.pdf",146,index_page,medium,image heuristic fallback,index_page,0.58,"3.  ADJUSTMENTS 3-10 [DUAL RADAR SETTINGS] When installing two FAR-2xx8 series radars, the im- age from both radars (main radar and external radar)  may be shown together on one radar display. Note 1: This function is NOT available between the  FAR-2xx8 radar and other radars. Note 2: This function is available only for A/B type  radars using software version 01.**/03.**. Note 3: This function is not available when [HSC] is  set to [ON]. Note 4: When [COMBINE] is selected, some func- tion are un"
test4_furuno_far2xx8_radar,"Test/Test 4/IME36520W_FAR2xx8 pg No 18-29,132,197-215.pdf",147,drawing_only,low,drawing keyword,index_page,0.58,"3.  ADJUSTMENTS 3-11 • [COMBINE SECTOR]: Set the start position  and angle of the sector, referring to the exam- ple to the right. [START]: Start point of the sector (default:  000°, 000°to 359°) [ANGLE]: Horizontal width of the sector (de- fault: 001°, 001°to 360°) • [COMBINE RANGE]: Set the vertical width of  sector. [START]: Distance from reference point to sec- tor (default: 00.00, 00.00 to 99.99) [LENGTH]: Vertical length of sector (default:  00.01, 00.01 to 99.99) The setting example is sh"
test4_furuno_far2xx8_radar,"Test/Test 4/IME36520W_FAR2xx8 pg No 18-29,132,197-215.pdf",148,index_page,medium,image heuristic fallback,index_page,0.58,"3.  ADJUSTMENTS 3-12 3.5.4 [INSTALLATION] menu Open the main menu then select [RADAR INSTALLATION]→ [INSTALLATION] to  open the [INSTALLATION] menu through two pages. On the page 1, select [NEXT] to  open the page 2. [RANGE UNIT] For B/C/W-type radars, select the range unit, [NM], [SM], [KM] or [kyd] then push the  left button. For the all other radar types, the range unit is fixed at [NM] so this menu is  not shown. [RADAR No.] For multiple radar system using the network hub, set number (name) "
test4_furuno_far2xx8_radar,"Test/Test 4/IME36520W_FAR2xx8 pg No 18-29,132,197-215.pdf",149,index_page,medium,contents/index keyword,index_page,0.58,"3.  ADJUSTMENTS 3-13 • [30UP]: For FAR-2238S(-BB)/2338S • [30DOWN]: For FAR-2338SW • [S-NXT]: For FAR-2238S-NXT(-BB)/2338S-NXT • [50]: For FAR-2258 • [60]: For FAR-2268DS • [X-NXT]: For FAR-2228-NXT(-BB)/2328-NXT [TYPE] Select the type of radar.                                                                          (: Available,  —: Not available) [ON TIME], [TX TIME] These items show the number of hours the radar has been turned on and transmitted,  respectively. Value can be changed; for ex"
test4_furuno_far2xx8_radar,"Test/Test 4/IME36520W_FAR2xx8 pg No 18-29,132,197-215.pdf",150,index_page,medium,image heuristic fallback,index_page,0.58,"3.  ADJUSTMENTS 3-14 2. Select [PM GAIN ADJ] then spin the scrollwheel so that the outer arc faintly ap- pears. The setting range is 0 to 255 (default: 255). Wait at least eight scans then  right click to set. Note: Turn off a stern blind sector before adjusting the PM gain, to display the  echo from the performance monitor properly. [PM GRAPH RESET] This menu is active only when the PM is connected to the Antenna Unit. Select [YES] to reset all PM graphs, after replacing the magnetron. Note 1: "
test4_furuno_far2xx8_radar,"Test/Test 4/IME36520W_FAR2xx8 pg No 18-29,132,197-215.pdf",151,index_page,medium,image heuristic fallback,index_page,0.58,"3.  ADJUSTMENTS 3-15 [ANT CABLE] Select the method of connection between the radar  sensor and the Processor Unit. [LAN] (LAN cable only)  or [LAN+COAXIAL] (LAN and coaxial cables). Select  [LAN+COAXIAL] when the optional LAN Signal Converter is installed. [ICE MODE SETTINGS] For the radars using software version 01.**/03.**. To activate this settings, the paid un- lock code is required. For the unlock code purchase, contact your dealer. [RADAR] Select radar from [MAIN] or [SUB] to activate the "
test4_furuno_far2xx8_radar,"Test/Test 4/IME36520W_FAR2xx8 pg No 18-29,132,197-215.pdf",152,index_page,medium,image heuristic fallback,index_page,0.58,"3.  ADJUSTMENTS 3-16 Note: [48NM] is available only for the [MODEL] setting is set to [50] or [60] (see  ""[MODEL]"" on page 3-12). [TT ECHO LEVEL] Set the detection level of echoes. The setting range is 1 to 31 (default: 13). [QV DISPLAY] This function is used for diagnostic purposes. • [OFF]: Normal picture (default) • [ON]: Quantized video. Default setting is restored when the power is turned off. [TT W/O GYRO] Select [ON] to use TT without a gyro (default: [OFF]). If [OFF] is selected, TT can "
test4_furuno_far2xx8_radar,"Test/Test 4/IME36520W_FAR2xx8 pg No 18-29,132,197-215.pdf",153,index_page,medium,image heuristic fallback,index_page,0.58,"3.  ADJUSTMENTS 3-17 [TRACK PRESET] • [GATE SIZE]: Set the gate size among [S], [M], [L] or [LL]  (default: [M]) • [FILTER RESPONSE]: Set the filter response function.  The setting range is 1 to 4. [1]: Filter response is improved (default). [4]: Filter stability is improved. • [LOST COUNT]: Set the number of scans to allow before  a target is declared a lost target. The setting range is 1 to  20 scans (default: [9SCAN]). • [MAX SPEED]: Set the maximum tracking speed. The  setting range is 40 to"
test4_furuno_far2xx8_radar,"Test/Test 4/IME36520W_FAR2xx8 pg No 18-29,132,197-215.pdf",154,drawing_only,low,drawing keyword,index_page,0.58,"3.  ADJUSTMENTS 3-18 • [ALERT OUT TYPE]: Select the alert out type. [ALERT OUT]: Alert out when the alert occurs (default). [ALERT ACK]: Alert out when the alert is acknowledged. [OPERATER FITNESS]: Alert is output five seconds after some operation is per- formed (key, trackball, etc.). • [ALERT OUT POLARITY]: Select the alert out polarity, [NORMAL] (default) or [IN- VERT]. Note: For category A alert, there are two types of output operations, “A” and “C”. To  inform the AMS of category A alerts "
test4_furuno_far2xx8_radar,"Test/Test 4/IME36520W_FAR2xx8 pg No 18-29,132,197-215.pdf",155,index_page,medium,image heuristic fallback,index_page,0.58,"3.  ADJUSTMENTS 3-19 The available alerts are as follows: <For IMO-type radars using software version 01.**/03.**> <For Fishing specifications radars using software version 50.**> To monitor for Processor Unit failure, connect SYS_FAIL and PWR_FAIL from ter- minal J613 in the Processor Unit to the AMS. ALERT DATA OUT Select the alert output format, [ALR] or [ALF] (default). After changing this setting, the  system should be reboot. AIS ALERT I/F Set the AIS alert interface. [OFF] does not output"
test4_furuno_far2xx8_radar,"Test/Test 4/IME36520W_FAR2xx8 pg No 18-29,132,197-215.pdf",156,index_page,medium,image heuristic fallback,index_page,0.58,"3.  ADJUSTMENTS 3-20 LOG(BT) ALERT Select [ON] to activate alert ""NO LOG(BT) SIGNAL"" for signal loss of speed over  ground. LOG(WT) ALERT Select [ON] to activate alert ""NO LOG(WT) SIGNAL"" for signal loss of speed through  water. 3.5.8 [INPUT PORT SETTINGS] menu The input signals to the ports on the Processor Unit are shown below. Default setting Setting for multiple sensors The input signal setting for each port can be set in the [INPUT PORT SETTINGS]  menu. PROCESSOR  UNIT RPU-025 Gyrocompass  "
test4_furuno_far2xx8_radar,"Test/Test 4/IME36520W_FAR2xx8 pg No 18-29,132,197-215.pdf",157,drawing_only,low,drawing keyword,index_page,0.58,"3.  ADJUSTMENTS 3-21 Open the main menu then select [RADAR INSTALLA- TION]→ [INPUT PORT SETTINGS] to open the [IN- PUT PORT SETTINGS] menu. How to set the port setting of each data; 1. Select the data for port setting in the [INPUT  PORT SETTING] menu. 2. Select the port setting, [SERIAL] or [LAN2]. 3. For serial port connections, select the source in  [SERIAL SETTING].  Note: [AMS] is not available for IMO-type radars. 4. For LAN2 port connections, enter the connected equipment ID at [LAN2 SET-"
test4_furuno_far2xx8_radar,"Test/Test 4/IME36520W_FAR2xx8 pg No 18-29,132,197-215.pdf",158,drawing_only,low,drawing keyword,index_page,0.58,"3.  ADJUSTMENTS 3-22 [LOG], [HEADING] The speed data and heading  data have two ports to input the  source data shown in the follow- ing figure. • Speed data: [LOG1] and  [LOG2] ports in [LOG]. For multiple signal input, set  the ports as follows: [LOG1 SERIAL SETTINGS]→  [LOG] [LOG2 SERIAL SETTINGS]→  [ECDIS] • Heading data: [HDG1] and [HDG2] ports in [HEADING] For multiple signal input, set the ports as follows: [GYRO1 SERIAL SETTINGS]→ [HDG] [GYRO2 SERIAL SETTINGS]→ [ECDIS] Note: Do not set t"
test4_furuno_far2xx8_radar,"Test/Test 4/IME36520W_FAR2xx8 pg No 18-29,132,197-215.pdf",159,index_page,medium,image heuristic fallback,index_page,0.58,"3.  ADJUSTMENTS 3-23 3.5.9 [NET WORK SETTINGS] menu Open the main menu then select [RADAR INSTAL- LATION]→ [NEXT]→ [NETWORK SETTINGS] to  open the [NETWORK SETTINGS] menu. Note 1: Network settings should be done while the  radar is disconnected from the LAN network, as a  standalone radar. Note 2: The system restarts automatically after the  network settings are changed. Note 3: When you change the radar number, this  equipment restarts automatically. After restarting,  confirm the IP address in"
test4_furuno_far2xx8_radar,"Test/Test 4/IME36520W_FAR2xx8 pg No 18-29,132,197-215.pdf",160,index_page,medium,image heuristic fallback,index_page,0.58,"3.  ADJUSTMENTS 3-24 For the program version 03.**, select network class [CLASS B] or [CLASS C]. If [DE- FAULT] is selected, reboot the system with [CLASS C] and the IP address is set to  192. 168. 000. 001. *: For the program version 03.** [MULTICAST ADDRESS] Set the multicast address with the cursor and the keypad. [VDR SETTINGS] Note: This menu is NOT available for C-type radars. • [VDR LAN OUTPUT]: Select [ON] to output the VDR  signal through LAN connection.  For [ON], set the multicast por"
test4_furuno_far2xx8_radar,"Test/Test 4/IME36520W_FAR2xx8 pg No 18-29,132,197-215.pdf",161,index_page,medium,image heuristic fallback,index_page,0.58,"3.  ADJUSTMENTS 3-25 [RX SETTINGS] Select [ON] to receive the following data signals: • [MISC]: Other equipment data (sensor of engine etc.) • [TGTD]: Target data • [SATD]: Satellite data • [NAVD]: Navigation data • [TIME]: Time • [PROP]: Specified data by manufacturer or user • [CAM1], [CAM2]: Alert management data (ACK,  ACN and HBT sentences) Note: This menus are available only on the radars  using software version “03.**”. TX SETTINGS • [BAM PORT SETTING]: Select the port which trans- mits d"
test4_furuno_far2xx8_radar,"Test/Test 4/IME36520W_FAR2xx8 pg No 18-29,132,197-215.pdf",162,index_page,medium,image heuristic fallback,index_page,0.58,"3.  ADJUSTMENTS 3-26 [DEMO ECHO] Select the type of simulated echo to use. [EG-3000] (Echo Generator), [TT-TEST],  [PC] or [EG-4000]. Select [OFF] to deactivate this feature (default: [OFF]). [EAV W/O GYRO] The echo averaging feature can be used without a gyrocompass. Select [ON] to use  the feature without a gyrocompass (default: [OFF]). [ECDIS] Select the ECDIS communication method, [SERIAL] or [LAN]. Select [OFF] for no EC- DIS connection (default: [OFF]). [EXT BRILL CONTROL] Select [ON] to a"
test4_furuno_far2xx8_radar,"Test/Test 4/IME36520W_FAR2xx8 pg No 18-29,132,197-215.pdf",163,index_page,medium,image heuristic fallback,index_page,0.58,"3.  ADJUSTMENTS 3-27 [SHUTTLE FERRY SWITCH] Note: This menu is NOT available on the radars with software version 50.**. Select a port to detect a navigation direction of a shuttle ferry (default: [RS-232C]). [ECDIS ROUTE DISPLAY] Note: This menu is NOT available on the radars with software version 50.**. Select [NORMAL] to show the routes with a straight lines, [LEGACY] to show the  routes with a curve lines. [ARPA OUTPUT PORT] Select the TT output setting for LAN. For normal use, select [LEGACY"
test4_furuno_far2xx8_radar,"Test/Test 4/IME36520W_FAR2xx8 pg No 18-29,132,197-215.pdf",164,index_page,medium,image heuristic fallback,index_page,0.58,"3.  ADJUSTMENTS 3-28 5. Select [RUN]. The message ""PROCESS- ING. PLEASE WAIT."" appears, then the  [CHART ADMINISTRATION] menu ap- pears. 6. Select [COPY CHART FROM USB DE- VICE] to display the list for data in the USB flash memory. 7. Select the chart data to copy. 8. Select [SELECT CHART TO COPY]. The confirmation message appears. 9. Select [RUN] to copy the chart data. 10. Click the left button. 11. Do one of the following methods to unlock the chart data. How to unlock the chart data automati"
test4_furuno_far2xx8_radar,"Test/Test 4/IME36520W_FAR2xx8 pg No 18-29,132,197-215.pdf",165,index_page,medium,image heuristic fallback,index_page,0.58,"3.  ADJUSTMENTS 3-29 1. Connect the USB flash memory with chart data on it in the USB drive from the RP  board. 2. Press the MENU key to open the main menu. 3. Select [INITIAL SETTINGS]. 4. Select [UPDATE CHART]. The following message appears. 5. Select [RUN]. The message ""PROCESS- ING. PLEASE WAIT."" appears, then the  [CHART ADMINISTRATION] menu ap- pears. After restarting, the unlock code is saved in  the USM flash memory. The file name is 20  characters of this system ID, file extension:  uc."
test4_furuno_far2xx8_radar,"Test/Test 4/IME36520W_FAR2xx8 pg No 18-29,132,197-215.pdf",166,drawing_only,low,image heuristic fallback,drawing_only,0.5,3.  ADJUSTMENTS 3-30 This page is intentionally left blank. 
test4_furuno_far2xx8_radar,"Test/Test 4/IME36520W_FAR2xx8 pg No 18-29,132,197-215.pdf",167,index_page,medium,contents/index keyword,index_page,0.58,"4-1 4. INPUT/OUTPUT DATA 4.1 Processor Unit Input and output data are shown in the table below. Note: This radar accepts position data fixed by WGS-84 geodetic datum only. Set the  datum to WGS-84 on the EPFS (GPS, etc.) connected to this radar. If other type of  datum is input, the error message ""DATUM"" appears and the AIS feature is inopera- tive. Input *: Data input cycle must be more than 40 Hz (high speed craft) or 20 Hz (conventional  ships). **: For C-type radars only Data Specification C"
test4_furuno_far2xx8_radar,"Test/Test 4/IME36520W_FAR2xx8 pg No 18-29,132,197-215.pdf",168,index_page,medium,contents/index keyword,index_page,0.58,"4.  INPUT/OUTPUT DATA 4-2 Output **: These sentences are output in order of targets close to the own ship. The output  sentence and mode can be set at the [TT PRESET] menu (See section 3.5.5). The  baudrate can be set at the [BAUD RATE] menu (See section 3.5.6).  IEC 61162 input sentence and priority Data Specification Contents Remarks Radar system  data IEC 61162-1, RS-232C, IEC 61162-450 RSD, OSD, TLL For ECDIS, PC plotter TT data** IEC 61162-1, IEC 61162-450 TTD, TTM, TLB For ECDIS  Alert han"
test4_furuno_far2xx8_radar,"Test/Test 4/IME36520W_FAR2xx8 pg No 18-29,132,197-215.pdf",169,index_page,medium,contents/index keyword,index_page,0.58,"4.  INPUT/OUTPUT DATA 4-3 *1: THS and HDT are IEC 61162-2. All other sentences are IEC 61162-1 ed5. *2: For retrofit. *3: To priority of GLL data, see ""[PRIORITIZE GLL]"" on page 3-21. *4: NOT for IMO-type radars installed with software version 01.**/03.**. *5: For C-type radars. *6: NOT for the radars installed with software version 03.**. IEC 61162 output sentence *: NOT for the radars installed with software version 03.**. Alert  interface The alert interface for this equipment are shown as fo"
test4_furuno_far2xx8_radar,"Test/Test 4/IME36520W_FAR2xx8 pg No 18-29,132,197-215.pdf",170,spare_parts_table,low,image heuristic fallback,spare_parts_table,0.48,4.  INPUT/OUTPUT DATA 4-4 OP_TRIG_ OUT • Voltage (V): 0 to 12 V • Impedance: 110 Ω • Pulse width (PW):     5 to 15 μs (magnetron radar)    8 μs (solid state radar)    5 μs (ECDIS overlay) OP_VIDEO _OUT • Video: 4 Vp-p/100 dB • Impedance: 75 Ω Signal  Name Specification Signal and timing PW 12V 㼂 0V OP TRIG OUT -4V Video 0V OP VIDEO OUT Video: Video signal  (75 ohm terminated) 0 NM 0 NM 
test4_furuno_far2xx8_radar,"Test/Test 4/IME36520W_FAR2xx8 pg No 18-29,132,197-215.pdf",171,drawing_only,low,drawing keyword,index_page,0.58,AP-1 APPX. 1 JIS CABLE GUIDE Core Type                 Area          Diameter The following reference table lists gives the measurements of JIS cables commonly used with Furuno products: TTYCSLA-4 MPYC-4 TPYCY  DPYCY  Cable  Diameter DPYC-1.5  1.5mm2  1.56mm  11.7mm DPYC-2.5  2.5mm2  2.01mm  12.8mm DPYC-4  4.0mm2  2.55mm  13.9mm DPYC-6  6.0mm2  3.12mm  15.2mm DPYC-10  10.0mm2  4.05mm  17.1mm DPYCY-1.5  1.5mm2  1.56mm  13.7mm DPYCY-2.5  2.5mm2  2.01mm  14.8mm DPYCY-4  4.0mm2  2.55mm  15.9mm MPYC-
test4_furuno_far2xx8_radar,"Test/Test 4/IME36520W_FAR2xx8 pg No 18-29,132,197-215.pdf",172,index_page,medium,image heuristic fallback,index_page,0.58,"AP-2 APPX. 2 DIGITAL INTERFACE Digital Interface • Input sentence ABK, ACK, ACN, ALR, BWC, BWR, CUR, DBK*1, DBS*1, DBT, DDC, DPT, DTM, GGA, GLL,  GNS, HBT, HDG*2, HDM*2, HDT*1, MTW, MWV, OSD, RAQ, RMB, RMC, ROT, RTE, THS,  TLL*3, TTM*2, VBW, VDM, VDO, VDR, VHW, VSD, VTG, VWR*1, VWT*1, WPL, ZDA • Output sentences ABM, ACK*4, AIQ, ALC, ALF, ALR, ARC, BBM, DDC, EVE, HBT, OSD, RSD, TLB, TLL*3, TTD,  TTM, VSD *1: For retrofit. *2: For C-type radars. *3: NOT for IMO/A-type radars installed with softwa"
test4_furuno_far2xx8_radar,"Test/Test 4/IME36520W_FAR2xx8 pg No 18-29,132,197-215.pdf",173,index_page,medium,image heuristic fallback,index_page,0.58,"APPX. 2 DIGITAL INTERFACE AP-3 ACK - Acknowledge alarm ACN - Alert command ALR - Set alarm state BWC - Bearing and distance to waypoint – Great circle BWR - Bearing and distance to waypoint – Rhumb line $--ACK,xxx*hh<CR><LF>                   1         1. Unique alarm number (identifier) at alarm source (000 to 999) $--ACN,hhmmss.ss,aaa,x.x,x.x,ca,a*hh<CR><LF>                        1            2     3   4   5  6           1. Time (hh=00 to 23, mm=00 to 59, ss.ss=00.00 to 60.99, null) 2. Manufa"
test4_furuno_far2xx8_radar,"Test/Test 4/IME36520W_FAR2xx8 pg No 18-29,132,197-215.pdf",174,index_page,medium,image heuristic fallback,index_page,0.58,"APPX. 2 DIGITAL INTERFACE AP-4 CUR - Water current layer – Multi-layer water current data DBK - Depth below keel DBS - Depth below surface DBT - Depth below transducer DDC - Display dimming control DPT - Depth $--CUR,A,x,x.x,x.x,x.x,a,x.x,x.x,x.x,a,a*hh<CR><LF>             1  2  3   4    5  6   7   8   9  1011   1. Validity of data (A=Valid) 2. Data set number (No use) 3. Layer number (1 to 5) 4. Current depth in meters (No use) 5. Current direction in degrees (0.0 to 359.9) 6. Direction referen"
test4_furuno_far2xx8_radar,"Test/Test 4/IME36520W_FAR2xx8 pg No 18-29,132,197-215.pdf",175,index_page,medium,image heuristic fallback,index_page,0.58,"APPX. 2 DIGITAL INTERFACE AP-5 DTM - Datum reference GGA - Global positioning system fix data GLL - Geographic position, latitude/longitude GLL - Future position $--DTM,ccc,a,x.x,a,x.x,a,x.x,ccc*hh<CR><LF>                1  2  3  4  5   6  7    8 1. Local datum (W84=WGS84, W72=WGS72, S85=SGS85, P90=PE90, three characters) 2. Local datum subdivision code (No use) 3. Lat offset, min (No use) 4. N/S (No use)  5. Lon offset, min (No use) 6. E/W (No use)  7. Altitude offset, meters (No use) 8. Refere"
test4_furuno_far2xx8_radar,"Test/Test 4/IME36520W_FAR2xx8 pg No 18-29,132,197-215.pdf",176,index_page,medium,image heuristic fallback,index_page,0.58,"APPX. 2 DIGITAL INTERFACE AP-6 GNS - GNSS fix data HBT - Heartbeat supervision sentence HDG - Heading, Deviation and Variation  HDM - Heading, Magnetic HDT - Heading, true MTW - Water temperature MWV - Wind speed and angle $--GNS,hhmmss.ss,llll.ll,a,yyyyy.yy,a,c--c,xx,x.x,x.x,x.x,x.x,x.x,a*hh<CR><LF>                      1           2   3       4     5   6    7   8    9   10  11  12 13 1. UTC of position (No use) 2. Latitude  (0000.0000 to 9000.0000) 3. N/S 4. Longitude (00000.0000 to 18000.0000"
test4_furuno_far2xx8_radar,"Test/Test 4/IME36520W_FAR2xx8 pg No 18-29,132,197-215.pdf",177,index_page,medium,image heuristic fallback,index_page,0.58,"APPX. 2 DIGITAL INTERFACE AP-7 OSD - Own ship data RAQ - Query sentence RMB - Recommended minimum navigation information. RMC - Recommended minimum specific GNSS data ROT- Rate of turn $--OSD,x.x,A,x.x,a,x.x,a,x.x,x.x,a*hh<CR><LF>               1  2   3  4   5  6  7   8   9 1. Heading, degrees true (No use) 2. Heading status (No use) 3. Vessel course, degrees true (0.0 to 359.9) 4. Course reference (B=Bottom tracking log, M=Manually entered, W=Water referenced, P=Positioning system ground  refer"
test4_furuno_far2xx8_radar,"Test/Test 4/IME36520W_FAR2xx8 pg No 18-29,132,197-215.pdf",178,index_page,medium,image heuristic fallback,index_page,0.58,"APPX. 2 DIGITAL INTERFACE AP-8 RTE - Routes THS - True heading and status TLL - Target Latitude and Longitude TTM - Tracked Target Message VBW - Dual ground/water speed $--RTE,x.x,x.x,a,c--c,c--c, ●   ● ,c--c*hh <CR><LF>               1    2  3   4     5    ●   ●      n 1. Total number of sentences being transmitted (1 to 50, null) 2. Sentence number (1 to 50, null) 3. Sentence mode (c:complete route, all waypoints, w:working route, first listed waypoint is ""FROM"", second is ""TO""  and remaining "
test4_furuno_far2xx8_radar,"Test/Test 4/IME36520W_FAR2xx8 pg No 18-29,132,197-215.pdf",179,index_page,medium,image heuristic fallback,index_page,0.58,"APPX. 2 DIGITAL INTERFACE AP-9 VDM - AIS VHF data-link message VDO - AIS VHF data-link own-vessel report VDR - Set and drift VHW - Water speed and heading VSD - AIS voyage static data !--VDM,x,x,x,a,s--s,x*hh<CR><LF>             1 2 3 4   5    6 1. Total number of sentences needed to transfer the message (1 to 9) 2. Sentence number (1 to 9) 3. Sequential message identifier (0 to 9, null) 4. AIS channel Number (A, B, null) 5. Encapsulated ITU-R M.1371 radio message (1 to 63 bytes) 6. Number of fi"
test4_furuno_far2xx8_radar,"Test/Test 4/IME36520W_FAR2xx8 pg No 18-29,132,197-215.pdf",180,index_page,medium,image heuristic fallback,index_page,0.58,"APPX. 2 DIGITAL INTERFACE AP-10 VTG - Course over ground and ground speed VWR - Wind relative Bearing and Velocity  VWT - True wind speed and angle WPL - Waypoint location ZDA - Time and date $--VTG,x.x,T,x.x,M,x.x,N,x.x,K,a*hh <CR><LF>              1   2  3   4  5   6   7  8  9 1. Course over ground, degrees (0.0 to 359.9) 2. T=True (fixed) 3. Course over ground, degrees (No use) 4. M=Magnetic (No Use) 5. Speed over ground, knots (0.0 to 999.9) 6. N=Knots (fixed) 7. Speed over ground (0.0 to 99"
test4_furuno_far2xx8_radar,"Test/Test 4/IME36520W_FAR2xx8 pg No 18-29,132,197-215.pdf",181,index_page,medium,image heuristic fallback,index_page,0.58,"APPX. 2 DIGITAL INTERFACE AP-11 Output sentences ABM - AIS addressed binary and safety related message ACK - (See input sentences on page AP-3. NOT for the radars with software version 03.**.)  AIQ - Query sentence ALC - Cyclic alert list ALF - Alert sentence !--ABM,x,x,x,xxxxxxxxx,x,xx,s--s,x*hh<CR><LF>            1 2 3       4         5  6    7  8 1. Total number of sentences needed to transfer the message (1 to 9) 2. Message sentence number (1 to 9) 3. Message sequence identifier (0 to 3) 4. "
test4_furuno_far2xx8_radar,"Test/Test 4/IME36520W_FAR2xx8 pg No 18-29,132,197-215.pdf",182,index_page,medium,image heuristic fallback,index_page,0.58,"APPX. 2 DIGITAL INTERFACE AP-12 ALR - Set alarm state ARC - Alert command refused BBM - AIS broadcast binary message DDC - Display dimming control EVE - General event message HBT - Heartbeat supervision sentence $--ALR,hhmmss.ss,xxx,A,A,c—c*hh<CR><LF>                        1        2   3 4    5 1. Time of alarm condition change, UTC (000000.00 to 235959.99, 235960.00 to 235960.99, 240000.00 to 240000.99,  240001.00 to 240001.99, null) 2. Unique alarm number (identifier) at alarm source (000 to "
test4_furuno_far2xx8_radar,"Test/Test 4/IME36520W_FAR2xx8 pg No 18-29,132,197-215.pdf",183,index_page,medium,image heuristic fallback,index_page,0.58,"APPX. 2 DIGITAL INTERFACE AP-13 OSD- Own ship data RSD - Radar system data TLB - Target label TLL - Target latitude and longitude $**OSD,x.x,A,x.x,a,x.x,a,x.x,x.x,a*hh<CR><LF>               1  2   3  4   5  6  7    8  9 1. Heading, degrees true (0.0 to 359.9, null) 2. Heading status (A:data valid, V:data invalid) 3. Vessel course, degrees true (0.0 to 359.9, null) 4. Course reference (B=Bottom tracking log, M=Manually entered, W=Water referenced, R=Radar tracking (of fixed  target), P=Positionin"
test4_furuno_far2xx8_radar,"Test/Test 4/IME36520W_FAR2xx8 pg No 18-29,132,197-215.pdf",184,index_page,medium,image heuristic fallback,index_page,0.58,"APPX. 2 DIGITAL INTERFACE AP-14 TTD - Tracked target data TTM - Tracked target message VSD - AIS voyage static data !--TTD,hh,hh,x,s--s,x*hh<CR><LF>             1   2  3  4   5    1. Total hex number of sentences need to transfer the message (h’01) 2. Hex sentence number (h’01) 3. Sequential message identifier (null) 4. Encapsulated trancked target data (6 bit binary-converted data) 5. Number of fill bits (0 to 5) $**TTM,xxx,x.x,x.x,a,x.x,x.x,a,x.x,x.x,a,c--c,a,a,hhmmss.ss,a*hh<CR><LF>          "
test4_furuno_far2xx8_radar,"Test/Test 4/IME36520W_FAR2xx8 pg No 18-29,132,197-215.pdf",185,index_page,medium,image heuristic fallback,index_page,0.58,"AP-15 APPX. 3 ALERT LIST Note: This chapter shows the alert list for the radars using software version 03.02. For the alert  list for other software versions, contact your dealer. This radar provides aggregated header alerts for presentation of an aggregation on the AMS (Alert  Management System). The following table shows the aggregate header alerts along with the cor- responding ALF alert number. *: “×” indicates instance number. The following table lists the possible alerts for this equipment"
test4_furuno_far2xx8_radar,"Test/Test 4/IME36520W_FAR2xx8 pg No 18-29,132,197-215.pdf",186,index_page,medium,image heuristic fallback,index_page,0.58,"APPX. 3 ALERT LIST AP-17 3052, 1 TT TARGET  LOST ""CHECK LOST TGT. ACQ TARGET IF NECESSARY"" Warning Cat: A Meaning: TT target is lost. Remedy: Press the ALARM ACK key. Lost target indication (blinking in red) is removed. 3052, 2 REF TARGET  LOST ""CHECK LOST TGT. ACQ TARGET IF NECESSARY"" Warning Cat: A Meaning: REF targets is lost. Remedy: Press the ALARM ACK key. If the target was used as a speed reference, ac- quire a new reference target. 3052, 3 AIS TARGET  LOST ""CONFIRM AIS LOST TARGETS"" Warn"
test4_furuno_far2xx8_radar,"Test/Test 4/IME36520W_FAR2xx8 pg No 18-29,132,197-215.pdf",187,index_page,medium,image heuristic fallback,index_page,0.58,"APPX. 3 ALERT LIST AP-19 3015, 23 LOST POSI- TION ""CHECK POSITION SENSOR OR SENTENCE MONI- TOR"" Warning Cat: B Meaning: EPFS Error. No position data received from EPFS device for thirty seconds. Remedy: Press the ALARM ACK key. Restore the signal. This indication cannot be  erased if the position signal is missing. The indication is automatically removed when the  signal is restored. 3015, 24 LOST DATUM ""CHECK POSITION SENSOR OR SENTENCE MONI- TOR"" Warning Cat: B Meaning: DTM sentence not receiv"
test4_furuno_far2xx8_radar,"Test/Test 4/IME36520W_FAR2xx8 pg No 18-29,132,197-215.pdf",188,index_page,medium,image heuristic fallback,index_page,0.58,"APPX. 3 ALERT LIST AP-21 ALF format indications The following indications are shown by this equipment when ALF format is in use. The indications  have no category, are not subject to responsibility transfer and are not output as ALF sentences. Note: Indications also appear in the ALERT BOX on the screen and on the ALERT LIST. *2: This alert appears only for For FAR-2x58/2x68DS. *3: This alert appears only for FAR-2228-NXT(-BB) and FAR-2328-NXT. Keep in mind the following  points: • This alert ca"
test4_furuno_far2xx8_radar,"Test/Test 4/IME36520W_FAR2xx8 pg No 18-29,132,197-215.pdf",189,index_page,medium,image heuristic fallback,index_page,0.58,"APPX. 3 ALERT LIST AP-23 52001, 42 RFC:P48V ERROR ""CONDUCT A DIAGNOSTIC TEST WHILE THE ERROR  IS PRESENT. SUPPLY THE TEST RESULTS TO YOUR  LOCAL DEALER."" Meaning: Voltage in the +48V line of the RF-Converter is outside rating. Remedy: Press the ALARM ACK key. Have a qualified technician check the power. 52001, 43 RFC:IF PLL UNLOCK ""CONDUCT A DIAGNOSTIC TEST WHILE THE ERROR  IS PRESENT. SUPPLY THE TEST RESULTS TO YOUR  LOCAL DEALER."" Meaning: PLL lock on the IF side of the RF-Converter is unlocke"
test4_furuno_far2xx8_radar,"Test/Test 4/IME36520W_FAR2xx8 pg No 18-29,132,197-215.pdf",190,index_page,medium,image heuristic fallback,index_page,0.58,"APPX. 3 ALERT LIST AP-25 52602, 2 SPD SOURCE CHG ""SPEED SOURCE USING IN SYSTEM CHANGES TO  OTHER SOURCE."" Meaning: Speed sensor input lost, automatically changed sensors. Remedy: Press the ALARM ACK key. The indication is automatically removed when the  signal is restored or a different sensor is selected. 52602, 3 HDG SOURCE CHG ""HEADING SOURCE USING IN SYSTEM CHANGES TO  OTHER SOURCE."" Meaning: Heading sensor input lost, automatically changed sensors. Remedy: Press the ALARM ACK key. The indic"
test4_furuno_far2xx8_radar,"Test/Test 4/IME36520W_FAR2xx8 pg No 18-29,132,197-215.pdf",191,index_page,medium,image heuristic fallback,index_page,0.58,"APPX. 3 ALERT LIST AP-27 522 TT TGT 95%(AUTO) ""CANCEL NON-DANGEROUS TT TARGETS  MANUALLY"" Caution Cat: B Meaning: Automatically acquired target capacity has reached 95%. Remedy: Press the ALARM ACK key. Remove TT symbols manually. 524 TT TGT 95% (MAN) ""CANCEL NON-DANGEROUS TT TARGETS  MANUALLY"" Caution Cat: B Meaning: Manually acquired target capacity has reached 95%. Remedy: Press the ALARM ACK key. Remove TT symbols manually. 530 AIS DISPLAY 95% ""ADJUST [AIS DISP FILTER] SETTINGS"" Caution Cat:"
test4_furuno_far2xx8_radar,"Test/Test 4/IME36520W_FAR2xx8 pg No 18-29,132,197-215.pdf",192,index_page,medium,image heuristic fallback,index_page,0.58,"APPX. 3 ALERT LIST AP-29 722 LOST TRIGGER SIG ""EXECUTE THE DIAGNOSTIC TEST"" Warning Cat: B Meaning: Antenna trigger interrupted/lost Remedy: Press the ALARM ACK key. Restore signal or rectify reason for signal loss. 723 LOST VIDEO SIG ""EXECUTE THE DIAGNOSTIC TEST"" Warning Cat: B Meaning: Video signal interrupted/lost. Remedy: Press the ALARM ACK key. Restore signal or rectify reason for signal loss. 70 LOST CTRL UNIT ""CHECK CONNECTION WITH CONTROL UNIT"" Warning Cat: B Meaning: Control Unit (RCU-"
test4_furuno_far2xx8_radar,"Test/Test 4/IME36520W_FAR2xx8 pg No 18-29,132,197-215.pdf",193,index_page,medium,image heuristic fallback,index_page,0.58,"APPX. 3 ALERT LIST AP-31 380 LOST AIS COM ""CHECK AIS OR SENTENCE MONITOR"" Caution Cat: B Meaning: No AIS data received for thirty seconds when AIS function is OFF. Remedy: Press the ALARM ACK key. Check power and connection to AIS unit. 279 LOST COG/SOG SIG ""CHECK POSITION SENSOR OR SENTENCE  MONITOR"" Caution Cat: B Meaning: No COG/SOG data received from EPFS device for thirty seconds when [EPFS]  NOT is set as speed reference. Remedy: Press the ALARM ACK key. Restore the signal. This indication"
test4_furuno_far2xx8_radar,"Test/Test 4/IME36520W_FAR2xx8 pg No 18-29,132,197-215.pdf",194,index_page,medium,image heuristic fallback,index_page,0.58,"APPX. 3 ALERT LIST AP-33 771-3 MTR-DRV:MTR PWR  ERR ""CONDUCT A DIAGNOSTIC TEST WHILE THE ERROR IS  PRESENT. SUPPLY THE TEST RESULTS TO YOUR LOCAL  DEALER."" Meaning: MTR-DRV board motor’s voltage is outside recommended rating. Remedy: Press the ALARM ACK key. Have a qualified technician check the motor. 771-4 MTR-DRV:P12V ERR ""CONDUCT A DIAGNOSTIC TEST WHILE THE ERROR IS  PRESENT. SUPPLY THE TEST RESULTS TO YOUR LOCAL  DEALER."" Meaning: Voltage in the +12V line of the MTR-DRV motor is outside rec"
test4_furuno_far2xx8_radar,"Test/Test 4/IME36520W_FAR2xx8 pg No 18-29,132,197-215.pdf",195,index_page,medium,image heuristic fallback,index_page,0.58,"APPX. 3 ALERT LIST AP-35 775-4 VSWR ERROR ""CONDUCT A DIAGNOSTIC TEST WHILE THE ERROR IS  PRESENT. SUPPLY THE TEST RESULTS TO YOUR LOCAL  DEALER."" Meaning: Abnormal VSWR detected by the RF Converter. Remedy: Press the ALARM ACK key. Have a qualified technician check the antenna. 083 RPU:FAN1 NO RO- TATE ""CONDUCT A DIAGNOSTIC TEST WHILE THE ERROR IS  PRESENT. SUPPLY THE TEST RESULTS TO YOUR LOCAL  DEALER."" Meaning: The FAN1 in the processor unit is stopped or disconnected. Remedy: Press the ALARM "
test4_furuno_far2xx8_radar,"Test/Test 4/IME36520W_FAR2xx8 pg No 18-29,132,197-215.pdf",196,spare_parts_table,low,image heuristic fallback,spare_parts_table,0.48,"APPX. 3 ALERT LIST AP-37 793-3 LOST WV WIND SIG ""CHECK THAT DATA INPUT TO WAVE ANALYZER IS COR- RECT, OR DISABLE WAVE MODE."" Meaning: With the wave radar active ([4 WAVE DATA] set to [ON]), the wave analysis PC  has an error in speed data input. Remedy: Press the ALARM ACK key. Check that data input to Wave Analyzer is correct,  or disable WAVE mode. 793-4 LOST WV RADAR ANT ""CHECK THE CONNECTION WITH SELECTED RADAR IS  CORRECT, OR DISABLE WAVE MODE."" Meaning: With the wave radar active ([4 WAVE "
test4_furuno_far2xx8_radar,"Test/Test 4/IME36520W_FAR2xx8 pg No 18-29,132,197-215.pdf",197,repair_kit,high,packing list pages from runner,,,
test4_furuno_far2xx8_radar,"Test/Test 4/IME36520W_FAR2xx8 pg No 18-29,132,197-215.pdf",198,repair_kit,high,packing list pages from runner,,,
test4_furuno_far2xx8_radar,"Test/Test 4/IME36520W_FAR2xx8 pg No 18-29,132,197-215.pdf",199,repair_kit,high,packing list pages from runner,,,
test4_furuno_far2xx8_radar,"Test/Test 4/IME36520W_FAR2xx8 pg No 18-29,132,197-215.pdf",200,repair_kit,high,packing list pages from runner,,,
test4_furuno_far2xx8_radar,"Test/Test 4/IME36520W_FAR2xx8 pg No 18-29,132,197-215.pdf",201,repair_kit,high,packing list pages from runner,,,
test4_furuno_far2xx8_radar,"Test/Test 4/IME36520W_FAR2xx8 pg No 18-29,132,197-215.pdf",202,repair_kit,high,packing list pages from runner,,,
test4_furuno_far2xx8_radar,"Test/Test 4/IME36520W_FAR2xx8 pg No 18-29,132,197-215.pdf",203,repair_kit,high,packing list pages from runner,,,
test4_furuno_far2xx8_radar,"Test/Test 4/IME36520W_FAR2xx8 pg No 18-29,132,197-215.pdf",204,repair_kit,high,packing list pages from runner,,,
test4_furuno_far2xx8_radar,"Test/Test 4/IME36520W_FAR2xx8 pg No 18-29,132,197-215.pdf",205,repair_kit,high,packing list pages from runner,,,
test4_furuno_far2xx8_radar,"Test/Test 4/IME36520W_FAR2xx8 pg No 18-29,132,197-215.pdf",206,repair_kit,high,packing list pages from runner,,,
test4_furuno_far2xx8_radar,"Test/Test 4/IME36520W_FAR2xx8 pg No 18-29,132,197-215.pdf",207,repair_kit,high,packing list pages from runner,,,
test4_furuno_far2xx8_radar,"Test/Test 4/IME36520W_FAR2xx8 pg No 18-29,132,197-215.pdf",208,repair_kit,high,packing list pages from runner,,,
test4_furuno_far2xx8_radar,"Test/Test 4/IME36520W_FAR2xx8 pg No 18-29,132,197-215.pdf",209,repair_kit,high,packing list pages from runner,,,
test4_furuno_far2xx8_radar,"Test/Test 4/IME36520W_FAR2xx8 pg No 18-29,132,197-215.pdf",210,repair_kit,high,packing list pages from runner,,,
test4_furuno_far2xx8_radar,"Test/Test 4/IME36520W_FAR2xx8 pg No 18-29,132,197-215.pdf",211,repair_kit,high,packing list pages from runner,,,
test4_furuno_far2xx8_radar,"Test/Test 4/IME36520W_FAR2xx8 pg No 18-29,132,197-215.pdf",212,repair_kit,high,packing list pages from runner,,,
test4_furuno_far2xx8_radar,"Test/Test 4/IME36520W_FAR2xx8 pg No 18-29,132,197-215.pdf",213,repair_kit,high,packing list pages from runner,,,
test4_furuno_far2xx8_radar,"Test/Test 4/IME36520W_FAR2xx8 pg No 18-29,132,197-215.pdf",214,repair_kit,high,packing list pages from runner,,,
test4_furuno_far2xx8_radar,"Test/Test 4/IME36520W_FAR2xx8 pg No 18-29,132,197-215.pdf",215,repair_kit,high,packing list pages from runner,,,
test4_furuno_far2xx8_radar,"Test/Test 4/IME36520W_FAR2xx8 pg No 18-29,132,197-215.pdf",216,drawing_only,high,drawing pages from runner,,,
test4_furuno_far2xx8_radar,"Test/Test 4/IME36520W_FAR2xx8 pg No 18-29,132,197-215.pdf",217,drawing_only,high,drawing pages from runner,,,
test4_furuno_far2xx8_radar,"Test/Test 4/IME36520W_FAR2xx8 pg No 18-29,132,197-215.pdf",218,drawing_only,high,drawing pages from runner,,,
test4_furuno_far2xx8_radar,"Test/Test 4/IME36520W_FAR2xx8 pg No 18-29,132,197-215.pdf",219,drawing_only,high,drawing pages from runner,,,
test4_furuno_far2xx8_radar,"Test/Test 4/IME36520W_FAR2xx8 pg No 18-29,132,197-215.pdf",220,drawing_only,high,drawing pages from runner,,,
test4_furuno_far2xx8_radar,"Test/Test 4/IME36520W_FAR2xx8 pg No 18-29,132,197-215.pdf",221,drawing_only,high,drawing pages from runner,,,
test4_furuno_far2xx8_radar,"Test/Test 4/IME36520W_FAR2xx8 pg No 18-29,132,197-215.pdf",222,drawing_only,high,drawing pages from runner,,,
test4_furuno_far2xx8_radar,"Test/Test 4/IME36520W_FAR2xx8 pg No 18-29,132,197-215.pdf",223,drawing_only,high,drawing pages from runner,,,
test4_furuno_far2xx8_radar,"Test/Test 4/IME36520W_FAR2xx8 pg No 18-29,132,197-215.pdf",224,drawing_only,high,drawing pages from runner,,,
test4_furuno_far2xx8_radar,"Test/Test 4/IME36520W_FAR2xx8 pg No 18-29,132,197-215.pdf",225,drawing_only,high,drawing pages from runner,,,
test4_furuno_far2xx8_radar,"Test/Test 4/IME36520W_FAR2xx8 pg No 18-29,132,197-215.pdf",226,drawing_only,high,drawing pages from runner,,,
test4_furuno_far2xx8_radar,"Test/Test 4/IME36520W_FAR2xx8 pg No 18-29,132,197-215.pdf",227,drawing_only,high,drawing pages from runner,,,
test4_furuno_far2xx8_radar,"Test/Test 4/IME36520W_FAR2xx8 pg No 18-29,132,197-215.pdf",228,drawing_only,high,drawing pages from runner,,,
test4_furuno_far2xx8_radar,"Test/Test 4/IME36520W_FAR2xx8 pg No 18-29,132,197-215.pdf",229,drawing_only,high,drawing pages from runner,,,
test4_furuno_far2xx8_radar,"Test/Test 4/IME36520W_FAR2xx8 pg No 18-29,132,197-215.pdf",230,drawing_only,high,drawing pages from runner,,,
test4_furuno_far2xx8_radar,"Test/Test 4/IME36520W_FAR2xx8 pg No 18-29,132,197-215.pdf",231,drawing_only,high,drawing pages from runner,,,
test4_furuno_far2xx8_radar,"Test/Test 4/IME36520W_FAR2xx8 pg No 18-29,132,197-215.pdf",232,drawing_only,high,drawing pages from runner,,,
test4_furuno_far2xx8_radar,"Test/Test 4/IME36520W_FAR2xx8 pg No 18-29,132,197-215.pdf",233,drawing_only,high,drawing pages from runner,,,
test4_furuno_far2xx8_radar,"Test/Test 4/IME36520W_FAR2xx8 pg No 18-29,132,197-215.pdf",234,drawing_only,high,drawing pages from runner,,,
test4_furuno_far2xx8_radar,"Test/Test 4/IME36520W_FAR2xx8 pg No 18-29,132,197-215.pdf",235,drawing_only,high,drawing pages from runner,,,
test4_furuno_far2xx8_radar,"Test/Test 4/IME36520W_FAR2xx8 pg No 18-29,132,197-215.pdf",236,drawing_only,high,drawing pages from runner,,,
test4_furuno_far2xx8_radar,"Test/Test 4/IME36520W_FAR2xx8 pg No 18-29,132,197-215.pdf",237,drawing_only,high,drawing pages from runner,,,
test4_furuno_far2xx8_radar,"Test/Test 4/IME36520W_FAR2xx8 pg No 18-29,132,197-215.pdf",238,drawing_only,high,drawing pages from runner,,,
test4_furuno_far2xx8_radar,"Test/Test 4/IME36520W_FAR2xx8 pg No 18-29,132,197-215.pdf",239,drawing_only,high,drawing pages from runner,,,
test4_furuno_far2xx8_radar,"Test/Test 4/IME36520W_FAR2xx8 pg No 18-29,132,197-215.pdf",240,drawing_only,high,drawing pages from runner,,,
test4_furuno_far2xx8_radar,"Test/Test 4/IME36520W_FAR2xx8 pg No 18-29,132,197-215.pdf",241,drawing_only,high,drawing pages from runner,,,
test4_furuno_far2xx8_radar,"Test/Test 4/IME36520W_FAR2xx8 pg No 18-29,132,197-215.pdf",242,drawing_only,high,drawing pages from runner,,,
test4_furuno_far2xx8_radar,"Test/Test 4/IME36520W_FAR2xx8 pg No 18-29,132,197-215.pdf",243,drawing_only,high,drawing pages from runner,,,
test4_furuno_far2xx8_radar,"Test/Test 4/IME36520W_FAR2xx8 pg No 18-29,132,197-215.pdf",244,drawing_only,high,drawing pages from runner,,,
test4_furuno_far2xx8_radar,"Test/Test 4/IME36520W_FAR2xx8 pg No 18-29,132,197-215.pdf",245,drawing_only,high,drawing pages from runner,,,
test4_furuno_far2xx8_radar,"Test/Test 4/IME36520W_FAR2xx8 pg No 18-29,132,197-215.pdf",246,drawing_only,high,drawing pages from runner,,,
test4_furuno_far2xx8_radar,"Test/Test 4/IME36520W_FAR2xx8 pg No 18-29,132,197-215.pdf",247,drawing_only,high,drawing pages from runner,,,
test4_furuno_far2xx8_radar,"Test/Test 4/IME36520W_FAR2xx8 pg No 18-29,132,197-215.pdf",248,drawing_only,high,drawing pages from runner,,,
test4_furuno_far2xx8_radar,"Test/Test 4/IME36520W_FAR2xx8 pg No 18-29,132,197-215.pdf",249,drawing_only,high,drawing pages from runner,,,
test4_furuno_far2xx8_radar,"Test/Test 4/IME36520W_FAR2xx8 pg No 18-29,132,197-215.pdf",250,drawing_only,high,drawing pages from runner,,,
test4_furuno_far2xx8_radar,"Test/Test 4/IME36520W_FAR2xx8 pg No 18-29,132,197-215.pdf",251,drawing_only,high,drawing pages from runner,,,
test4_furuno_far2xx8_radar,"Test/Test 4/IME36520W_FAR2xx8 pg No 18-29,132,197-215.pdf",252,drawing_only,high,drawing pages from runner,,,
test4_furuno_far2xx8_radar,"Test/Test 4/IME36520W_FAR2xx8 pg No 18-29,132,197-215.pdf",253,drawing_only,high,drawing pages from runner,,,
test4_furuno_far2xx8_radar,"Test/Test 4/IME36520W_FAR2xx8 pg No 18-29,132,197-215.pdf",254,drawing_only,high,drawing pages from runner,,,
test4_furuno_far2xx8_radar,"Test/Test 4/IME36520W_FAR2xx8 pg No 18-29,132,197-215.pdf",255,drawing_only,high,drawing pages from runner,,,
test4_furuno_far2xx8_radar,"Test/Test 4/IME36520W_FAR2xx8 pg No 18-29,132,197-215.pdf",256,drawing_only,high,drawing pages from runner,,,
test4_furuno_far2xx8_radar,"Test/Test 4/IME36520W_FAR2xx8 pg No 18-29,132,197-215.pdf",257,drawing_only,high,drawing pages from runner,,,
test4_furuno_far2xx8_radar,"Test/Test 4/IME36520W_FAR2xx8 pg No 18-29,132,197-215.pdf",258,drawing_only,high,drawing pages from runner,,,
test4_furuno_far2xx8_radar,"Test/Test 4/IME36520W_FAR2xx8 pg No 18-29,132,197-215.pdf",259,drawing_only,high,drawing pages from runner,,,
test4_furuno_far2xx8_radar,"Test/Test 4/IME36520W_FAR2xx8 pg No 18-29,132,197-215.pdf",260,drawing_only,high,drawing pages from runner,,,
test4_furuno_far2xx8_radar,"Test/Test 4/IME36520W_FAR2xx8 pg No 18-29,132,197-215.pdf",261,index_page,medium,image heuristic fallback,index_page,0.58,D-46 25/Mar/2021 H.MAKI 
test4_furuno_far2xx8_radar,"Test/Test 4/IME36520W_FAR2xx8 pg No 18-29,132,197-215.pdf",262,index_page,medium,image heuristic fallback,index_page,0.58,"      $ % & '  0$66 6&$/( ':*1R $33529(' &+(&.(' '5$:1 NJ ྡ⛠ 7<3( 1$0( 5()1R ⯟ᾏ⏝࣮ࣞࢲ࣮ 0$5,1(5$'$5 ┦஫⤖⥺ᅗ ,17(5&211(&7,21',$*5$0 56%  '&9 +0&&($ -%  7;+9+  7;+9&    39+ 39& 02725+ 02725+ 02725& 02725&     -  - )$5%%)$5      3 3 - $,6B7'$ $,6B7'% $,6B5'$ $,6B5'% $,6B&20021 77<&6/$     - 77<&6/$  *36B5'+ *36B5'& 1&    - /2*B5'+ /2*B5'& 1&                    "
test4_furuno_far2xx8_radar,"Test/Test 4/IME36520W_FAR2xx8 pg No 18-29,132,197-215.pdf",263,index_page,medium,image heuristic fallback,index_page,0.58,"      $ % & '  0$66 6&$/( ':*1R $33529(' &+(&.(' '5$:1 NJ ྡ⛠ 7<3( 1$0( 5()1R ┦஫⤖⥺ᅗ ,17(5&211(&7,21',$*5$0 56%  '&9 +0&&($ -%  7;+9+  7;+9&    39+ 39& 02725+ 02725+ 02725& 02725&    -  -  -      3 3 - $,6B7'$ $,6B7'% $,6B5'$ $,6B5'% $,6B&20021 77<&6/$     - 77<&6/$  *36B5'+ *36B5'& 1&    - /2*B5'+ /2*B5'& 1&                          3 3 3 3 3 3 - $06B7'$ $06B7"
test4_furuno_far2xx8_radar,"Test/Test 4/IME36520W_FAR2xx8 pg No 18-29,132,197-215.pdf",264,index_page,medium,image heuristic fallback,index_page,0.58,"      $ % & '  0$66 6&$/( ':*1R $33529(' &+(&.(' '5$:1 NJ ྡ⛠ 7<3( 1$0( 5()1R ⯟ᾏ⏝࣮ࣞࢲ࣮ 0$5,1(5$'$5 ┦஫⤖⥺ᅗ ,17(5&211(&7,21',$*5$0  '&9 +0&&($ -%    39+ 39& 02725+ 02725+ 02725& 02725&               ,9VT 7% 3(   5:  32:(5 ✵୰⥺㒊 $17(11$81,7 39+ 39& 02725+ 02725+ 02725& 02725&    7% /$1 3(5)250$1&(021,725 ࣃࣇ࢛࣮࣐ࣥࢫࣔࢽࢱ࣮ $&+ $&& ȭ+]  9$& '3<&<  )25'(,&(5 ị⤖㜵Ṇ⏝  +0&&($ '&9 -%   "
test4_furuno_far2xx8_radar,"Test/Test 4/IME36520W_FAR2xx8 pg No 18-29,132,197-215.pdf",265,index_page,medium,image heuristic fallback,index_page,0.58,"      $ % & '  0$66 6&$/( ':*1R $33529(' &+(&.(' '5$:1 NJ ྡ⛠ 7<3( 1$0( 5()1R ⯟ᾏ⏝࣮ࣞࢲ࣮ 0$5,1(5$'$5 ┦஫⤖⥺ᅗ ,17(5&211(&7,21',$*5$0  '&9 +0&&($ -%  7;+9+  7;+9&    39+ 39& 02725+ 02725+ 02725& 02725&    -  -  -          ,9VT 7% 3(   5:  32:(5 ✵୰⥺㒊 $17(11$81,7 7;+9+ 1& 7;+9& 1& 1& 39+ 39& 02725+ 02725+ 02725& 02725&    7% - /$1 3(5)250$1&(021,725 ࣃࣇ࢛࣮࣐ࣥࢫࣔࢽࢱ࣮ $&+ $&& ȭ+]  "
test4_furuno_far2xx8_radar,"Test/Test 4/IME36520W_FAR2xx8 pg No 18-29,132,197-215.pdf",266,index_page,medium,image heuristic fallback,index_page,0.58,"      $ % & '  0$66 6&$/( ':*1R $33529(' &+(&.(' '5$:1 NJ ྡ⛠ 7<3( 1$0( 5()1R  '&9 +0&&($ -%    39+ 39& 02725+ 02725+ 02725& 02725&    -            ,9VT 7% 3(   5:  32:(5 ✵୰⥺㒊 $17(11$81,7 39+ 39& 02725+ 02725+ 02725& 02725&    7% - /$1 3(5)250$1&(021,725 ࣃࣇ࢛࣮࣐ࣥࢫࣔࢽࢱ࣮ $&+ $&& ȭ+]  9$& '3<&<  )25'(,&(5 ị⤖㜵Ṇ⏝  +0&&($ '&9 -%    39+ 39& 02725+ 02725+ 02725& 02"
test4_furuno_far2xx8_radar,"Test/Test 4/IME36520W_FAR2xx8 pg No 18-29,132,197-215.pdf",267,index_page,medium,image heuristic fallback,index_page,0.58,"      $ % & '  0$66 6&$/( ':*1R $33529(' &+(&.(' '5$:1 NJ ྡ⛠ 7<3( 1$0( 5()1R ⯟ᾏ⏝࣮ࣞࢲ࣮ 0$5,1(5$'$5 ┦஫⤖⥺ᅗ ,17(5&211(&7,21',$*5$0 )$5:         ࣮ࣞࢲ࣮㔜␚ࡢࢥࢿࢡࢱ᥋⥆ )$%5,&$7,21)255$'$529(5/$< - *1' +' %3 75,* 9,'(2 ࢳࣕ ࢔࢝ ࢲ࢖ ࢟ 㺢㺼㺑㺚㺼㺖&2$;       1&   1& 1& 5;1 7;1 7;3 5;3 1& 036& 㺏㺓 㺚㺹㺏㺓 㺚㺹㺟㺊 㺟㺊 %/8 :+7%/8 :+7%51 %51 )5)73&&< 3 3 㺚㺹㺞㺼㺐 㺞㺼㺐 㺚㺹㺮㺢㺼㺶 㺮㺢㺼㺶 *51 :+725* 25* :+7*51 )$%5,&$7,21)25/$1&$%/( /$1ࢣ࣮ࣈࣝࡢࢥࢿࢡࢱ᥋⥆ 5: *1' *1' *1' ࢩࣟ ࢡࣟ :+7 %/. %51 "
test4_furuno_far2xx8_radar,"Test/Test 4/IME36520W_FAR2xx8 pg No 18-29,132,197-215.pdf",268,index_page,medium,image heuristic fallback,index_page,0.58,"      $ % & '  0$66 6&$/( ':*1R $33529(' &+(&.(' '5$:1 NJ ྡ⛠ 7<3( 1$0( 5()1R ⯟ᾏ⏝࣮ࣞࢲ࣮ 0$5,1(5$'$5 ┦஫⤖⥺ᅗ ,17(5&211(&7,21',$*5$0 )$56: )$%5,&$7,21)25/$1&$%/( /$1ࢣ࣮ࣈࣝࡢࢥࢿࢡࢱ᥋⥆       1&   1& 1& 5;1 7;1 7;3 5;3 1& 036& 㺏㺓 㺚㺹㺏㺓 㺚㺹㺟㺊 㺟㺊 %/8 :+7%/8 :+7%51 %51 )5)73&&< 3 3 㺚㺹㺞㺼㺐 㺞㺼㺐 㺚㺹㺮㺢㺼㺶 㺮㺢㺼㺶 *51 :+725* 25* :+7*51         ࣮ࣞࢲ࣮㔜␚ࡢࢥࢿࢡࢱ᥋⥆ )$%5,&$7,21)255$'$529(5/$< - *1' +' %3 75,* 9,'(2 ࢳࣕ ࢔࢝ ࢲ࢖ ࢟ 㺢㺼㺑㺚㺼㺖&2$; 5: *1' *1' *1' ࢩࣟ ࢡࣟ :+7 %/. %51"
test4_furuno_far2xx8_radar,"Test/Test 4/IME36520W_FAR2xx8 pg No 18-29,132,197-215.pdf",269,index_page,medium,image heuristic fallback,index_page,0.58,"      $ % & '  0$66 6&$/( ':*1R $33529(' &+(&.(' '5$:1 NJ ྡ⛠ 7<3( 1$0( 5()1R 0$5,1(5$'$5 ┦஫⤖⥺ᅗ ,17(5&211(&7,21',$*5$0 7%    *1' 02725+ 02725& 5:   *1' 7% ,)B287   7% 7;B+9 7;B+9              *1' *1' 39 +' %3 19 7;B6,* *1' 638B075B7'$ 638B075B7'% 638B075B5'$ 638B075B5'% 7;B+9B021,B6(/            7% *1' 3/B$ 3/B% 3/B& +($7(5+ +($7(5& 781(B,1'    781(B&217 0%6B/ /1$B021 7% )$1B0$*B) 7;B75,* 781(B*$7( 0$*B&85B/9"
test4_furuno_far2xx8_radar,"Test/Test 4/IME36520W_FAR2xx8 pg No 18-29,132,197-215.pdf",270,index_page,medium,image heuristic fallback,index_page,0.58,"      $ % & '  0$66 6&$/( ':*1R $33529(' &+(&.(' '5$:1 NJ ྡ⛠ 7<3( 1$0( 5()1R 0$5,1(5$'$5 ┦஫⤖⥺ᅗ ,17(5&211(&7,21',$*5$0    *1' 02725+ 02725& 5:   *1' 7%   7% 7;B+9 7;B+9              *1' *1' 39 +' %3 19 7;B6,* *1' 638B075B7'$ 638B075B7'% 638B075B5'$ 638B075B5'% 7;B+9B021,B6(/            7% *1' 3/B$ 3/B% 3/B& +($7(5+ +($7(5& 781(B,1'    781(B&217 0%6B/ /1$B021 7% )$1B0$*B) 7;B75,* 781(B*$7( 0$*B&85B/9/    *1' 0"
test4_furuno_far2xx8_radar,"Test/Test 4/IME36520W_FAR2xx8 pg No 18-29,132,197-215.pdf",271,index_page,medium,image heuristic fallback,index_page,0.58,"      $ % & '  0$66 6&$/( ':*1R $33529(' &+(&.(' '5$:1 NJ ྡ⛠ 7<3( 1$0( 5()1R ⯟ᾏ⏝࣮ࣞࢲ࣮ 0$5,1(5$'$5 ┦஫⤖⥺ᅗ ,17(5&211(&7,21',$*5$0 㸨㸯㸧㐀⯪ᡤᡭ㓄ࠋ 㸨㸰㸧࢜ࣉࢩࣙࣥࠋ 237,21 6+,3<$5'6833/< 127( ὀグ  '&9 +0&&($ -%      39+ 39& 02725+ 02725+ 02725& 02725&     -  -      3 3 - $,6B7'$ $,6B7'% $,6B5'$ $,6B5'% $,6B&20021 77<&6/$     - 77<&6/$  *36B5'+ *36B5'& 1&    - /2*B5'+ /2*B5'& 1&                      "
test4_furuno_far2xx8_radar,"Test/Test 4/IME36520W_FAR2xx8 pg No 18-29,132,197-215.pdf",272,index_page,medium,image heuristic fallback,index_page,0.58,"      $ % & '  0$66 6&$/( ':*1R $33529(' &+(&.(' '5$:1 NJ ྡ⛠ 7<3( 1$0( 5()1R ⯟ᾏ⏝࣮ࣞࢲ࣮ 0$5,1(5$'$5 ┦஫⤖⥺ᅗ ,17(5&211(&7,21',$*5$0 237,21 6+,3<$5'6833/< 127(  '&9 +0&&($ -%      39+ 39& 02725+ 02725+ 02725& 02725&     -  -      3 3 - $,6B7'$ $,6B7'% $,6B5'$ $,6B5'% $,6B&20021 77<&6/$     - 77<&6/$  *36B5'+ *36B5'& 1&    - /2*B5'+ /2*B5'& 1&                          3 3 3 3 3 3"
test4_furuno_far2xx8_radar,"Test/Test 4/IME36520W_FAR2xx8 pg No 18-29,132,197-215.pdf",273,index_page,medium,image heuristic fallback,index_page,0.58,"   $  % & '5$:1 &+(&.(' $33529(' ':*1R 7,7/( 1$0( ྡ⛠ 5()1R 7<$0$6$., +0$., ,17(5&211(&7,21',$*5$0 ┦஫⤖⥺ᅗ 5-% 㜵Ỉ᥋⥆⟽㸦✵୰⥺ࢣ࣮ࣈࣝᘏ㛗㸧 -81&7,21%2;$17(11$&$%/((;7(16,21                7% -81&7,21%2; 㜵Ỉ᥋⥆⟽ 5-%   7% 㺢㺼㺑㺚㺼㺖 &2$; -%  +0&&($ /$1ྠ㍈ኚ᥮ჾ            7% '&9,1 1& 7;+9+ 7;+9& 02725+ 02725+ 02725& 02725& 1& 1& 39+ 39& 5:0$;P -%  +0&&($ /$1ྠ㍈ኚ᥮ჾ              1& 7;+9+ 7;+9& 027"
test4_furuno_far2xx8_radar,"Test/Test 4/IME36520W_FAR2xx8 pg No 18-29,132,197-215.pdf",274,index_page,medium,image heuristic fallback,index_page,0.58,"   $  % & '5$:1 &+(&.(' $33529(' ':*1R 7,7/( 1$0( ྡ⛠ 5()1R 7<$0$6$., +0$., ,17(5&211(&7,21',$*5$0 ┦஫⤖⥺ᅗ 5-%                7% -81&7,21%2; 㜵Ỉ᥋⥆⟽ 5-%   7% 㺢㺼㺑㺚㺼㺖 &2$; -%  +0&&($ /$1ྠ㍈ኚ᥮ჾ            7% '&9,1 1& 7;+9+ 7;+9& 02725+ 02725+ 02725& 02725& 1& 1& 39+ 39& -%  +0&&($ /$1ྠ㍈ኚ᥮ჾ              1& 7;+9+ 7;+9& 02725+ 02725+ 39+ 39& 02725& 02725& 02725+ 02725& '&9,1  "
test5_ae_d2842le_dci,Test/Test 5/Extracted pages from DCI DR 12 & 14 AE PARTS CAT D2842LE ESN 49361860994101.pdf,1,index_page,medium,image heuristic fallback,index_page,0.58,"D 2842 LE #000001000066 CRANKCASE 1 51.01102-6056 CRANKCASE REPLACEMENT GROUP ASSEMBLY 1 2 51.01105-6037 BEARING CAP MAIN BEARING 6 3 06.22022-3061 DOWEL PIN 8H8X18-ST50-2K-ZNPHR3F 12 4 51.01105-6039 BEARING CAP THRUST BEARING 1 5 51.91301-0071 DOWEL PIN 2 6 51.90020-0293 HEX COLLAR BOLT M18X2X153-10.9 14 7 06.01494-4316 HEX SHOULDER STUD M12X1,5X85-10.9-MAN183-PHR 14 8 51.04410-0169 CAMSHAFT BUSH FINISHED PART 6 9 51.04410-0148 CAMSHAFT BUSH 1 10 51.04410-0115 THRUST RING 1 11 51.91605-0118 COV"
test5_ae_d2842le_dci,Test/Test 5/Extracted pages from DCI DR 12 & 14 AE PARTS CAT D2842LE ESN 49361860994101.pdf,2,index_page,medium,image heuristic fallback,index_page,0.58,"D 2842 LE #000001000066 18 06.56631-0235 SEAL 14,3X22X1,5-ST/FKM1-80 WITH ELASTOMER LIP 2 19 06.08042-0605 DRAIN PLUG M18X1,5-ST-A3C 1 - 51.93610-0015 OIL SPRAYER NOZZLE 1 - - REPLACED BY * - 51.93610-0008 OIL SPRAYER NOZZLE 1 20 06.56631-0237 SEAL 18,3X26X1,5-ST/FKM1-80 WITH ELASTOMER LIP 1 21 51.90310-0149 DRAIN PLUG M26X1,5X12-ST 6 22 06.56631-0112 SEAL 26,7X34,93X2-ST/FPM1-80 WITH ELASTOMER LIP 6 23 06.08042-0611 DRAIN PLUG M30X1,5-ST-A3C 3 24 06.56631-0114 SEAL 31X39X2-ST/FPM1-80 WITH ELAST"
test5_ae_d2842le_dci,Test/Test 5/Extracted pages from DCI DR 12 & 14 AE PARTS CAT D2842LE ESN 49361860994101.pdf,3,index_page,medium,image heuristic fallback,index_page,0.58,"D 2842 LE #000001000300 CRANKCASE CYLINDER LINER HOUSING COVER 1 51.01201-0467 CYLINDER LINER NORMAL COLLAR HEIGHT 10,05 MM 12 1 51.01201-0306 CYLINDER LINER OVERSIZE DIAMETER 0.50 MM OUTSIDE DIAMETER NB 1 51.01201-0307 CYLINDER LINER OVERSIZE DIAMETER 1.00 MM OUTSIDE DIAMETER NB 1 51.01201-0342 CYLINDER LINER HEIGHT: + 0,2 NB 2 51.96501-0493 O-RING 138X2,1-FPM2-70 24 3 51.96501-0522 O-RING 144X4-FPM2-70 24 4 51.01501-6018 HOUSING COVER ASSEMBLY 1 5 51.01903-0251 CONTROL HOUSING SEAL ASBESTOS-FR"
test5_ae_d2842le_dci,Test/Test 5/Extracted pages from DCI DR 12 & 14 AE PARTS CAT D2842LE ESN 49361860994101.pdf,4,drawing_material_list,medium,image heuristic fallback,drawing_material_list,0.56,"D 2842 LE #000001000310 CRANKCASE OIL SPRAYER NOZZLE 1 51.01601-0007 FLANGE 12 2 51.98150-0051 HOLLOW SCREW M14X1,5X38-92MNPB28K-SW19 12 3 06.22220-0804 SPIRAL DOWEL PIN 3,5X8-ST 12 4 06.01284-6917 HEXAGON SCREW M6X30-10.9-MAN183-PHR 24 5 51.01601-5063 OIL SPRAYER NOZZLE 12 6 06.16043-0208 SPRING WASHER B6-FST-A3C 24 V-GR.: 51.#0000-0493 4 5533259 000001 / 03.2016 "
test5_ae_d2842le_dci,Test/Test 5/Extracted pages from DCI DR 12 & 14 AE PARTS CAT D2842LE ESN 49361860994101.pdf,5,spare_parts_table,low,image heuristic fallback,spare_parts_table,0.48,D 2842 LE #016001000110 ENGINE BREATHER MOUNTING PARTS WYE 1 04.27199-1025 HOSE N1-25 NB 2 51.97440-0141 SPRING CLIP 35X12-CK75 2 3 51.08308-0029 WYE 1 4 04.27199-1022 HOSE N1-22 NB 5 04.27199-1022 HOSE N1-22 NB 6 51.97440-0138 SPRING CLIP 32X12-CK75 4 - - ITEM NUMBER 7 - 12 DELETED * V-GR.: 51.#0160-0107 5533259 000001 / 03.2016 5 
test5_ae_d2842le_dci,Test/Test 5/Extracted pages from DCI DR 12 & 14 AE PARTS CAT D2842LE ESN 49361860994101.pdf,6,spare_parts_table,low,image heuristic fallback,spare_parts_table,0.48,"D 2842 LE #000001040001 ENGINE BREATHER OIL TRAP VALVE 1 51.01804-7026 OIL TRAP VALVE 1 2 51.96501-0337 O-RING 36,5X3,5-NBR3-60 1 V-GR.: 51.#0000-0493 6 5533259 000001 / 03.2016 "
test5_ae_d2842le_dci,Test/Test 5/Extracted pages from DCI DR 12 & 14 AE PARTS CAT D2842LE ESN 49361860994101.pdf,7,index_page,medium,image heuristic fallback,index_page,0.58,"D 2842 LE #027001000009 FLYWHEEL HOUSING 1 51.01401-6137 TIMING CASE ASSEMBLY 1 2 51.01510-0206 RADIAL SHAFT SEAL 120X140X13-ACM/PTFE 1 3 51.90720-0200 THRUST WASHER 1 4 51.90020-0159 HEX LOCK SCREW M8X8,4-12.9-PAB 2 5 04.10160-9164 ADHESIVE 50 ML BOTTLE 1 6 06.06145-0308 STUD M12-M12X1,5X30-8.8 3 7 51.01402-0018 COVER 1 8 51.96501-0262 O-RING 92X3-FPM1-70-GN 1 9 06.01284-3117 HEXAGON SCREW M8X30-10.9-MAN183-A2C 5 10 06.16739-0014 SPRING WASHER A8-MAN183-B1 5 11 06.08042-0609 DRAIN PLUG M26X1,5-"
test5_ae_d2842le_dci,Test/Test 5/Extracted pages from DCI DR 12 & 14 AE PARTS CAT D2842LE ESN 49361860994101.pdf,8,drawing_material_list,medium,image heuristic fallback,drawing_material_list,0.56,"D 2842 LE #000001000048 FLYWHEEL HOUSING 1 51.01401-6137 TIMING CASE ASSEMBLY 1 2 51.01510-0206 RADIAL SHAFT SEAL 120X140X13-ACM/PTFE 1 3 51.01402-3016 COVER 1 4 51.96501-0262 O-RING 92X3-FPM1-70-GN 1 5 06.01284-3117 HEXAGON SCREW M8X30-10.9-MAN183-A2C 5 6 06.16731-6107 SPRING WASHER A8-A3C 5 7 06.08042-0609 DRAIN PLUG M26X1,5-ST-A3C 2 8 06.56631-0112 SEAL 26,7X34,93X2-ST/FPM1-80 WITH ELASTOMER LIP 2 9 06.06145-0308 STUD M12-M12X1,5X30-8.8 3 10 51.91606-0098 COVER 1 11 06.56933-2821 O-RING 78X3N"
test5_ae_d2842le_dci,Test/Test 5/Extracted pages from DCI DR 12 & 14 AE PARTS CAT D2842LE ESN 49361860994101.pdf,9,drawing_material_list,medium,image heuristic fallback,drawing_material_list,0.56,D 2842 LE #000001000029 FLYWHEEL HOUSING MOUNTING PARTS 1 51.01903-0249 GASKET ASBESTOS-FREE 1 2 51.01903-0250 GASKET ASBESTOS-FREE 1 3 51.90020-0259 HEX COLLAR DOWEL SCREW M10X12X54-12.9 10 4 51.90020-0183 HEX COLLAR BOLT M10X164-12.9 2 - - ITEM NUMBER 5 - 8 DELETED * 9 51.01402-0043 COVER 1 10 51.01903-0166 CONTROL HOUSING SEAL ASBESTOS-FREE 1 11 06.01284-3117 HEXAGON SCREW M8X30-10.9-MAN183-A2C 5 12 06.16043-0210 SPRING WASHER B8-FST-A3C 8 13 51.98130-0412 REDUCING UNION 1 14 06.56200-0701 SE
test5_ae_d2842le_dci,Test/Test 5/Extracted pages from DCI DR 12 & 14 AE PARTS CAT D2842LE ESN 49361860994101.pdf,10,drawing_only,medium,image heuristic fallback,drawing_only,0.56,D 2842 LE #000001000103 LIFTING EYE 2 06.01383-6209 HEXAGON SCREW M20X40-8.8-MAN183-PHR 1 3 - DELETED * 4 06.01283-5215 HEXAGON SCREW M10X25-8.8-MAN183-B1 1 5 - DELETED * 6 - DELETED * 7 06.01284-7523 HEXAGON SCREW M16X60-M10.9-MAN183-PHR 2 8 51.90710-0247 WASHER 17X26X6-9SMNPB28K 2 V-GR.: 51.#0000-0493 10 5533259 000001 / 03.2016 
test5_ae_d2842le_dci,Test/Test 5/Extracted pages from DCI DR 12 & 14 AE PARTS CAT D2842LE ESN 49361860994101.pdf,11,spare_parts_table,low,image heuristic fallback,spare_parts_table,0.48,D 2842 LE #000001000102 MITRE GEAR 1 81.32801-6072 MITRE GEAR 1 - 04.90300-9030 SEALANT 75 ML TUBE NB V-GR.: 51.#0000-0493 5533259 000001 / 03.2016 11 
test5_ae_d2842le_dci,Test/Test 5/Extracted pages from DCI DR 12 & 14 AE PARTS CAT D2842LE ESN 49361860994101.pdf,12,drawing_material_list,medium,image heuristic fallback,drawing_material_list,0.56,"D 2842 LE #000001000109 PREHEATER CONNECTING PARTS 1 51.06312-0031 HEATER FLANGE 1 2 06.56254-3706 GASKET 40X68X1,0-AFOE4-M3219-G1 1 3 06.01283-5220 HEXAGON SCREW M10X45-8.8-MAN183-B1 1 4 06.01013-7215 HEX SHOULDER STUD M10X50-8.8-MAN183-B1 1 5 06.15013-0412 WASHER 10X20X2-200HV-MAN183-B1 2 - - ITEM NUMBER 6-7 DELETED * 8 06.08042-0208 DRAIN PLUG M24X1,5-ST-ZNPHR3F 1 9 06.56631-0111 SEAL 24,7X32X2-ST/FPM1-80 WITH ELASTOMER LIP 1 V-GR.: 51.#0000-0493 12 5533259 000001 / 03.2016 "
test5_ae_d2842le_dci,Test/Test 5/Extracted pages from DCI DR 12 & 14 AE PARTS CAT D2842LE ESN 49361860994101.pdf,13,drawing_material_list,medium,image heuristic fallback,drawing_material_list,0.56,D 2842 LE #006001000020 TIMING CASE COVER FLANGE 1 51.01402-0033 COVER 1 2 51.01903-0247 GASKET ASBESTOS-FREE 1 3 06.01284-3117 HEXAGON SCREW M8X30-10.9-MAN183-A2C 4 4 06.16043-0210 SPRING WASHER B8-FST-A3C 4 5 51.01402-0033 COVER 1 6 51.01903-0247 GASKET ASBESTOS-FREE 1 7 06.01284-3117 HEXAGON SCREW M8X30-10.9-MAN183-A2C 4 8 06.16043-0210 SPRING WASHER B8-FST-A3C 4 9 51.54130-5003 RIVETTED FLANGE 1 11 06.56933-2821 O-RING 78X3N-ACM1-70 1 12 06.01283-5215 HEXAGON SCREW M10X25-8.8-MAN183-B1 2 12 
test5_ae_d2842le_dci,Test/Test 5/Extracted pages from DCI DR 12 & 14 AE PARTS CAT D2842LE ESN 49361860994101.pdf,14,spare_parts_table,low,image heuristic fallback,spare_parts_table,0.48,D 2842 LE #014002000110 ADDITIONAL V-BELT PULLEY 2-GROOVE 1 51.02601-0394 V-BELT PULLEY 2A241-12X194 2-GROOVE SCALE 1 - - ITEM NUMBER 2 + 3 SEE PLATE: ENGINE TURNING HANDLE * V-GR.: 51.#0140-0241 14 5533259 000001 / 03.2016 
test5_ae_d2842le_dci,Test/Test 5/Extracted pages from DCI DR 12 & 14 AE PARTS CAT D2842LE ESN 49361860994101.pdf,15,spare_parts_table,medium,image heuristic fallback,spare_parts_table,0.55,"D 2842 LE #000002000059 CONNECTING ROD CONROD BEARING 1 51.02401-6234 CONNECTING ROD ASSEMBLY 12 2 51.90020-0139 ELONGATING HEX COLLAR BOLT M16X1,5X67,5-10.9-PHR 24 3 51.02410-6488 CONROD BEARING NORMAL ASSEMBLY SPUTTERED 12 3 51.02410-6515 CONROD BEARING NORMAL 1 = 0,10 MM ASSEMBLY SPUTTERED NB 3 51.02410-6516 CONROD BEARING REPAIR STAGE 1 = 0,25 MM ASSEMBLY SPUTTERED NB 3 51.02410-6517 CONROD BEARING REPAIR STAGE 2 = 0,50 MM ASSEMBLY SPUTTERED NB 3 51.02410-6518 CONROD BEARING REPAIR STAGE 3 ="
test5_ae_d2842le_dci,Test/Test 5/Extracted pages from DCI DR 12 & 14 AE PARTS CAT D2842LE ESN 49361860994101.pdf,16,spare_parts_table,low,image heuristic fallback,spare_parts_table,0.48,"D 2842 LE #000002000011 CRANKSHAFT 1 51.02101-7757 CRANKSHAFT ASSEMBLY 1 2 51.90030-0050 ANTI-FATIGUE CHEESE-HEAD SCREW M16X1,5X74-ST-V/SCHLUSSG.-PHR WITH HEXAGON SOCKET 12 3 51.02130-0032 RACE DIAMETER 100,00 1 4 04.10160-9049 SEALANT 50 ML BOTTLE NB V-GR.: 51.#0000-0493 16 5533259 000001 / 03.2016 "
test5_ae_d2842le_dci,Test/Test 5/Extracted pages from DCI DR 12 & 14 AE PARTS CAT D2842LE ESN 49361860994101.pdf,17,spare_parts_table,low,image heuristic fallback,spare_parts_table,0.48,"D 2842 LE #039002000006 CRANKSHAFT INSPECTION 1 51.02100-6083 CRANKSHAFT LRS INSPECTION 1 2 51.90030-0050 ANTI-FATIGUE CHEESE-HEAD SCREW M16X1,5X74-ST-V/SCHLUSSG.-PHR WITH HEXAGON SOCKET 12 3 51.02130-0032 RACE DIAMETER 100,00 1 4 04.10160-9049 SEALANT 50 ML BOTTLE NB V-GR.: 51.#0390-0154 5533259 000001 / 03.2016 17 "
test5_ae_d2842le_dci,Test/Test 5/Extracted pages from DCI DR 12 & 14 AE PARTS CAT D2842LE ESN 49361860994101.pdf,18,index_page,medium,image heuristic fallback,index_page,0.58,"D 2842 LE #000002000047 CRANKSHAFT MOUNTING PARTS 1 51.02115-6006 TIMING GEAR - CRANKSHAFT ASSEMBLY 1 2 06.22022-3015 DOWEL PIN 8H8X32-ST50-2K 1 3 51.01114-6085 THRUST BEARING NORMAL ASSEMBLY 1 3 51.01114-6087 THRUST BEARING REPAIR STAGE 1 = 0,25 MM ASSEMBLY 1 3 51.01114-6088 THRUST BEARING REPAIR STAGE 2 = 0,50 MM ASSEMBLY 1 3 51.01114-6089 THRUST BEARING REPAIR STAGE 3 = 0,75 MM ASSEMBLY 1 3 51.01114-6090 THRUST BEARING REPAIR STAGE 4 = 1,00 MM ASSEMBLY 1 4 51.01110-6528 MAIN BEARING NORMAL 6 "
test5_ae_d2842le_dci,Test/Test 5/Extracted pages from DCI DR 12 & 14 AE PARTS CAT D2842LE ESN 49361860994101.pdf,19,spare_parts_table,low,image heuristic fallback,spare_parts_table,0.48,D 2842 LE #014002000100 ENGINE TURNING HANDLE 1 51.97908-5002 ENGINE TURNING HANDLE 1 2 06.01284-7114 HEXAGON SCREW M8X22-10.9-MAN183-PHR 6 3 - DELETED * V-GR.: 51.#0140-0241 5533259 000001 / 03.2016 19 
test5_ae_d2842le_dci,Test/Test 5/Extracted pages from DCI DR 12 & 14 AE PARTS CAT D2842LE ESN 49361860994101.pdf,20,spare_parts_table,low,image heuristic fallback,spare_parts_table,0.48,"D 2842 LE #010002000052 FLYWHEEL 1 51.02301-7297 FLYWHEEL ASSEMBLY 1 - 06.31639-0002 BALL 8,5G20P2 1 - 06.31640-0311 BALL 8,731G20 NB 2 51.02310-0097 STARTER RING GEAR WITH BORE 1 - 51.01510-0206 RADIAL SHAFT SEAL 120X140X13-ACM/PTFE 1 3 51.02130-0013 RACE 1 4 51.90020-0298 HEX COLLAR BOLT M16X1,5X73-10.9-ZNPHR3F 10 5 51.02301-0465 ADDITIONAL FLYRING 1 6 06.02191-2618 CYLINDER SCREW M12X1,5X70-10.9-MAN183-PHR 8 7 06.16110-8108 SPRING WASHER 12,4X17,4X2,5-FST-ZN 8 8 04.10160-9049 SEALANT 50 ML BO"
test5_ae_d2842le_dci,Test/Test 5/Extracted pages from DCI DR 12 & 14 AE PARTS CAT D2842LE ESN 49361860994101.pdf,21,spare_parts_table,low,image heuristic fallback,spare_parts_table,0.48,"D 2842 LE #000002000017 PISTON 1 51.02501-7400 PISTON NORMAL ASSEMBLY 128,00 MM 12 - - OR * 1 51.02501-7401 PISTON UNDERSIZE 0,20 MM ASSEMBLY 128,00 MM 12 - - OR * 1 51.02501-7402 PISTON UNDERSIZE 0,40 MM ASSEMBLY 128,00 MM 12 2 51.02503-0750 KEYSTONE RING 128/117,8 X 3,5 12 3 51.02503-0661 TAPER FACE SCRAPER RING 128/117,6 X 3 12 4 51.02503-0651 BEVELLED OIL SCRAPER RING WITH SPRING EXPANDER 128,00 MM 12 5 51.02502-0098 PISTON PIN 12 6 51.90810-0011 SNAP RING 52X1,75-FST 24 V-GR.: 51.#0000-0493"
test5_ae_d2842le_dci,Test/Test 5/Extracted pages from DCI DR 12 & 14 AE PARTS CAT D2842LE ESN 49361860994101.pdf,22,spare_parts_table,low,image heuristic fallback,spare_parts_table,0.48,"D 2842 LE #000002000079 VIBRATION DAMPER 1 51.01505-5009 SLINGER 1 2 51.02115-0127 HUB 1 3 51.02201-0081 CRANKSHAFT VIBRATION DAMPER 1 4 51.02115-6051 V-BELT PULLEY WITH 2-GROOVE SCALE 1 5 06.03216-8404 HEX FLANGE BOLT M10X20-10.9-MAN183-B1 8 6 51.90020-0246 HEX COLLAR BOLT M16X1,5X75-10.9-SW19-ZNPHR3F 8 7 51.97908-0052 CARRIER 1 8 51.97908-0050 POINTER 1 9 06.15013-0409 WASHER 6X12X1,6-200HV-MAN183-B1 1 10 06.11064-2112 HEXAGON NUT M6-8-MAN183-B1 1 V-GR.: 51.#0000-0493 22 5533259 000001 / 03.20"
test5_ae_d2842le_dci,Test/Test 5/Extracted pages from DCI DR 12 & 14 AE PARTS CAT D2842LE ESN 49361860994101.pdf,23,spare_parts_table,low,image heuristic fallback,spare_parts_table,0.48,"D 2842 LE #076003000004 CYLINDER HEAD COMPONENTS 1 51.03101-6585 CYLINDER HEAD 12 2 51.03201-0088 VALVE GUIDE NORMAL 24 3 51.03203-0242 VALVE SEAT RING 61,11 INTAKE 12 4 51.03203-0184 VALVE SEAT RING 53,11 EXHAUST 12 5 51.91606-0037 COVER A40,3/14,5-X5CRNI1810N 12 6 51.91606-0041 COVER A22,2/7,5-X5CRNI1810N 12 7 06.15094-4113 COVER B20/6-X5CRNI1810 24 8 04.10160-9164 ADHESIVE 50 ML BOTTLE NB V-GR.: 51.#0760-0011 5533259 000001 / 03.2016 23 "
test5_ae_d2842le_dci,Test/Test 5/Extracted pages from DCI DR 12 & 14 AE PARTS CAT D2842LE ESN 49361860994101.pdf,24,spare_parts_table,low,image heuristic fallback,spare_parts_table,0.48,D 2842 LE #000003000052 CYLINDER HEAD COVER 1 51.03401-0164 CYLINDER HEAD COVER MAN 11 2 51.03401-0162 CYLINDER HEAD COVER WITH OIL FILLER PIPE 1 3 51.03905-0135 CYLINDER HEAD COVER GASKET ASBESTOS-FREE 12 4 81.12210-0007 BAYONET CAP 40 1 5 51.96601-0313 SEAL 38X57X3-NBR-70 1 6 06.03221-0609 EXTERNAL HEX ROUND BOLT BM8X40-8.8-MAN183-PHR WITH LARGE FLANGE 24 7 - DELETED * V-GR.: 51.#0000-0493 24 5533259 000001 / 03.2016 
test5_ae_d2842le_dci,Test/Test 5/Extracted pages from DCI DR 12 & 14 AE PARTS CAT D2842LE ESN 49361860994101.pdf,25,index_page,medium,image heuristic fallback,index_page,0.58,"D 2842 LE #000003000056 CYLINDER HEAD GASKET CYLINDER HEAD BOLT 1 06.08042-0603 DRAIN PLUG M14X1,5-ST-A3C 12 2 06.56190-0706 SEAL A14X20-CU 12 3 51.03901-0298 CYLINDER HEAD GASKET ASBESTOS-FREE 12 4 51.90490-0022 EXTERNAL HEX ROUND BOLT M15X2X168-1200N/MM2-E20-ZNPHR3 24 5 51.90490-0023 EXTERNAL HEX ROUND BOLT M15X2X144-1200N/MM2-E20-ZNPHR3 36 6 51.90490-0024 EXTERNAL HEX ROUND BOLT M15X2X109-1200N/MM2-E20-ZNPHR3 12 7 09.16012-0117 ASSEMBLY PASTE 100 G TUBE NB 8 51.97801-0211 ADHESIVE LABEL 75X35"
test5_ae_d2842le_dci,Test/Test 5/Extracted pages from DCI DR 12 & 14 AE PARTS CAT D2842LE ESN 49361860994101.pdf,26,spare_parts_table,low,image heuristic fallback,spare_parts_table,0.48,D 2842 LE #000003000046 INSTRUCTION PLATES 1 51.97801-0211 ADHESIVE LABEL 75X35/KST-WS/RT-SW 2 2 51.97801-0212 ADHESIVE LABEL 75X35/KST-WS/GN-SW 2 3 51.97801-0213 ADHESIVE LABEL 75X35/KST-WS/RT-SW 2 4 51.97801-0214 ADHESIVE LABEL 75X35/KST-WS/GN-SW 2 - - ITEM NUMBER 5 - 6 DELETED * V-GR.: 51.#0000-0493 26 5533259 000001 / 03.2016 
test5_ae_d2842le_dci,Test/Test 5/Extracted pages from DCI DR 12 & 14 AE PARTS CAT D2842LE ESN 49361860994101.pdf,27,spare_parts_table,low,image heuristic fallback,spare_parts_table,0.48,D 2842 LE #000003000044 INSTRUCTION PLATES 1 - DELETED * 2 - DELETED * 3 - DELETED * 4 51.97801-0266 INSTRUCTION PLATE 65X35-KST-WS/RT-SW VALVE CLEARANCE ENGLISH 2 5 - DELETED * - - ITEM NUMBER 6 - 9 DELETED * V-GR.: 51.#0000-0493 5533259 000001 / 03.2016 27 
test5_ae_d2842le_dci,Test/Test 5/Extracted pages from DCI DR 12 & 14 AE PARTS CAT D2842LE ESN 49361860994101.pdf,28,spare_parts_table,low,image heuristic fallback,spare_parts_table,0.48,D 2842 LE #017004000018 CAMSHAFT 1 51.04401-6314 CAMSHAFT WITHOUT ASSEMBLY INJECTION TIMER 1 V-GR.: 51.#0170-0094 28 5533259 000001 / 03.2016 
test5_ae_d2842le_dci,Test/Test 5/Extracted pages from DCI DR 12 & 14 AE PARTS CAT D2842LE ESN 49361860994101.pdf,29,spare_parts_table,low,image heuristic fallback,spare_parts_table,0.48,D 2842 LE #000004000220 CAMSHAFT 2 51.27505-0073 DRIVING DOG 1 V-GR.: 51.#0000-0493 5533259 000001 / 03.2016 29 
test5_ae_d2842le_dci,Test/Test 5/Extracted pages from DCI DR 12 & 14 AE PARTS CAT D2842LE ESN 49361860994101.pdf,30,drawing_material_list,medium,image heuristic fallback,drawing_material_list,0.56,"D 2842 LE #000004000011 ROCKER ARM MECHANISM COMPONENTS 1 51.04202-7002 ROCKER BRACKET COMPONENT KIT 12 2 51.04202-5034 ROCKER BRACKET ASSEMBLY 12 - 06.31649-0006 BALL 6,350G20P2 24 3 51.04201-6111 ROCKER ARM 24 4 51.93020-1011 BUSH 24 5 51.04205-0021 ADJUSTING SCREW M12X1X42,5SZ-A-CK45 24 6 51.90501-0049 HEXAGON NUT M12X1-6-8-PHR 24 7 51.90701-0136 SHIM RING 25X37X1-C35-PAB 24 8 06.29019-0320 CIRCLIP 24X1,20 24 9 09.16012-0117 ASSEMBLY PASTE 100 G TUBE NB V-GR.: 51.#0000-0493 30 5533259 000001 "
test5_ae_d2842le_dci,Test/Test 5/Extracted pages from DCI DR 12 & 14 AE PARTS CAT D2842LE ESN 49361860994101.pdf,31,spare_parts_table,low,image heuristic fallback,spare_parts_table,0.48,"D 2842 LE #000004000025 VALVES VALVE TAPPET 1 51.04101-0447 EXHAUST VALVE 12 2 51.04101-0375 INTAKE VALVE 12 3 - DELETED * 4 51.04102-0075 SPRING - VALVE INNER 24 5 51.90701-0103 WASHER 20,3X30X0,5-CK67V-ZNPHR3F 24 6 51.04102-0070 SPRING - VALVE OUTER 24 7 51.90701-0104 WASHER 32X42X0,5-CK67V-PAB 24 8 51.04103-0095 VALVE SPRING DISC 24 9 51.04104-0023 VALVE COTTER 1-GROOVE 48 10 06.01014-7219 HEX SHOULDER STUD M10X70-10.9-MAN183-B1 24 11 51.04302-0042 PUSH ROD 24 12 51.04301-0106 VALVE TAPPET NO"
test5_ae_d2842le_dci,Test/Test 5/Extracted pages from DCI DR 12 & 14 AE PARTS CAT D2842LE ESN 49361860994101.pdf,32,index_page,medium,image heuristic fallback,index_page,0.58,"D 2842 LE #000005000200 OIL COOLER 1 51.05604-0030 OIL COOLER HOUSING 1 2 51.05901-0146 OIL COOLER SEAL 1 3 06.01283-5218 HEXAGON SCREW M10X35-8.8-MAN183-B1 5 3 06.01283-5222 HEXAGON SCREW M10X55-8.8-MAN183-B1 5 4 - DELETED * 5 06.02109-0040 CYLINDER SCREW M10X25-10.9-MAN183-A3C 5 6 06.15033-0814 WASHER 10X18X1,6-200HV-MAN183-B1 5 7 51.05601-0169 OIL COOLER 2 8 06.56254-2203 GASKET 26X48X1,0-AFOE2-M3219 4 9 06.01283-5122 HEXAGON SCREW M8X55-8.8-MAN183-B1 8 10 06.01283-5111 HEXAGON SCREW M8X16-8."
test5_ae_d2842le_dci,Test/Test 5/Extracted pages from DCI DR 12 & 14 AE PARTS CAT D2842LE ESN 49361860994101.pdf,33,index_page,medium,image heuristic fallback,index_page,0.58,"D 2842 LE #000005000200 20 51.05902-0048 OIL COOLER SEAL ASBESTOS-FREE 1 21 06.01283-5123 HEXAGON SCREW M8X60-8.8-MAN183-B1 3 22 06.16043-0210 SPRING WASHER B8-FST-A3C 22 24 50.98130-0273 REDUCING NIPPLE M26X1,5 / M10X1 1 25 06.08099-0023 DRAIN PLUG CM10X1-ST-MAN183-B1 1 26 06.56631-0233 SEAL 10,3X16X1,5-ST/FKM1-80 WITH ELASTOMER LIP 1 27 06.56631-0112 SEAL 26,7X34,93X2-ST/FPM1-80 WITH ELASTOMER LIP 3 28 06.08062-0203 DRAIN PLUG M14X1,5-ST-ZNPHR3F 1 29 06.56631-0235 SEAL 14,3X22X1,5-ST/FKM1-80 W"
test5_ae_d2842le_dci,Test/Test 5/Extracted pages from DCI DR 12 & 14 AE PARTS CAT D2842LE ESN 49361860994101.pdf,34,spare_parts_table,low,image heuristic fallback,spare_parts_table,0.48,"D 2842 LE #013005000302 OIL MEASUREMENT 1 51.05806-0070 GUIDE TUBE 1 2 51.05805-5191 OIL DIPSTICK 1 3 06.71010-0307 PIPE UNION CL10A-ST-MAN183-B1 1 - - NOT AVAILABLE ANY MORE; NEW: * - 06.71020-0317 GRIP RING S10-ST-A3D 1 - 06.71030-4113 UNION NUT N-L10-FLPST-MAN183-B1 1 - 51.98130-0579 STRAIGHT UNION M14X1,5-NW10 1 4 06.56190-0706 SEAL A14X20-CU 1 V-GR.: 51.#0130-0023 34 5533259 000001 / 03.2016 "
test5_ae_d2842le_dci,Test/Test 5/Extracted pages from DCI DR 12 & 14 AE PARTS CAT D2842LE ESN 49361860994101.pdf,35,drawing_material_list,medium,image heuristic fallback,drawing_material_list,0.56,"D 2842 LE #013005000190 OIL PUMP - 51.05100-6191 OIL PUMP ASSEMBLY 1 1 51.05102-0054 BODY, OIL PUMP 1 2 51.05104-6063 GEAR - OIL PUMP 1 3 51.05105-0040 SHAFT 1 4 51.05104-6064 GEAR - OIL PUMP 2 5 51.05105-0043 SHAFT 2 6 51.05103-0111 COVER - OIL PUMP 1 7 06.01283-5113 HEXAGON SCREW M8X20-8.8-MAN183-B1 4 8 06.01283-5121 HEXAGON SCREW M8X50-8.8-MAN183-B1 3 9 51.05201-0063 DRIVE GEAR 1 10 51.05715-0034 INTERMEDIATE FLANGE 1 11 51.05405-0012 PRESSURE RELIEF VALVE 2 - 51.05440-0006 FLANGE 2 - - BETWE"
test5_ae_d2842le_dci,Test/Test 5/Extracted pages from DCI DR 12 & 14 AE PARTS CAT D2842LE ESN 49361860994101.pdf,36,drawing_material_list,medium,image heuristic fallback,drawing_material_list,0.56,"D 2842 LE #000005000065 OIL PUMP 1 51.05100-6171 OIL PUMP ASSEMBLY 1 2 51.05102-0048 BODY, OIL PUMP 1 3 51.05104-6024 GEAR - OIL PUMP ASSEMBLY 1 4 51.05205-0020 DRIVE SHAFT 1 5 51.05104-6052 GEAR - OIL PUMP ASSEMBLY 1 6 51.05105-0034 SHAFT 1 7 51.05204-0057 INTERMEDIATE GEAR 1 8 51.05204-6002 INTERMEDIATE GEAR ASSEMBLY 1 9 51.05205-0031 SHAFT 1 10 51.05103-0103 COVER - OIL PUMP 1 11 06.01283-3120 HEXAGON SCREW M8X45-8.8-A2C 4 12 06.15113-2616 SUPPORT WASHER S18X25X1,5-FST 1 13 06.29010-0115 CIRC"
test5_ae_d2842le_dci,Test/Test 5/Extracted pages from DCI DR 12 & 14 AE PARTS CAT D2842LE ESN 49361860994101.pdf,37,spare_parts_table,low,image heuristic fallback,spare_parts_table,0.48,"D 2842 LE #000005000053 OIL PUMP 1 51.05100-6141 OIL PUMP ASSEMBLY 1 2 51.05102-0036 BODY, OIL PUMP 1 3 51.05104-6026 GEAR - OIL PUMP ASSEMBLY 1 4 51.05104-6025 GEAR - OIL PUMP ASSEMBLY 1 5 51.05103-0103 COVER - OIL PUMP 1 6 06.01283-3120 HEXAGON SCREW M8X45-8.8-A2C 4 7 51.05201-0057 DRIVE GEAR 1 V-GR.: 51.#0000-0493 5533259 000001 / 03.2016 37 "
test5_ae_d2842le_dci,Test/Test 5/Extracted pages from DCI DR 12 & 14 AE PARTS CAT D2842LE ESN 49361860994101.pdf,38,spare_parts_table,low,image heuristic fallback,spare_parts_table,0.48,D 2842 LE #000005000058 OIL PUMP PRESSURE RELIEF VALVE 1 51.05405-0012 PRESSURE RELIEF VALVE 2 2 06.01013-7124 HEX SHOULDER STUD M8X95-8.8-A-MAN183-B1 4 2 06.01283-5122 HEXAGON SCREW M8X55-8.8-MAN183-B1 2 3 06.16043-0210 SPRING WASHER B8-FST-A3C 6 V-GR.: 51.#0000-0493 38 5533259 000001 / 03.2016 
test5_ae_d2842le_dci,Test/Test 5/Extracted pages from DCI DR 12 & 14 AE PARTS CAT D2842LE ESN 49361860994101.pdf,39,index_page,medium,image heuristic fallback,index_page,0.58,"D 2842 LE #013005000303 OIL SUCTION LINE 1 51.05702-5344 OIL SUCTION LINE LEFT 1 2 51.05702-5345 OIL SUCTION LINE RIGHT 1 3 51.05705-0025 PERFORATED PLATE 2 4 51.90815-0016 SNAP RING 73,0X78,6X2,00 2 5 06.56259-0033 GASKET 35X58X1,0-AFOE2-M3219-A1-G1 2 6 06.01283-5115 HEXAGON SCREW M8X25-8.8-MAN183-B1 4 7 06.16739-0014 SPRING WASHER A8-MAN183-B1 4 8 51.97480-0422 FISH PLATE G20X5X61-10-41-9-ST37-2 2 HOLES 1 9 06.01283-5113 HEXAGON SCREW M8X20-8.8-MAN183-B1 2 10 06.15230-0205 WASHER 8,4X21X4-ST-M"
test5_ae_d2842le_dci,Test/Test 5/Extracted pages from DCI DR 12 & 14 AE PARTS CAT D2842LE ESN 49361860994101.pdf,40,drawing_material_list,medium,image heuristic fallback,drawing_material_list,0.56,"D 2842 LE #013005000315 OIL SUMP 1 51.05801-5378 OIL SUMP DEEP 1 2 06.08062-0203 DRAIN PLUG M14X1,5-ST-ZNPHR3F 3 3 06.56631-0235 SEAL 14,3X22X1,5-ST/FKM1-80 WITH ELASTOMER LIP 3 4 51.05904-0133 OIL SUMP SEAL ASBESTOS-FREE 1 5 06.02191-0411 CYLINDER SCREW M8X35-10.9-MAN183-PHR 20 6 06.15033-0813 WASHER 8X15X1,6-200HV-MAN183-B1 20 7 51.90310-0186 DRAIN PLUG M26X1,5X20-9SMNPB28K 1 8 51.96601-0352 GASKET ASBESTOS-FREE 1 - - ITEM NUMBER 9 - 12 DELETED * V-GR.: 51.#0130-0023 40 5533259 000001 / 03.201"
test5_ae_d2842le_dci,Test/Test 5/Extracted pages from DCI DR 12 & 14 AE PARTS CAT D2842LE ESN 49361860994101.pdf,41,spare_parts_table,low,image heuristic fallback,spare_parts_table,0.48,"D 2842 LE #016005000140 OIL SUMP RIVETTED FLANGE 1 51.98112-0123 RIVETTED FLANGE 2 2 51.96601-0383 GASKET 26X52,5X11X1,5-AFOE2 ASBESTOS-FREE 2 3 06.01283-5215 HEXAGON SCREW M10X25-8.8-MAN183-B1 4 - - ITEM NUMBER 4 + 5 DELETED * V-GR.: 51.#0160-0107 5533259 000001 / 03.2016 41 "
test5_ae_d2842le_dci,Test/Test 5/Extracted pages from DCI DR 12 & 14 AE PARTS CAT D2842LE ESN 49361860994101.pdf,42,spare_parts_table,low,image heuristic fallback,spare_parts_table,0.48,"D 2842 LE #009006000016 BYPASS ELEMENT 1 51.06402-0045 BYPASS ELEMENT 3 2 51.96501-0337 O-RING 36,5X3,5-NBR3-60 3 V-GR.: 51.#0090-0092 42 5533259 000001 / 03.2016 "
test5_ae_d2842le_dci,Test/Test 5/Extracted pages from DCI DR 12 & 14 AE PARTS CAT D2842LE ESN 49361860994101.pdf,43,spare_parts_table,low,image heuristic fallback,spare_parts_table,0.48,D 2842 LE #014006001730 COOLANT OUTLET COOLING WATER PIPE 1 51.06302-0298 COOLING WATER PIPE HARDENED 1 2 06.01013-7117 HEX SHOULDER STUD M8X60-8.8-MAN183-B1 2 3 06.01013-7115 HEX SHOULDER STUD M8X50-8.8-MAN183-B1 1 4 - DELETED * V-GR.: 51.#0140-0241 5533259 000001 / 03.2016 43 
test5_ae_d2842le_dci,Test/Test 5/Extracted pages from DCI DR 12 & 14 AE PARTS CAT D2842LE ESN 49361860994101.pdf,44,index_page,medium,image heuristic fallback,index_page,0.58,"D 2842 LE #000006000096 COOLANT PUMP MOUNTING PARTS 1 51.06500-6472 COOLANT PUMP ASSEMBLY 1 - 51.06501-0326 PUMP HOUSING 1 - 51.91606-0053 COVER A50,2/10,5-X5CRNI1810N 1 1 - EFFECTIVE PRODUCTION START 19/02 SEE PLATE: * - - COOLANT PUMP WITH PLUG CONNECTION * 2 06.08092-0144 DRAIN PLUG AM14X1,5-ST-A3C 1 3 06.56631-0235 SEAL 14,3X22X1,5-ST/FKM1-80 WITH ELASTOMER LIP 1 4 06.08069-0053 DRAIN PLUG G1/2""A-ST-A3C 2 5 06.56190-0716 SEAL A21X26-CU 2 - 04.10160-9164 ADHESIVE 50 ML BOTTLE 1 6 51.93410-011"
test5_ae_d2842le_dci,Test/Test 5/Extracted pages from DCI DR 12 & 14 AE PARTS CAT D2842LE ESN 49361860994101.pdf,45,spare_parts_table,low,image heuristic fallback,spare_parts_table,0.48,"D 2842 LE #000006000096 15 51.06901-0114 COOLANT PUMP SEAL ASBESTOS-FREE 1 16 06.01013-3122 HEX SHOULDER STUD M8X85-8.8-A2C 5 17 06.01283-3122 HEXAGON SCREW M8X55-8.8-A2C 3 18 - DELETED * 19 - DELETED * 20 06.15013-0411 WASHER 8X16X1,6-200HV-MAN183-B1 2 V-GR.: 51.#0000-0493 5533259 000001 / 03.2016 45 "
test5_ae_d2842le_dci,Test/Test 5/Extracted pages from DCI DR 12 & 14 AE PARTS CAT D2842LE ESN 49361860994101.pdf,46,spare_parts_table,low,image heuristic fallback,spare_parts_table,0.48,D 2842 LE #014006001740 COOLANT PUMP PULLEY 1 51.06503-0300 V-BELT PULLEY 2A150-6X90 2-GROOVE 1 - - ITEM NUMBER 2 + 3 DELETED * V-GR.: 51.#0140-0241 46 5533259 000001 / 03.2016 
test5_ae_d2842le_dci,Test/Test 5/Extracted pages from DCI DR 12 & 14 AE PARTS CAT D2842LE ESN 49361860994101.pdf,47,repair_kit,medium,kit/accessory/equipment keyword,spare_parts_table,0.48,"D 2842 LE #000006000097 COOLANT PUMP REPAIR KIT 1 51.06599-6025 WATER PUMP REPAIR KIT COOLANT PUMP 1 2 51.93410-0116 WATER PUMP BEARING 1 3 06.29029-0209 CIRCLIP 55X2-MAN183-B1 1 4 51.06506-6003 DIFFUSER 1 5 51.06901-0114 COOLANT PUMP SEAL ASBESTOS-FREE 1 6 51.06520-0082 AXIAL FACE SEAL 1 7 51.06512-0025 COVER 1 8 51.06901-0108 COOLANT PUMP SEAL ASBESTOS-FREE 3 9 06.56341-2122 O-RING 60X4B-NBR3-60 3 10 51.96501-0337 O-RING 36,5X3,5-NBR3-60 3 V-GR.: 51.#0000-0493 5533259 000001 / 03.2016 47 "
test5_ae_d2842le_dci,Test/Test 5/Extracted pages from DCI DR 12 & 14 AE PARTS CAT D2842LE ESN 49361860994101.pdf,48,index_page,medium,image heuristic fallback,index_page,0.58,"D 2842 LE #004006000120 COOLANT PUMP TENSION PULLEY - 51.95800-7135 TENSION PULLEY ASSEMBLY 1 1 51.95820-0012 V-BELT PULLEY 2A94-40M6 2-GROOVE 1 2 06.29020-0125 CIRCLIP 40X1,75-ZNPHR5F 1 3 06.15033-0818 WASHER 17X28X2,5-200HV-MAN183-B1 1 4 51.93410-0110 BALL BEARING 6203-2RS1C3LHT23 2 5 06.37769-0053 NILOS GLAND 2 6 51.91701-0285 SLINGER 2 7 51.91701-0283 BUSH 12,2X17H6X24/39,5X35,7-9SMNPB2 1 8 51.93020-0294 BUSH 12,5X17,6F7X21,5/0,3-SINT-D10 1 9 51.19107-0110 GUIDE PIECE 1 10 06.15013-0413 WASH"
test5_ae_d2842le_dci,Test/Test 5/Extracted pages from DCI DR 12 & 14 AE PARTS CAT D2842LE ESN 49361860994101.pdf,49,index_page,medium,image heuristic fallback,index_page,0.58,D 2842 LE #016006000560 EXHAUST SYSTEM COOLING WATER LINES 1 51.06302-0296 COOLING WATER PIPE HARDENED 1 2 50.06302-5654 COOLING WATER PIPE 1 3 06.56257-2508 GASKET 50X78X2-AFQ1-M3219 ASBESTOS-FREE 2 4 06.01283-5214 HEXAGON SCREW M10X22-8.8-MAN183-B1 4 5 04.27405-9150 COOLING WATER HOSE 50X1000-3-BL NB 6 06.67122-6121 HOSE CLAMP A50-70X9-W2-2 2 7 51.06302-6021 INTAKE MANIFOLD HARDENED 1 8 51.96601-0482 GASKET ASBESTOS-FREE 1 9 06.01283-5117 HEXAGON SCREW M8X30-8.8-MAN183-B1 4 10 04.27405-9150 CO
test5_ae_d2842le_dci,Test/Test 5/Extracted pages from DCI DR 12 & 14 AE PARTS CAT D2842LE ESN 49361860994101.pdf,50,drawing_material_list,medium,image heuristic fallback,drawing_material_list,0.56,"D 2842 LE #016006000560 18 51.96301-0114 HOSE 75X6X1000-MVQ NB 19 06.67122-6126 HOSE CLAMP A70-90X9-W1-2 2 - 51.97440-0155 HOSE CLAMP 88X25-W2 1 20 51.06340-0184 BRACKET 1 21 06.67300-4988 CLAMP A1-49X25-W4 1 22 51.91701-0531 BUSH 10,5X20X5-ST35NBK 1 23 06.01283-5214 HEXAGON SCREW M10X22-8.8-MAN183-B1 1 24 06.15013-0412 WASHER 10X20X2-200HV-MAN183-B1 1 25 06.11064-2115 HEXAGON NUT M10-8-MAN183-B1 1 26 50.06302-0197 COOLING WATER PIPE 1 27 51.06302-0295 FLANGED UNION HARDENED 1 28 51.06302-0294 F"
test5_ae_d2842le_dci,Test/Test 5/Extracted pages from DCI DR 12 & 14 AE PARTS CAT D2842LE ESN 49361860994101.pdf,51,spare_parts_table,low,image heuristic fallback,spare_parts_table,0.48,"D 2842 LE #000006000108 OIL COOLER COOLANT PIPE 1 51.06302-0486 COOLANT ELBOW 1 2 06.56936-2733 O-RING 74X5-FPM1-70-GN 1 3 06.01283-5318 HEXAGON SCREW M12X35-8.8-MAN183-B1 2 4 06.15013-0413 WASHER 12X24X2,5-200HV-MAN183-B1 2 5 04.27405-9575 COOLING WATER HOSE 75X1000-5 NB 6 06.67128-0329 HOSE CLAMP AS80-87 2 7 04.10394-9292 SEALANT 50 ML CARTRIDGE WITH NOZZLE 1 V-GR.: 51.#0000-0493 5533259 000001 / 03.2016 51 "
test5_ae_d2842le_dci,Test/Test 5/Extracted pages from DCI DR 12 & 14 AE PARTS CAT D2842LE ESN 49361860994101.pdf,52,spare_parts_table,low,image heuristic fallback,spare_parts_table,0.48,"D 2842 LE #014006001750 TENSION PULLEY MOUNTING PARTS 1 51.90020-0281 HEX COLLAR DOWEL SCREW M12X18D9X60-8.8 1 2 51.90441-0126 EYE BOLT M12X170X14X12,5-6.8-SCHLUSSG.- 1 - - ITEM NUMBER 3 - 6 DELETED * 7 06.58073-2312 NARROW V-BELT SET C-13X1250X2 1 V-GR.: 51.#0140-0241 52 5533259 000001 / 03.2016 "
test5_ae_d2842le_dci,Test/Test 5/Extracted pages from DCI DR 12 & 14 AE PARTS CAT D2842LE ESN 49361860994101.pdf,53,index_page,medium,image heuristic fallback,index_page,0.58,"D 2842 LE #016006000550 THERMOSTAT HOUSING CONNECTING PARTS MOUNTING PARTS 1 50.06404-0031 THERMOSTAT HOUSING 1 2 50.06301-0583 COOLING WATER PIPE 1 3 51.06402-0061 COOLING WATER THERMOSTAT 79 DEG. 3 4 51.06901-0108 COOLANT PUMP SEAL ASBESTOS-FREE 3 5 06.56341-2122 O-RING 60X4B-NBR3-60 3 6 06.01013-7118 HEX SHOULDER STUD M8X65-8.8-MAN183-B1 3 7 - DELETED * 8 06.08042-0609 DRAIN PLUG M26X1,5-ST-A3C 1 9 06.56631-0112 SEAL 26,7X34,93X2-ST/FPM1-80 WITH ELASTOMER LIP 1 10 06.08042-0603 DRAIN PLUG M14"
test5_ae_d2842le_dci,Test/Test 5/Extracted pages from DCI DR 12 & 14 AE PARTS CAT D2842LE ESN 49361860994101.pdf,54,spare_parts_table,low,image heuristic fallback,spare_parts_table,0.48,"D 2842 LE #000008000046 AIR DISTRIBUTOR PIPE 1 51.08201-0221 DISTRIBUTION PIPE 2 2 51.08902-0131 INTAKE PIPE SEAL ASBESTOS-FREE 4 3 51.08203-0008 COVER 2 4 06.01283-5112 HEXAGON SCREW M8X18-8.8-MAN183-B1 6 5 - DELETED * 6 51.08902-0161 INTAKE PIPE SEAL 12 7 06.01013-7126 HEX SHOULDER STUD M8X110-8.8-MAN183-B1 21 8 06.01019-0276 HEX SHOULDER STUD M8X115-10.9-MAN183-PHR 3 9 06.15013-0411 WASHER 8X16X1,6-200HV-MAN183-B1 21 10 - DELETED * V-GR.: 51.#0000-0493 54 5533259 000001 / 03.2016 "
test5_ae_d2842le_dci,Test/Test 5/Extracted pages from DCI DR 12 & 14 AE PARTS CAT D2842LE ESN 49361860994101.pdf,55,spare_parts_table,low,image heuristic fallback,spare_parts_table,0.48,"D 2842 LE #011008002690 AIR INTAKE MOUNTING PARTS 1 51.08202-0151 AIR INTAKE 2 2 51.98131-0071 HOSE NIPPLE 22-M26X1,5-ST 2 2 06.56631-0112 SEAL 26,7X34,93X2-ST/FPM1-80 WITH ELASTOMER LIP 2 3 06.08042-0609 DRAIN PLUG M26X1,5-ST-A3C 4 3 06.56631-0112 SEAL 26,7X34,93X2-ST/FPM1-80 WITH ELASTOMER LIP 4 4 51.97480-0397 BRACKET G20X3X62-10-37,5-9/7/9-ST37-2 1 V-GR.: 51.#0110-0117 5533259 000001 / 03.2016 55 "
test5_ae_d2842le_dci,Test/Test 5/Extracted pages from DCI DR 12 & 14 AE PARTS CAT D2842LE ESN 49361860994101.pdf,56,spare_parts_table,low,image heuristic fallback,spare_parts_table,0.48,D 2842 LE #014008000060 CHARGE-AIR PIPES MOUNTING PARTS 1 51.09411-5069 CHARGE-AIR PIPE RIGHT ASSEMBLY 1 2 51.09411-0154 CHARGE-AIR PIPE LEFT 1 3 51.96330-0295 HOSE 75X120-5 2 4 51.96330-0256 HOSE 80X100+-3-5 2 5 06.67122-6126 HOSE CLAMP A70-90X9-W1-2 8 6 06.67122-6129 HOSE CLAMP A80-100X9-W2-2 8 7 51.97480-0369 BRACKET 2 8 51.97401-0489 CLAMP B75X20X12-9X13-UST37-2 2 9 06.01283-5112 HEXAGON SCREW M8X18-8.8-MAN183-B1 2 10 06.01284-3117 HEXAGON SCREW M8X30-10.9-MAN183-A2C 2 11 06.15013-0411 WASHE
test5_ae_d2842le_dci,Test/Test 5/Extracted pages from DCI DR 12 & 14 AE PARTS CAT D2842LE ESN 49361860994101.pdf,57,spare_parts_table,low,image heuristic fallback,spare_parts_table,0.48,"D 2842 LE #016008002110 EXHAUST MANIFOLD WATER COOLED LEFT 1 51.08101-6128 EXHAUST MANIFOLD WATER COOLED 1 2 51.08101-6156 EXHAUST ELBOW 4-HOLE WATER COOLED FLANGE 1 3 51.08901-0083 EXHAUST MANIFOLD SEAL ASBESTOS-FREE 2 4 51.08101-0425 COVER 1 5 51.08101-0426 EXHAUST ELBOW 1 6 06.02191-2618 CYLINDER SCREW M12X1,5X70-10.9-MAN183-PHR 4 7 06.06229-0080 STUD M12X1,5X35-10.9-MAN183-PHR 4 8 06.11065-2516 HEXAGON NUT M12X1,5-10-MAN183-B1 8 V-GR.: 51.#0160-0107 5533259 000001 / 03.2016 57 "
test5_ae_d2842le_dci,Test/Test 5/Extracted pages from DCI DR 12 & 14 AE PARTS CAT D2842LE ESN 49361860994101.pdf,58,spare_parts_table,low,image heuristic fallback,spare_parts_table,0.48,"D 2842 LE #016008002120 EXHAUST MANIFOLD WATER COOLED RIGHT 1 51.08101-6129 EXHAUST MANIFOLD WATER COOLED 1 2 51.08101-6156 EXHAUST ELBOW 4-HOLE WATER COOLED FLANGE 1 3 51.08901-0083 EXHAUST MANIFOLD SEAL ASBESTOS-FREE 2 4 50.06404-0031 THERMOSTAT HOUSING 1 5 51.08101-0347 EXHAUST ELBOW 1 6 06.02191-2620 CYLINDER SCREW M12X1,5X80-10.9-MAN183-PHR 2 7 06.02191-2622 CYLINDER SCREW M12X1,5X100-10.9-MAN183-PHR 2 8 06.06229-0080 STUD M12X1,5X35-10.9-MAN183-PHR 4 9 06.11065-2516 HEXAGON NUT M12X1,5-10-"
test5_ae_d2842le_dci,Test/Test 5/Extracted pages from DCI DR 12 & 14 AE PARTS CAT D2842LE ESN 49361860994101.pdf,59,index_page,medium,image heuristic fallback,index_page,0.58,D 2842 LE #016008002130 EXHAUST PIPES WATER COOLED MOUNTING PARTS 1 51.08901-0099 EXHAUST MANIFOLD SEAL ASBESTOS-FREE 12 2 06.01019-0141 HEX SHOULDER STUD M10X140-8.8-A3C 24 3 51.08901-0041 GASKET ASBESTOS-FREE 4 4 51.08105-0048 INTERMEDIATE PIECE RIGHT 1 5 51.08105-0047 INTERMEDIATE PIECE 1 6 51.90201-0173 STUD M10X30-GA-WARMFEST-C3J 8 - 04.10160-9131 ADHESIVE 50 ML-GN BOTTLE NB 7 06.15013-0412 WASHER 10X20X2-200HV-MAN183-B1 12 8 06.11241-0306 HEX LOCK NUT AM10-10-MAN183-B1 12 9 06.08092-0144 D
test5_ae_d2842le_dci,Test/Test 5/Extracted pages from DCI DR 12 & 14 AE PARTS CAT D2842LE ESN 49361860994101.pdf,60,index_page,medium,image heuristic fallback,index_page,0.58,"D 2842 LE #016008000271 EXHAUST SYSTEM BLEEDER LINES - - ITEM NUMBER 1 - 4 DELETED * 5 50.98110-0108 SWIVEL UNION L10M-OMD-ST-PHR/A3K 4 6 06.56631-0235 SEAL 14,3X22X1,5-ST/FKM1-80 WITH ELASTOMER LIP 4 7 50.06302-5458 COOLING WATER PIPE 1 8 06.71130-2107 T-UNION T-L10-MAN183-B1 2 9 50.06302-5459 COOLING WATER PIPE 1 10 50.06302-5460 COOLING WATER PIPE 1 11 04.27405-9502 COOLING WATER HOSE 10X20000-5 NB 12 06.67420-1218 SPRING CLIP A-18X12 4 13 50.06302-5461 COOLING WATER PIPE 1 14 06.71239-0006 E"
test5_ae_d2842le_dci,Test/Test 5/Extracted pages from DCI DR 12 & 14 AE PARTS CAT D2842LE ESN 49361860994101.pdf,61,spare_parts_table,low,image heuristic fallback,spare_parts_table,0.48,"D 2842 LE #016008000271 22 51.06340-0200 BRACKET 3 23 50.06340-0124 BRACKET 2 24 06.01283-5111 HEXAGON SCREW M8X16-8.8-MAN183-B1 6 25 06.15013-0411 WASHER 8X16X1,6-200HV-MAN183-B1 6 26 06.67300-1030 CLAMP D1-10X20-W4-EPDM 7 27 06.01283-4911 HEXAGON SCREW M6X16-8.8-MAN183-B1 7 28 06.15013-0409 WASHER 6X12X1,6-200HV-MAN183-B1 7 29 06.11064-2112 HEXAGON NUT M6-8-MAN183-B1 6 30 51.90310-0241 DRAIN PLUG M14X1,5X9-CUZN39PB3-SW19 1 31 06.56631-0235 SEAL 14,3X22X1,5-ST/FKM1-80 WITH ELASTOMER LIP 1 V-GR."
test5_ae_d2842le_dci,Test/Test 5/Extracted pages from DCI DR 12 & 14 AE PARTS CAT D2842LE ESN 49361860994101.pdf,62,spare_parts_table,low,image heuristic fallback,spare_parts_table,0.48,"D 2842 LE #014008000050 INTERCOOLER COMPONENTS 1 51.09500-7067 INTERCOOLER ASSEMBLY 1 2 51.09503-0019 FLANGED COVER 2 3 51.09905-0025 INTERCOOLER SEAL ASBESTOS-FREE 2 4 06.02192-0411 CYLINDER SCREW M8X35-8.8-A2C 20 5 06.15033-0813 WASHER 8X15X1,6-200HV-MAN183-B1 20 V-GR.: 51.#0140-0241 62 5533259 000001 / 03.2016 "
test5_ae_d2842le_dci,Test/Test 5/Extracted pages from DCI DR 12 & 14 AE PARTS CAT D2842LE ESN 49361860994101.pdf,63,index_page,medium,image heuristic fallback,index_page,0.58,"D 2842 LE #014008000040 INTERCOOLER ELBOW AIR DUCT MOUNTING PARTS 1 51.09411-0195 INTERCOOLER ELBOW 1 2 06.08042-0606 DRAIN PLUG M20X1,5-ST-A3C 2 3 06.56190-0715 SEAL A20X26-CU 2 4 51.09904-0009 INTERCOOLER SEAL ASBESTOS-FREE 2 5 51.09411-5024 WYE 1 6 06.01284-7121 HEXAGON SCREW M8X50-10.9-MAN183-PHR 2 7 06.01284-3117 HEXAGON SCREW M8X30-10.9-MAN183-A2C 26 8 06.01013-7122 HEX SHOULDER STUD M8X85-8.8-MAN183-B1 2 9 06.01013-7127 HEX SHOULDER STUD M8X120-8.8-MAN183-B1 4 10 06.01019-0322 HEX SHOULDE"
test5_ae_d2842le_dci,Test/Test 5/Extracted pages from DCI DR 12 & 14 AE PARTS CAT D2842LE ESN 49361860994101.pdf,64,spare_parts_table,low,image heuristic fallback,spare_parts_table,0.48,D 2842 LE #077008010002 WET AIR FILTER 1 51.08301-0012 WET AIR FILTER 2 V-GR.: 51.#0770-0087 64 5533259 000001 / 03.2016 
test5_ae_d2842le_dci,Test/Test 5/Extracted pages from DCI DR 12 & 14 AE PARTS CAT D2842LE ESN 49361860994101.pdf,65,spare_parts_table,low,image heuristic fallback,spare_parts_table,0.48,"D 2842 LE #006009000010 IN TAKE PIPE DRAIN PLUG 1 06.08042-0609 DRAIN PLUG M26X1,5-ST-A3C 2 V-GR.: 51.#0060-0056 5533259 000001 / 03.2016 65 "
test5_ae_d2842le_dci,Test/Test 5/Extracted pages from DCI DR 12 & 14 AE PARTS CAT D2842LE ESN 49361860994101.pdf,66,spare_parts_table,low,image heuristic fallback,spare_parts_table,0.48,D 2842 LE #016009000040 TURBOCHARGER MOUNTING PARTS 1 50.98112-2384 FLANGE 2 2 51.09141-5018 HEAT SHIELD ASBESTOS-FREE ASSEMBLY 2 V-GR.: 51.#0160-0107 66 5533259 000001 / 03.2016 
test5_ae_d2842le_dci,Test/Test 5/Extracted pages from DCI DR 12 & 14 AE PARTS CAT D2842LE ESN 49361860994101.pdf,67,index_page,medium,image heuristic fallback,index_page,0.58,"D 2842 LE #016009000060 TURBOCHARGER OIL RETURN LINES 1 51.05702-5432 OIL RETURN PIPE RIGHT 1 2 51.98131-0071 HOSE NIPPLE 22-M26X1,5-ST 1 3 06.56631-0112 SEAL 26,7X34,93X2-ST/FPM1-80 WITH ELASTOMER LIP 1 4 51.96330-0346 HOSE 22X65-1 1 5 04.97126-9004 INSULATING HOSE 35X2,5X40000-HYPALON NB 6 06.67128-0513 HOSE CLAMP S32-39 3 7 51.05702-5167 OIL RETURN PIPE TURBOCHARGER 1 8 51.96601-0383 GASKET 26X52,5X11X1,5-AFOE2 ASBESTOS-FREE 2 9 06.01283-5214 HEXAGON SCREW M10X22-8.8-MAN183-B1 4 10 - DELETED "
test5_ae_d2842le_dci,Test/Test 5/Extracted pages from DCI DR 12 & 14 AE PARTS CAT D2842LE ESN 49361860994101.pdf,68,index_page,medium,image heuristic fallback,index_page,0.58,"D 2842 LE #016009000050 TURBOCHARGER PRESSURE OIL LINES 1 51.05702-5153 OIL PRESSURE PIPE 1 2 51.05702-5152 OIL PRESSURE PIPE 1 3 51.96601-0386 GASKET 12X38X11X1-AFOE4 ASBESTOS-FREE 2 4 06.01283-5214 HEXAGON SCREW M10X22-8.8-MAN183-B1 4 5 06.78350-2106 HOLLOW SCREW UNION 10-ZNPHR3F 1 6 06.56631-0235 SEAL 14,3X22X1,5-ST/FKM1-80 WITH ELASTOMER LIP 2 7 51.09141-0004 GUARD PLATE 1 8 51.09141-0005 GUARD PLATE LEFT 1 9 06.01284-5113 HEXAGON SCREW M8X20-10.9-MAN183-B1 3 10 06.15013-0411 WASHER 8X16X1,6"
test5_ae_d2842le_dci,Test/Test 5/Extracted pages from DCI DR 12 & 14 AE PARTS CAT D2842LE ESN 49361860994101.pdf,69,index_page,medium,image heuristic fallback,index_page,0.58,D 2842 LE #002010000043 INJECTION LINES 1 51.10302-6117 INJECTION LINE CYLINDERS 1-6 SET 1 2 51.10302-0553 INJECTION LINE CYLINDER 1 1 3 51.10302-0554 INJECTION LINE CYLINDER 2 1 4 51.10302-0555 INJECTION LINE CYLINDER 3 1 5 51.10302-0556 INJECTION LINE CYLINDER 4 1 6 51.10302-0557 INJECTION LINE CYLINDER 5 1 7 51.10302-0558 INJECTION LINE CYLINDER 6 1 8 51.97401-6059 MOUNTING CLAMP B-2-ST/EPDM-FE/ZN8C FOR INJECTION PIPES 1 9 51.97401-6038 MOUNTING CLAMP B-3-ST/EPDM-ZN FOR INJECTION PIPES 6 10 5
test5_ae_d2842le_dci,Test/Test 5/Extracted pages from DCI DR 12 & 14 AE PARTS CAT D2842LE ESN 49361860994101.pdf,70,spare_parts_table,low,image heuristic fallback,spare_parts_table,0.48,D 2842 LE #002010000043 19 51.97401-6038 MOUNTING CLAMP B-3-ST/EPDM-ZN FOR INJECTION PIPES 2 20 51.97401-6060 MOUNTING CLAMP B-4-ST/EPDM-FE/ZN8C FOR INJECTION PIPES 1 V-GR.: 51.#0020-0514 70 5533259 000001 / 03.2016 
test5_ae_d2842le_dci,Test/Test 5/Extracted pages from DCI DR 12 & 14 AE PARTS CAT D2842LE ESN 49361860994101.pdf,71,index_page,medium,image heuristic fallback,index_page,0.58,"D 2842 LE #000010000008 INJECTION LINES MOUNTING PARTS 1 51.97485-0065 BRACKET 1 2 06.01284-6911 HEXAGON SCREW M6X16-10.9-MAN183-PHR 1 3 06.16739-0011 SPRING WASHER A6-MAN183-B1 1 4 06.11064-2112 HEXAGON NUT M6-8-MAN183-B1 1 5 06.15230-0205 WASHER 8,4X21X4-ST-MAN183-B1 1 6 06.15013-0411 WASHER 8X16X1,6-200HV-MAN183-B1 2 7 51.97480-0684 BRACKET 1 8 06.01284-6911 HEXAGON SCREW M6X16-10.9-MAN183-PHR 2 9 06.16739-0011 SPRING WASHER A6-MAN183-B1 1 10 06.11064-2112 HEXAGON NUT M6-8-MAN183-B1 1 11 51.9"
test5_ae_d2842le_dci,Test/Test 5/Extracted pages from DCI DR 12 & 14 AE PARTS CAT D2842LE ESN 49361860994101.pdf,72,spare_parts_table,low,image heuristic fallback,spare_parts_table,0.48,D 2842 LE #028010000050 INJECTION LINES PROOF AGAINST LEAKAGE 1 51.10302-6177 INJECTION LINE PROOF AGAINST LEAKAGE SET CYLINDERS 1-6 1 2 51.10302-6178 INJECTION LINE PROOF AGAINST LEAKAGE SET CYLINDERS7-12 1 3 - DELETED * V-GR.: 51.#0280-0443 72 5533259 000001 / 03.2016 
test5_ae_d2842le_dci,Test/Test 5/Extracted pages from DCI DR 12 & 14 AE PARTS CAT D2842LE ESN 49361860994101.pdf,73,index_page,medium,image heuristic fallback,index_page,0.58,"D 2842 LE #015010000010 NOZZLE HOLDER - 51.10101-7274 NOZZLE HOLDER COMBINATION 12 1 51.10101-6040 NOZZLE HOLDER 12 - 09.16012-0114 HT GREASE TB100G TUBE NB 2 81.10106-0010 THRUST PIN 12 3 51.97601-0138 PRESSURE SPRING 12 4 81.11308-0015 SHIM 0,80 MM NB 4 81.11308-0016 SHIM 0,85 MM NB 4 81.11308-0059 SHIM 0,88 MM NB 4 81.11308-0017 SHIM 0,90 MM NB 4 81.11308-0018 SHIM 0,95 MM NB 4 81.11308-0060 SHIM 0,98 MM NB 4 51.11308-0010 SHIM 1,00 MM NB 4 81.11308-0001 SHIM 1,05 MM NB 4 81.11308-0061 SHIM 1"
test5_ae_d2842le_dci,Test/Test 5/Extracted pages from DCI DR 12 & 14 AE PARTS CAT D2842LE ESN 49361860994101.pdf,74,index_page,medium,image heuristic fallback,index_page,0.58,"D 2842 LE #015010000010 4 51.11308-0011 SHIM 1,35 MM NB 4 81.11308-0064 SHIM 1,38 MM NB 5 81.11308-0007 SHIM 1,40 MM NB 5 51.11308-0012 SHIM 1,45 MM NB 5 81.11308-0065 SHIM 1,48 MM NB 5 51.11308-0013 SHIM 1,50 MM NB 5 51.11308-0014 SHIM 1,55 MM NB 5 81.11308-0066 SHIM 1,58 MM NB 5 81.11308-0008 SHIM 1,60 MM NB 5 81.11308-0009 SHIM 1,65 MM NB 5 81.11308-0067 SHIM 1,68 MM NB 5 51.11308-0015 SHIM 1,70 MM NB 5 51.11308-0016 SHIM 1,75 MM NB 5 81.11308-0068 SHIM 1,78 MM NB 5 51.11308-0017 SHIM 1,80 MM"
test5_ae_d2842le_dci,Test/Test 5/Extracted pages from DCI DR 12 & 14 AE PARTS CAT D2842LE ESN 49361860994101.pdf,75,spare_parts_table,low,image heuristic fallback,spare_parts_table,0.48,"D 2842 LE #000010000031 NOZZLE HOLDER INJECTION NOZZLE 1 - DELETED * 2 - DELETED * 3 51.98701-0065 SEAL 9,5X20X1-CU 12 3 51.98701-0075 SEAL 9,5X20X0,5-CU 12 3 51.98701-0076 SEAL 9,5X20X1,5-CU 12 3 51.98701-0086 SEAL 9,5X20X2-CU 12 3 51.98701-0087 SEAL 9,5X20X2,5-CU 12 4 51.10108-0003 SOCKET UNION 22,2-M28X1,5X28-CM45K FOR NOZZLE HOLDER 12 5 09.16012-0114 HT GREASE TB100G TUBE NB V-GR.: 51.#0000-0493 5533259 000001 / 03.2016 75 "
test5_ae_d2842le_dci,Test/Test 5/Extracted pages from DCI DR 12 & 14 AE PARTS CAT D2842LE ESN 49361860994101.pdf,76,spare_parts_table,low,image heuristic fallback,spare_parts_table,0.48,D 2842 LE #002011001860 INJECTION PUMP 1 51.11102-7978 INJECTION PUMP 1 - 51.11139-0007 CARRIER PLATE 1 V-GR.: 51.#0020-0514 76 5533259 000001 / 03.2016 
test5_ae_d2842le_dci,Test/Test 5/Extracted pages from DCI DR 12 & 14 AE PARTS CAT D2842LE ESN 49361860994101.pdf,77,spare_parts_table,low,image heuristic fallback,spare_parts_table,0.48,"D 2842 LE #000011000032 INJECTION PUMP MOUNTING PARTS 1 51.11301-0115 DRIVE GEAR 1 2 06.01284-5113 HEXAGON SCREW M8X20-10.9-MAN183-B1 6 3 51.90710-0371 WASHER 8,4X19X4-C45K 6 4 06.15140-0103 SPHERICAL WASHER C10,5 4 5 06.01013-7219 HEX SHOULDER STUD M10X70-8.8-MAN183-B1 3 6 06.01019-0139 HEX SHOULDER STUD M10X100-8.8-A3C 1 7 06.56936-0347 O-RING 7X3N-FPM1-70-GN 1 8 51.96501-0295 SEAL 103X113,3X13-ACM1-70 1 V-GR.: 51.#0000-0493 5533259 000001 / 03.2016 77 "
test5_ae_d2842le_dci,Test/Test 5/Extracted pages from DCI DR 12 & 14 AE PARTS CAT D2842LE ESN 49361860994101.pdf,78,spare_parts_table,low,image heuristic fallback,spare_parts_table,0.48,"D 2842 LE #000011000029 INJECTION PUMP OIL RETURN PIPE 1 51.05702-5676 OIL RETURN PIPE 1 2 51.98150-0175 HOLLOW SCREW M14X1,5X26E-ST-SW19-P3A 2 3 06.56631-0235 SEAL 14,3X22X1,5-ST/FKM1-80 WITH ELASTOMER LIP 4 V-GR.: 51.#0000-0493 78 5533259 000001 / 03.2016 "
test5_ae_d2842le_dci,Test/Test 5/Extracted pages from DCI DR 12 & 14 AE PARTS CAT D2842LE ESN 49361860994101.pdf,79,index_page,medium,image heuristic fallback,index_page,0.58,"D 2842 LE #015012004120 DRIP OIL LINE INJECTION PUMP MOUNTING PARTS 1 51.12305-5127 DRIP OIL LINE 2 2 51.96501-0348 SEAL 6,2X11X1-CU DOUBLE 12 3 51.98150-0167 HOLLOW SCREW M6X15,5E-42CRMOS4V-ZNPHR3F 10 4 51.12302-5045 FUEL LINE 1 5 51.12302-5046 DRIP OIL LINE LEFT 1 - - ITEM NUMBER 6 - 8 DELETED * 9 51.91701-0295 BUSH 9X18X29-ST35NBK 1 10 51.98150-0169 HOLLOW SCREW 2 11 06.78412-0305 THREADED UNION 1 12 51.98101-0077 TWIN RING UNION 1 13 06.56631-0232 SEAL 8,3X14X1-ST/FKM1-80 WITH ELASTOMER LIP "
test5_ae_d2842le_dci,Test/Test 5/Extracted pages from DCI DR 12 & 14 AE PARTS CAT D2842LE ESN 49361860994101.pdf,80,drawing_material_list,medium,image heuristic fallback,drawing_material_list,0.56,D 2842 LE #015012000086 FUEL FILTER MOUNTING PARTS MOUNTING PARTS 1 51.12540-5050 BRACKET 1 2 - DELETED * 3 - DELETED * 4 51.12540-0204 SUPPORT 1 5 06.01283-5217 HEXAGON SCREW M10X30-8.8-MAN183-B1 1 6 06.02849-0046 HEX LOCK SCREW M10X60C-MK15-Z1-10.9-FE//ZN8// 1 7 - DELETED * 8 51.90710-0019 WASHER 11X23X6-9SMNPB28K 1 9 06.11064-2115 HEXAGON NUT M10-8-MAN183-B1 2 10 06.18640-4208 RING A18H11X30X8-I-40 1 11 - DELETED * 12 06.01289-0184 HEXAGON SCREW M16X40-8.8-MAN183-A3C 1 - 06.16043-0214 SPRING 
test5_ae_d2842le_dci,Test/Test 5/Extracted pages from DCI DR 12 & 14 AE PARTS CAT D2842LE ESN 49361860994101.pdf,81,index_page,medium,image heuristic fallback,index_page,0.58,"D 2842 LE #015012004140 FUEL LINES 1 - DELETED * 2 06.78320-0106 RING UNION LL10-A4C 1 3 51.98150-0175 HOLLOW SCREW M14X1,5X26E-ST-SW19-P3A 1 4 06.56631-0235 SEAL 14,3X22X1,5-ST/FKM1-80 WITH ELASTOMER LIP 2 5 51.98131-2001 THREADED UNION 1 6 51.12301-5850 FUEL LINE 1 7 06.78160-0106 THREADED UNION A8-ST 1 8 06.56631-0235 SEAL 14,3X22X1,5-ST/FKM1-80 WITH ELASTOMER LIP 1 9 51.12302-5184 FUEL LINE ASSEMBLY 1 - 51.97480-0636 BRACKET 1 - 51.91701-0114 BUSH 9X12,9X5,5-ST35NBK 1 - 06.15230-0205 WASHER "
test5_ae_d2842le_dci,Test/Test 5/Extracted pages from DCI DR 12 & 14 AE PARTS CAT D2842LE ESN 49361860994101.pdf,82,spare_parts_table,low,image heuristic fallback,spare_parts_table,0.48,"D 2842 LE #015012004140 18 51.12302-5187 FUEL LINE ASSEMBLY 1 19 06.67300-1030 CLAMP D1-10X20-W4-EPDM 1 20 51.97480-0732 BRACKET 1 21 06.01283-5114 HEXAGON SCREW M8X22-8.8-MAN183-B1 1 22 06.15013-0411 WASHER 8X16X1,6-200HV-MAN183-B1 1 23 51.98150-0175 HOLLOW SCREW M14X1,5X26E-ST-SW19-P3A 4 24 06.56631-0235 SEAL 14,3X22X1,5-ST/FKM1-80 WITH ELASTOMER LIP 8 - 51.12505-0018 OVERFLOW VALVE 1,75-2,25BAR 1 V-GR.: 51.#0150-0212 82 5533259 000001 / 03.2016 "
test5_ae_d2842le_dci,Test/Test 5/Extracted pages from DCI DR 12 & 14 AE PARTS CAT D2842LE ESN 49361860994101.pdf,83,spare_parts_table,low,image heuristic fallback,spare_parts_table,0.48,"D 2842 LE #015012004310 FUEL PREFILTER COMPONENTS 1 51.12501-7019 FUEL PREFILTER 1 2 81.12504-0010 COVER 1 3 81.11101-6012 PARTS KIT FOR FUEL PREFILTER 1 4 51.12102-0004 FILTER HOUSING FLAMMFEST 1 5 81.90680-0005 KNURLED NUT M6X24X10,5-ST-A3C 1 6 81.90201-0082 STUD M6X18,5-ST-A2C 1 7 81.12540-0008 BRACKET 1 V-GR.: 51.#0150-0212 5533259 000001 / 03.2016 83 "
test5_ae_d2842le_dci,Test/Test 5/Extracted pages from DCI DR 12 & 14 AE PARTS CAT D2842LE ESN 49361860994101.pdf,84,spare_parts_table,low,image heuristic fallback,spare_parts_table,0.48,"D 2842 LE #015012004130 FUEL PREFILTER MOUNTING 1 51.98150-0176 HOLLOW SCREW M14X1,5X41,5D-9SMNPB28K-P3R 1 2 06.56631-0235 SEAL 14,3X22X1,5-ST/FKM1-80 WITH ELASTOMER LIP 3 3 51.98130-0291 THREADED UNION 1 4 51.97480-0578 BRACKET 1 5 - DELETED * 6 06.11064-2115 HEXAGON NUT M10-8-MAN183-B1 1 7 06.01733-4406 HEXAGON SCREW M14X1,5X18-8.8-ZNPHR3F 1 8 - DELETED * V-GR.: 51.#0150-0212 84 5533259 000001 / 03.2016 "
test5_ae_d2842le_dci,Test/Test 5/Extracted pages from DCI DR 12 & 14 AE PARTS CAT D2842LE ESN 49361860994101.pdf,85,spare_parts_table,low,image heuristic fallback,spare_parts_table,0.48,D 2842 LE #016019200020 LIFTING EYE 1 51.19202-0100 MOUNTING FLANGE 1 2 - DELETED * V-GR.: 51.#0160-0107 5533259 000001 / 03.2016 85 
test5_ae_d2842le_dci,Test/Test 5/Extracted pages from DCI DR 12 & 14 AE PARTS CAT D2842LE ESN 49361860994101.pdf,86,spare_parts_table,low,image heuristic fallback,spare_parts_table,0.48,D 2842 LE #014019200030 LIFTING EYE FRONT 1 51.19202-5014 LIFTING EYE FRONT 1 2 06.01383-6209 HEXAGON SCREW M20X40-8.8-MAN183-PHR 1 3 06.16731-0113 SPRING WASHER A20 1 4 06.01283-5215 HEXAGON SCREW M10X25-8.8-MAN183-B1 1 5 06.16731-6108 SPRING WASHER A10-A3C 1 V-GR.: 51.#0140-0241 86 5533259 000001 / 03.2016 
test5_ae_d2842le_dci,Test/Test 5/Extracted pages from DCI DR 12 & 14 AE PARTS CAT D2842LE ESN 49361860994101.pdf,87,spare_parts_table,low,image heuristic fallback,spare_parts_table,0.48,"D 2842 LE #000026020001 STARTER HEAT PROTECTION PLATE 1 06.06145-0308 STUD M12-M12X1,5X30-8.8 3 2 06.11185-0316 HEXAGON NUT M12X1,5-8-A3C 3 - 06.16731-6109 SPRING WASHER A12-A3C 3 V-GR.: 51.#0000-0493 5533259 000001 / 03.2016 87 "
test5_ae_d2842le_dci,Test/Test 5/Extracted pages from DCI DR 12 & 14 AE PARTS CAT D2842LE ESN 49361860994101.pdf,88,spare_parts_table,low,image heuristic fallback,spare_parts_table,0.48,D 2842 LE #000027000002 OIL PRESSURE CONTROL MOUNTING PARTS 1 50.98110-0159 DISTRIBUTOR 1 V-GR.: 51.#0000-0493 88 5533259 000001 / 03.2016 
test5_ae_d2842le_dci,Test/Test 5/Extracted pages from DCI DR 12 & 14 AE PARTS CAT D2842LE ESN 49361860994101.pdf,89,index_page,medium,image heuristic fallback,index_page,0.58,"D 2842 LE #000099000008 ENGINE SEAL SET - 06.56333-3256 O-RING 24,2X3B-FPM1-70-GN 1 - - NOT AVAILABLE AS COMPLETE UNIT REPLACED BY * - 51.01510-0206 RADIAL SHAFT SEAL 120X140X13-ACM/PTFE 1 - 51.02130-0013 RACE 1 - 51.01510-6004 RADIAL SHAFT SEAL 105X130X12RD-ACM/PTFE/FILZ ASSEMBLY 1 - 51.01903-0166 CONTROL HOUSING SEAL ASBESTOS-FREE 1 - 51.01908-0022 GASKET ASBESTOS-FREE 1 - 51.04902-0028 SEAL - VALVE STEM D25/D28 24 - - ONLY FOR D2842 LXF * - 51.08901-0041 GASKET ASBESTOS-FREE 4 - 51.38902-0006"
test6_man_bw_spares_catalogue,Test/Test 6/Extracted pages from MAN B&W SPARES PARTS CATALOGUE.pdf,1,index_page,medium,image heuristic fallback,index_page,0.58,"18'€ <br> MAN <br> Pos. <br> 1 <br> 1 <br> 30 <br> 46 <br> 63 <br> 64 <br> 66 <br> 67 <br> 70 <br> 21 <br> 72 <br> 73 <br> Ölwanne für 6 Zyl,Mbtor <br> Benennung <br> Dsignation <br> Carter d'huile pour moteur à6 cylindres <br> Olwanne für 7 Zyl.Motor <br> Carter d'huile pour moteur à 7 cylindres <br> Ölwanne für 8 Zyl.Motor <br> Fausse bride <br> Carter d'huile pour moteur à8 cylindres <br> Ölwanne fur 9 Zyl.-Motor <br> Dichtung <br> Joint <br> Carter d'huile pour moteur à 9 cylindres <br> Blin"
test6_man_bw_spares_catalogue,Test/Test 6/Extracted pages from MAN B&W SPARES PARTS CATALOGUE.pdf,2,index_page,medium,image heuristic fallback,index_page,0.58,"POs <br> 1 <br> 2 <br> 3 <br> 4 <br> 11 <br> 13 <br> 15 <br> 16 <br> 17 <br> 18 <br> 22 <br> 23 <br> 24 <br> 25 <br> 26 <br> 27 <br> 31 <br> 33 <br> 34 <br> 35 <br> D36 5624 <br> Benennung <br> Désignation <br> Zylinderkurbelgehäuse mit Pos.11, <br> 13-27 für 6 Zyl.-Motor <br> Carter de vilebrequin avec rep. 11, <br> 13-27 pour moteur à 6 cylindres <br> Zylinderkurbelgehäuse mit Pos. 11, <br> 13-27 für 7 Zyl.-Motor <br> Carter de vilebrequin avec rep. 11, <br> 13-27 pour moteur à 7 cylindres <br"
test6_man_bw_spares_catalogue,Test/Test 6/Extracted pages from MAN B&W SPARES PARTS CATALOGUE.pdf,3,index_page,medium,image heuristic fallback,index_page,0.58,Pos. <br> 37 <br> 38 <br> 39 <br> 40 <br> 41 <br> 42 <br> 43 <br> 44 <br> 45 <br> 46 <br> 47 <br> 48 <br> 49 <br> 50 <br> 53 <br> 54 <br> 57 <br> 58 <br> 59 <br> 60 <br> 62 <br> 63 <br> 64 <br> 66 <br> 67 <br> 69 <br> 70 <br> 71 <br> 72 <br> Benennung <br> Désignation <br> Stiftschraube <br> Goujon <br> Stiftschraube <br> Goujon <br> Stiftschraube <br> Goujon <br> Stiftschraube <br> Goujon <br> Stiftschraube <br> Goujon <br> Stiftschraube <br> Goujon <br> Stiftschraube <br> Goujon <br> Verschluß
test6_man_bw_spares_catalogue,Test/Test 6/Extracted pages from MAN B&W SPARES PARTS CATALOGUE.pdf,4,spare_parts_table,low,image heuristic fallback,spare_parts_table,0.48,Pos <br> 73 <br> 76 <br> 83 <br> 86 <br> D36 5624 <br> Benennung <br> Désignation <br> Fixierstift <br> Goujon d'assemblage <br> Verschraubung <br> Vissage <br> Dichtkappe <br> Chapeau <br> Schutzkappe <br> Capuchon de protection <br> 012.05/2 <br> ZYLINDERKURBELGEHÄUSE <br> CYLINDER CRANKCASE <br> CARTER DE VILEBREQUIN <br> CARTER <br> 11.89 <br> Designation <br> Designación <br> Locating pin <br> Clavija de fijación <br> Screw connection <br> Racor <br> Cap <br> Sombrerete <br> Protection cap 
test6_man_bw_spares_catalogue,Test/Test 6/Extracted pages from MAN B&W SPARES PARTS CATALOGUE.pdf,5,drawing_material_list,medium,image heuristic fallback,drawing_material_list,0.56,"(AN <br> 43 <br> D36 5624 <br> 23 <br> 39 72 39 <br> 38 23 38 <br> 42 <br> 13 <br> (27)11 <br> 15 <br> 63 <br> 76 <br> 53,54 <br> 012.05/3 <br> ZYLINDERKURBELGEHAUSE <br> CYLINDER CRANKCASE <br> CARTER DE VILEBREQUIN <br> CARTER <br> -B <br> 39 4748 39 <br> 38 <br> so) 546) <br> 38 <br> 64 <br> -59,60 <br> 11.89 <br> 76 <br> 41 <br> 16 <br> 53.54 <br> 73 63 <br> 57,58 <br> 86, 26 <br> 17,18 <br> 38 <br> -73 <br> 40 <br> 37 <br> 41,67 <br> 66 <br> 39 <br> 24 <br> X <br> B11.01200-3036 <br> L 40/4"
test6_man_bw_spares_catalogue,Test/Test 6/Extracted pages from MAN B&W SPARES PARTS CATALOGUE.pdf,6,spare_parts_table,low,image heuristic fallback,spare_parts_table,0.48,D <br> man-es. Com AAi <br> UoM <br> Quantity <br> Additlonal Info <br> PC <br> Description <br> Catalog No. <br> Item No. <br> 1 <br> Crankshaft axial bearing <br> 017.02.CPL <br> PC <br> 2 <br> Upper connecting rod bearing shell <br> PC <br> 017.02.K <br> 1 <br> PC <br> Flange bearing <br> 017.02.001 <br> Flange bearing half <br> PC <br> 017.02.002 <br> Flange bearing half <br> 017.02.003 <br> PC <br> 2 <br> Head screw <br> PC <br> 017.02.004 <br> 2 <br> Pin <br> PC <br> 017.02.005 <br> 2 <br>
test6_man_bw_spares_catalogue,Test/Test 6/Extracted pages from MAN B&W SPARES PARTS CATALOGUE.pdf,7,spare_parts_table,low,image heuristic fallback,spare_parts_table,0.48,"man-oS.com <br> Catalog No. <br> Item No, <br> Description <br> UoM <br> Quantity <br> Additional Info <br> Oil collecting ring <br> 017.02.602 <br> PC <br> 1 <br> Hexagon head bolt <br> 017.02.603 <br> PC <br> 4 <br> Plain washer <br> 017.02.604 <br> PC <br> 6 <br> Hexagon nut <br> 017.02.605 <br> PC <br> 6 <br> Fit bolt <br> 017.02.606 <br> PC <br> 2 <br> 14.02.2025 <br> 6L40/45 <br> 017.02 For main bearings <br> "
test6_man_bw_spares_catalogue,Test/Test 6/Extracted pages from MAN B&W SPARES PARTS CATALOGUE.pdf,8,index_page,medium,image heuristic fallback,index_page,0.58,"MAN <br> Pos. <br> S8'1L <br> 2 <br> L <br> 5 <br> 6 <br> K <br> 12 <br> 13 <br> 14 <br> 15 <br> 17 <br> 661 <br> 602 <br> 603 <br> 604 <br> 605 <br> 606 <br> 18 <br> 20 <br> 21 <br> 22 <br> 23 <br> 24 <br> 25 <br> Benennung <br> Désignation <br> lanschleger, konplett rit Pos. 2-6 <br> Flasaue-bride conpl. avec pos. 2 <br> Untere Flanschlagerhalfte <br> biti inferieur de flasoue-bride <br> Obere Flanschlagerhalfte <br> Boulon <br> bitiésupérieur de flasque-bride <br> Schraube <br> Stift <br> Gou"
test6_man_bw_spares_catalogue,Test/Test 6/Extracted pages from MAN B&W SPARES PARTS CATALOGUE.pdf,9,drawing_only,low,drawing keyword,drawing_material_list,0.56,"MAN <br> 22,23 <br> Schnitt- section - seccion A- B <br> 17 18 <br> D <br> KUR BELWELLENPASSLAGER <br> CRANKSHAFT ADJUSTING BEARING <br> -JD36 5626 <br> COUSSINET D'AJUSTAGE DE L'ARBRE NANIVELLES <br> COJINETE DE AJUSTE DEL EJE CIGUEAL <br> 6 <br> 1 18 K 12-15 <br> Schnitt- section - seccion E-E <br> F <br> O17.02/2 <br> 3 <br> 20 <br> Schnitt <br> section <br> seccion <br> 24 <br> C- D <br> 2 <br> 12,14 <br> 40/45 <br> B11.01700-0208 <br> 21 <br> A <br> B <br> 602 <br> E-F <br> 601 <br> Schnitt"
test6_man_bw_spares_catalogue,Test/Test 6/Extracted pages from MAN B&W SPARES PARTS CATALOGUE.pdf,10,index_page,medium,image heuristic fallback,index_page,0.58,MAN <br> Pos. <br> 6 <br> 12 <br> 17 <br> 24 <br> 26 <br> 33 <br> 37 <br> 40 <br> 42 <br> 47 <br> 48 <br> 51 <br> 52 <br> 55 <br> 56 <br> Benennung <br> Désignation <br> D36 5624 <br> Kurbelwelle mit Pos. 24+26 für <br> 6 Zyl.-Motor <br> Vilebrequin avec rep. 24+26 pour <br> moteur a 6 cylindres <br> Kurbelwelle mit Pos. 24+26 für <br> 7 Zyl.-Mbtor <br> Vilebrequin avec rep. 24+26 pour <br> moteur a 7 cylindres <br> Kurbelwelle mit Pos. 24+26 für <br> 8 Zyl.-Motor <br> Vilebrequin avec rep. 24+2
test6_man_bw_spares_catalogue,Test/Test 6/Extracted pages from MAN B&W SPARES PARTS CATALOGUE.pdf,11,drawing_only,medium,image heuristic fallback,drawing_only,0.56,"6.85 <br> MAN <br> oD36 5624 <br> 37 <br> 33 <br> 47, 48 51 <br> 24 <br> KURBELWELLE <br> CRANKSHAFT <br> 1,6,12, 17 <br> 020,06/2 <br> VILE BREQUIN <br> EJE CIGÜENAL <br> .G-H"" <br> 52 <br> L0 <br> 37 <br> 56 55 <br> ,X <br> 33 <br> L 40/45 <br> |B11.02000-2415 <br> 26 <br> -H <br> 42 <br> 020.06 <br> 2 <br> "
test6_man_bw_spares_catalogue,Test/Test 6/Extracted pages from MAN B&W SPARES PARTS CATALOGUE.pdf,12,index_page,medium,image heuristic fallback,index_page,0.58,"4.85 <br> Pos. <br> B <br> 6 <br> MAN <br> D36 5626 <br> Benennung <br> Désignaion <br> Obere Lagerschale <br> Coussinet supérieur <br> Untere Lagerschale <br> Coussinet inferieur <br> Fixierstück <br> Piece de fixation <br> Zylinderschraube <br> Vis à tête cylindri que <br> D <br> X <br> 021,04/ <br> KURBELWE LLENLAGER <br> MAIN BEARING <br> PALIER DE VILEBREQUIN <br> COJINETE DEL CIGÜENAL <br> Designation <br> Designación <br> Upper bearing shell <br> Casquillo superior <br> Lower bearing shel"
test6_man_bw_spares_catalogue,Test/Test 6/Extracted pages from MAN B&W SPARES PARTS CATALOGUE.pdf,13,index_page,medium,image heuristic fallback,index_page,0.58,"11.83 <br> MAN <br> Pos. <br> 1 <br> 2 <br> 4 <br> 5 <br> 6 <br> 8 <br> 9 <br> 10 <br> 11 <br> 16 <br> 17 <br> 18 <br> 19 <br> 4 <br> 32* <br> 33* <br> 35** <br> 36* <br> 42 <br> 43 <br> 45 <br> 46 <br> Benennung <br> Dsignation <br> PaBschraube <br> Boulon d'ajustage <br> Zahnrad <br> Roue dentée <br> Sechskantschraube <br> Boulon a six pans <br> Sicherungsblech <br> Tôle d'arrt <br> Boulona six pans <br> Sechskantmutter <br> Ecrou àsix pans <br> Kegelstift <br> Verschalung, zweiteilig <br> kom"
test6_man_bw_spares_catalogue,Test/Test 6/Extracted pages from MAN B&W SPARES PARTS CATALOGUE.pdf,14,index_page,medium,image heuristic fallback,index_page,0.58,"Pos <br> 47 <br> 51 <br> 52 <br> 53 <br> 55 <br> 59 <br> 60 <br> 66 <br> 67 <br> 68 <br> 69 <br> 73 <br> 77 <br> 79 <br> 80 <br> 8 <br> 82 <br> 83 <br> 84 <br> 87 <br> 80 <br> Benennung <br> Désignation <br> Zylinderschraube <br> Vis à tête cylindrique <br> Gehäuse, zweiteilig <br> komplett mit pos. 52-55 <br> Boltier, deux pièces <br> compl. avec rep. 52-55 <br> Gehäuseunterteil <br> Partie inferieure du boitier <br> Gehuseoberteil <br> Partie supérieure du boftier <br> Zylinderschraube <br> Vi"
test6_man_bw_spares_catalogue,Test/Test 6/Extracted pages from MAN B&W SPARES PARTS CATALOGUE.pdf,15,drawing_only,low,drawing keyword,index_page,0.58,"A-B <br> section <br> Schnitt <br> ]1,83 <br> MAN <br> cOupe - sección <br> 32,33 <br> =p36 5626 <br> 79 44 81 <br> 17 <br> 66,68 <br> 51,53 <br> AUR BELWELLENVERLÄNGERUNG AUF KUPPLUNGSGEGENSETE <br> PROLONGEMNT ARERE DE VILEBRE QUIN A L'EXTREMITE <br> LBRE <br> 6,8 <br> 83 <br> BROLONGACION DEL ARBOL EN EL LADO OPUESTO AL ACO-.B11.02300-0028 <br> 023,01/2 <br> 77 <br> 9,10 <br> M <br> 60 <br> 73 <br> 77 <br> 59 <br> 11 <br> 67, 69 <br> -35 <br> 52 <br> 2 <br> -80 <br> 45 <br> -7 <br> 16 <br> 54"
test6_man_bw_spares_catalogue,Test/Test 6/Extracted pages from MAN B&W SPARES PARTS CATALOGUE.pdf,16,index_page,medium,image heuristic fallback,index_page,0.58,Pos. <br> 1 <br> 2 <br> A <br> B <br> 15 <br> 21** <br> 22 <br> 23 <br> 24 <br> 25 <br> D36 5626 <br> Benennung <br> Désignation <br> Dämpferträger <br> Entraîneur <br> Dämpfermasse <br> Moyeu <br> Amortisseur de vibrations de masse <br> Nabe <br> Hülsenfeder <br> Ressortàdouilles <br> Hülsenfederbolzen <br> Disque latéral <br> Boulon pour ressort cylindrique <br> Seitenscheibe <br> Paßschraube <br> SCHWINGUNGSDMPFER <br> VIBRATION DAMPER <br> AMORTISSEUR DE VIBRATIONS <br> AMORTIGUADOR DE VIBRA
test6_man_bw_spares_catalogue,Test/Test 6/Extracted pages from MAN B&W SPARES PARTS CATALOGUE.pdf,17,drawing_material_list,medium,image heuristic fallback,drawing_material_list,0.56,BAW <br> D36 5626 <br> 027.03/2 <br> SCHWINGUNGSDMPFER <br> VIBRATION DAMPER <br> AMORTISSEUR DE VIBRATIONS <br> AMORTIGUADOR DE VIBRACIONES <br> 11.89 <br> 40/45 <br> B11.02700-0495 <br> B11.02700-0607 <br> 027.03 <br> 2 <br> A <br> B <br> -15 <br> 21 <br> 22 <br> 23 <br> -25 <br> 24 <br> 
test6_man_bw_spares_catalogue,Test/Test 6/Extracted pages from MAN B&W SPARES PARTS CATALOGUE.pdf,18,index_page,medium,image heuristic fallback,index_page,0.58,"88 <br> MAN <br> Pos. <br> K <br> 2 <br> 11 <br> 15 <br> A <br> B <br> E* <br> H* <br> K <br> Benennung <br> Désignation <br> Pleuellager komplett mit Pos. <br> 1, 15, A, B <br> Palier de bielles, compl. avec rep. <br> 1, 15, A, B <br> Pleuellagerkörper <br> Pleuellager komplett mit Pos. 2-4,11 <br> Corps du palier de tête de bielle <br> Pleuellagerdeckel <br> Palier de bielles, compl. avec rep. <br> 2-4, 11 <br> Vis de bielle <br> Fixierstift <br> Chapeau du palier de tte de bielle <br> Plevels"
test6_man_bw_spares_catalogue,Test/Test 6/Extracted pages from MAN B&W SPARES PARTS CATALOGUE.pdf,19,drawing_only,medium,image heuristic fallback,drawing_only,0.56,"MAN <br> 6.85 <br> 15 <br> A, C,E,G,I, K <br> B, D, F, H, J, L <br> D36 5626 <br> 030.07 /2 <br> P.ELELLAGER <br> QNMECTING ROD BEARING <br> PALIER DE BIELLE <br> @JINETE DE BIELAs <br> OI050 09 <br> 40/45 <br> Ci1.03000-0605 <br> -1,2 <br> 030.07 <br> 2 <br> "
test6_man_bw_spares_catalogue,Test/Test 6/Extracted pages from MAN B&W SPARES PARTS CATALOGUE.pdf,20,spare_parts_table,low,image heuristic fallback,spare_parts_table,0.48,"MAN <br> Pos. <br> K <br> 6 <br> 5,83 <br> 8 <br> 13 <br> Benennung <br> Désignation <br> Pleuelstangenschaft, komplett <br> Tige de bielle, compl. <br> Pleuelstangenschaft <br> Tige de bielle <br> Rückschlagventil <br> Soupape de retenue <br> Kolbenbolzenbuchse <br> Douille d'axe de piston <br> D365626 <br> 030,05/1 <br> PLEUELSIANGENSCHAFT <br> CONNECTING ROD SHAFT <br> TIGE DE BIELLE <br> VASTAGO DE BIELA <br> Designation <br> Designación <br> Connecting rod shaft, complete <br> Vastago de bi"
test6_man_bw_spares_catalogue,Test/Test 6/Extracted pages from MAN B&W SPARES PARTS CATALOGUE.pdf,21,index_page,medium,image heuristic fallback,index_page,0.58,"MAN <br> Pos. <br> K <br> L <br> B&W <br> 2 <br> 3 <br> 68*01 <br> 5 <br> 6 <br> 8 <br> 1 <br> 12 <br> 13 <br> Benennung <br> Désignation <br> 14 <br> 15 <br> Kolben mit Kolbenringe, komplett <br> 20 <br> 21 <br> de piston avec rep. 2-8, 11 <br> Piston avec segments de piston, compl. <br> Kolben ohne Kolbenringe mit Pos. 2-21 <br> Piston sans segments de piston <br> avec rep. 2-21 <br> Kolbenunterteil <br> Partie inferieure du piston <br> Kolbenoberteil <br> Partie supérieure du piston <br> Druc"
test6_man_bw_spares_catalogue,Test/Test 6/Extracted pages from MAN B&W SPARES PARTS CATALOGUE.pdf,22,drawing_only,medium,image heuristic fallback,drawing_only,0.56,"68°01 <br> MA•N <br> A <br> B <br> D <br> 6 <br> 3 <br> 20 <br> B&W <br> 21- <br> D36 5626 <br> 034,08/2 <br> KOL BEN <br> PISTON <br> PISTON <br> EMBOLO <br> o050I0 <br> 40/45 <br> 034.08 <br> B11.03400-0890 <br> B11,03400-0932/1041 <br> 7 <br> -12 <br> 13 <br> 2 <br> 15 <br> 16 <br> 11 <br> 1,2 <br> "
test6_man_bw_spares_catalogue,Test/Test 6/Extracted pages from MAN B&W SPARES PARTS CATALOGUE.pdf,23,index_page,medium,image heuristic fallback,index_page,0.58,"POs. <br> 18 <br> 22 <br> 29* <br> 30* <br> D36 5626 <br> AN <br> Benennung <br> Désignation <br> Zylinderbuchse <br> Chemise de cylindre <br> Runddichtring <br> ZYLINDERBUCHSE <br> CYLINDER LINER <br> CHEMISE DE CYLINDRE <br> CAMISA DE CILINDRO <br> Joint torique <br> Runddichtring <br> Jointtorique <br> Runddichtring <br> Joint torique <br> Dichtring <br> Anneau-joint <br> Spannstück <br> Pièce de serrage <br> Zylinderschraube <br> Vis àtête cylindrique <br> Dichtring, Höhe 13 mm <br> Anneau-j"
test6_man_bw_spares_catalogue,Test/Test 6/Extracted pages from MAN B&W SPARES PARTS CATALOGUE.pdf,24,drawing_material_list,medium,image heuristic fallback,drawing_material_list,0.56,"(AN <br> D365626 <br> C-D <br> 050.03/2 <br> ZYLINDERBUCHSE <br> CYLINDER LINER <br> CHEMISE DE CYLINDRE <br> CAMISA DE CILINDRO <br> E <br> 2.88 <br> 10 <br> 40/45 <br> 15, 29,30 Seal ng <br> D <br> B11.05000-0616 <br> .11 O <br> -1 Ciney <br> 12 o Yi <br> E- F 22 18 <br> 050.03 <br> 2 <br> "
test6_man_bw_spares_catalogue,Test/Test 6/Extracted pages from MAN B&W SPARES PARTS CATALOGUE.pdf,25,index_page,medium,image heuristic fallback,index_page,0.58,€8*ll <br> MAN <br> Pos. <br> 11 <br> 17 <br> 18 <br> 19 <br> /22 <br> 23 <br> 24 <br> 25 <br> 28 <br> 29 <br> V31 <br> V32 <br> Benennung <br> Désignation <br> Übertrittsgehäuse <br> Boîtier de passage <br> Drehschieber für Ausführung A <br> Tiroir rot atif pour version A <br> Drehschieber für Ausführung B <br> Iiroir rotatif pour version B <br> 0-Ring <br> -D36 5626 <br> Joint torique <br> Federblech <br> Ressort <br> Scheibe <br> Rondelle <br> Sechskantschraube <br> Boulon à six pans <br> Dic
test6_man_bw_spares_catalogue,Test/Test 6/Extracted pages from MAN B&W SPARES PARTS CATALOGUE.pdf,26,drawing_material_list,medium,image heuristic fallback,drawing_material_list,0.56,"MAN <br> p36 5626 <br> A-B* <br> 19 <br> 18 <br> ABSPERRSL0CK DNISCHEN ZYLINDERKOPF UND VENTIL KORB <br> SHUT-OFF BLOCK BETEEN CYLINDER HEAD AND VALV CAGE <br> 8LOC D'ARRET ENTRE DULASSE ET CAGE DE SOLPAPE <br> BL0QUE DE CIERRE ENTRE CUATA Y CESTA DE VAL VULA <br> -32 <br> 052, 04/2 <br> -31 <br> 23 <br> 24 <br> 25 <br> 27 <br> 7,11 <br> 15 <br> 22 <br> 28,29 <br> 1 <br> a05012 <br> 7,11 <br> 40/45 <br> B11.05200-0015 <br> 052.04 <br> 2 <br> "
test6_man_bw_spares_catalogue,Test/Test 6/Extracted pages from MAN B&W SPARES PARTS CATALOGUE.pdf,27,index_page,medium,image heuristic fallback,index_page,0.58,"MAN <br> Pos. <br> 68° 1 <br> K <br> 3 <br> 5 <br> 6 <br> 11 <br> 12 <br> 16 <br> 18 <br> 21 <br> 23 <br> 2L <br> 25 <br> 26 <br> 27 <br> 28 <br> 30 <br> 31 <br> 32 <br> 34 <br> Benennung <br> Désignation <br> lylinderkopf, komplett <br> Culasse, compl. <br> lylinderkopf mit Pos. 2, 24-38 <br> Culasse avec rep. 2, 24-38 <br> Lylinderkopf mit Pos. 3-23,47-49 <br> Culasse avec rep. 3-23, 47-49 <br> Zylinderkopf <br> Culasse <br> Verschlußschraube <br> Bouchon fileté <br> Dichtring <br> Anneau-join"
test6_man_bw_spares_catalogue,Test/Test 6/Extracted pages from MAN B&W SPARES PARTS CATALOGUE.pdf,28,index_page,medium,image heuristic fallback,index_page,0.58,Pos <br> 35 <br> 3 <br> Benennung <br> Désignation: <br> Sechskantschraube <br> Boulon å six pans <br> Runddichtring <br> Joint torique <br> Zylinderstift <br> Cheville cylindrique <br> Wasserleitmantel <br> Enveloppe d'eau <br> Runddichtring <br> Joint torique <br> Runddichtring <br> Joint torique <br> Sechskantschraube <br> Boulon six pans <br> Sicherungsblech <br> Tle d'errt <br> Einlabventilführung <br> Guide de soupape de admission <br> Runddichtring <br> Joint-torique <br> Runddichtring <b
test6_man_bw_spares_catalogue,Test/Test 6/Extracted pages from MAN B&W SPARES PARTS CATALOGUE.pdf,29,drawing_only,medium,image heuristic fallback,drawing_only,0.56,"1,89 <br> MAN <br> 1-3 <br> 16 <br> C-D <br> .y"" <br> 26,27 <br> D36 5626 <br> -18 <br> 28 <br> -17 <br> 21 <br> 18 <br> - <br> 7 <br> 6 <br> -17 <br> 41 <br> 055.03/2 <br> , 42 <br> 43,44 <br> 2YLINDERKOPF <br> CULASSE <br> CULATA <br> 40 <br> HEAD <br> 12 <br> 37 <br> B <br> -31,32 <br> 6 <br> -30 <br> 6 <br> DI05013 <br> B11.05500-0491 <br> A <br> s0/45 <br> -34 <br> 055.03 <br> 36 <br> 37 <br> 2 <br> 35 <br> 4,5 <br> "
test6_man_bw_spares_catalogue,Test/Test 6/Extracted pages from MAN B&W SPARES PARTS CATALOGUE.pdf,30,index_page,medium,image heuristic fallback,index_page,0.58,"MAN <br> Pos. <br> 98 <br> K <br> 16 <br> 22 <br> 23 <br> 24 <br> 25 <br> 28 <br> 29 <br> 31 <br> Benennung <br> Désignation <br> Anschlu8stück <br> Si cherheits- und Indizierventil <br> komplett <br> Piece de raccord <br> Soupape de securité et soupape de <br> prise de diagrammes, compl. <br> Dichtung <br> Joint <br> lylinderschraube <br> Vis àtte cylindrique <br> Einschraubstutzen <br> Tubulure filetee <br> Halter <br> Support <br> Ihdizierrohr mit Isolierung <br> luyau de prise de diagrammes "
test6_man_bw_spares_catalogue,Test/Test 6/Extracted pages from MAN B&W SPARES PARTS CATALOGUE.pdf,31,drawing_only,medium,image heuristic fallback,drawing_only,0.56,"98* <br> MAN <br> D36 5624 <br> 22 <br> 7 <br> 25 <br> To <br> SICHERHEITS- UND INDIZIERVENTIL <br> RELIEF VALVE AND INDICATOR VALVE <br> SOUPAPE DE SECURITE ET DE PRISE DE DIAGRAMMES <br> VAL VULA DE SEGURIDAD Y VALVULA DE INDICACION <br> A-B <br> 24 <br> 22 <br> 25 <br> 23 <br> 057,03/2 <br> 31 <br> 16 <br> 28 <br> 40/45 <br> B11.05700-0287 <br> 057.03 <br> 2 <br> "
test6_man_bw_spares_catalogue,Test/Test 6/Extracted pages from MAN B&W SPARES PARTS CATALOGUE.pdf,32,index_page,medium,image heuristic fallback,index_page,0.58,Pos. <br> 5 <br> 13 <br> 17 <br> 18 <br> MAN <br> Benennung <br> Désignation <br> lylinderkopfhaube <br> Couvre-culasse <br> Dchtring <br> Anneau-ijoint <br> Handgriff <br> Poignée <br> Sprengring <br> Baque de serrage <br> Stiftschraube <br> Goujon <br> Haltebügel <br> Etrier de retenue <br> Platte <br> Plaque <br> Halter <br> Support <br> Sechskantschraube <br> Boulon à six pans <br> Haltebügel <br> Etrier de retenue <br> Scheibe <br> Rondelle <br> Splint <br> Goupille fendue <br> ND36 5626 <b
test6_man_bw_spares_catalogue,Test/Test 6/Extracted pages from MAN B&W SPARES PARTS CATALOGUE.pdf,33,drawing_only,medium,image heuristic fallback,drawing_only,0.56,"MAN <br> 7.83 <br> A <br> -A <br> ND36 5626 <br> 14 <br> B <br> -B <br> 11 <br> C <br> B <br> 1 <br> 13 <br> 059.03/2 <br> ZYLINDERKOPF HAUBE <br> CYLINDER HEAD COVER <br> COUVRE-CULASSE <br> TAPA DE CULATA <br> C <br> -C <br> |C1.05900-0080 <br> 8 <br> 40/45 <br> A <br> 17; 18 <br> 059,03 <br> 2 <br> "
test6_man_bw_spares_catalogue,Test/Test 6/Extracted pages from MAN B&W SPARES PARTS CATALOGUE.pdf,34,drawing_material_list,medium,image heuristic fallback,drawing_material_list,0.56,Pos <br> BAWN <br> 1 <br> 3 <br> AN <br> Benennung <br> Désignation <br> D36 5624 <br> Verschalung <br> Revtement <br> Sechskantschraube <br> Boulon àsixpans <br> Kegelstift <br> Goupille conique <br> VERSCHALUNG AUF KUPPLUNGSSEITE <br> CASING ON COUPLING END <br> REVETENENT COTE ACCOUPLEMENT <br> REVESTIMIENTO EN EL LADO DE ACOPLAMIENTO <br> 071 04/1 <br> Designato <br> Desgnaoón <br> Casing <br> Revestimiento <br> Hexagon bolt <br> Tornillo hexagona <br> Taper pin <br> Clavija cônica <br> 3.88
test6_man_bw_spares_catalogue,Test/Test 6/Extracted pages from MAN B&W SPARES PARTS CATALOGUE.pdf,35,index_page,medium,image heuristic fallback,index_page,0.58,MA•N <br> Pos. <br> S8*9 <br> 2 <br> 3 <br> 5 <br> 6 <br> 7 <br> 12 <br> 13 <br> 15 <br> 16 <br> 17 <br> 19 <br> 20 <br> 21 <br> 22 <br> 28 <br> 30 <br> 34 <br> 35 <br> 38 <br> Benennung <br> Désignation <br> Kurbelraundeckel bestehend aus Pos. 3-7 <br> ouvercle du carter de 1'attelage mobile <br> Comprenant pos. 3-7 <br> Kurbelraun deckel <br> Boulon à six pans <br> Scheibe <br> Disque <br> Sechskantmutter <br> ouvercle du carter de 1'attelage mobile Tapa del carter <br> Sechskantschraube <br> 
test6_man_bw_spares_catalogue,Test/Test 6/Extracted pages from MAN B&W SPARES PARTS CATALOGUE.pdf,36,drawing_material_list,medium,image heuristic fallback,drawing_material_list,0.56,"MAN <br> 3.88 <br> 38 <br> D36 5624 <br> C-D <br> KURBELRAUWERSCHALUNG MT ENTLASTUNGSVENTIL <br> CRANK CASE COVERING WITH RELIEF VALVE <br> REVETEMENT DU CARTER DE VILEBREQUIN AVEC SOUPAPE <br> DE DÉCHARGE <br> REVESTIMIENTO DEL CÁRTER CON VLVULA DE DESCARGA <br> 30, 35 <br> 22 <br> 20 <br> 5; 15 <br> 073.02/2 <br> 12,13 <br> E-F <br> -6, 16 <br> -7; 17 <br> A <br> Dectel ert10 Mnte noch <br> -21 <br> 19 <br> 30,35 <br> 28 <br> 35 <br> ol050/9- <br> L40/45 <br> B11.07300-0437 <br> 2; 3 <br> A - "
test6_man_bw_spares_catalogue,Test/Test 6/Extracted pages from MAN B&W SPARES PARTS CATALOGUE.pdf,37,index_page,medium,image heuristic fallback,index_page,0.58,"11.88 <br> MAN <br> Pos <br> 10 <br> Benennung <br> Désignation <br> Siège de soupape <br> Entlastungsventil, komp ett <br> Soupape de decharge, conpl. <br> Wentilsitz <br> Ventilplatten <br> Placue de soupape <br> Oistenzrohr <br> Tuyau d'écertenent <br> Senkkopfschraube <br> Vis novee <br> ùr uCk feder <br> Ressort de pression <br> Runddichtring <br> Joint taricue <br> federring <br> nneau-ressort <br> Sechsksntmutter <br> Ecrou six pans <br> Sicherungsring <br> Anneau de blocage <br> Distanzr"
test6_man_bw_spares_catalogue,Test/Test 6/Extracted pages from MAN B&W SPARES PARTS CATALOGUE.pdf,38,index_page,medium,image heuristic fallback,index_page,0.58,8 <br> MA•N <br> Pos <br> 42 <br> 51 <br> D36 5624 <br> Berenung <br> Désgnetion <br> Palatte kgmpiet <br> iersorelug <br> Resêtemert <br> iersotelung <br> Revêtenert <br> iersotalug <br> Revetemert <br> inoversctelung <br> Revêtemert <br> ictring <br> Arneejsit <br> Dicotring <br> Areee-ioint <br> Dichtring <br> Anree-iirt <br> ouvErcie pour notEur . 7. <br> cylingres <br> Couvercie pour moteur yiircres <br> cylincres <br> SechskartschresE <br> Secnskertmutter <br> Sechskertschreue <br> Bouior 
test6_man_bw_spares_catalogue,Test/Test 6/Extracted pages from MAN B&W SPARES PARTS CATALOGUE.pdf,39,drawing_only,medium,image heuristic fallback,drawing_only,0.56,"MA•N <br> D365624 <br> VERSCHAL UNG DER NOCKE NWELLE <br> CAMSHAFT CASING <br> REVETEMENT D'ARBRE A CAMES <br> REVESTIMIENTO DEL ARBOL DE LEVAS <br> |1,2,3,4 <br> |33.37 <br> 32,39 <br> 31,38 <br> 077.06/2 <br> 47 <br> E-F <br> 22 <br> 43 <br> 51 <br> 34 49 50 <br> L 40/45 <br> B11.07700-0195 <br> A <br> B. <br> 077.06 <br> 2 <br> "
test6_man_bw_spares_catalogue,Test/Test 6/Extracted pages from MAN B&W SPARES PARTS CATALOGUE.pdf,40,index_page,medium,image heuristic fallback,index_page,0.58,4.85 <br> MAN <br> Pos. <br> B <br> 10 <br> D <br> G <br> H <br> 30 <br> 31 <br> 2 <br> 34 <br> 6 <br> A <br> JD36 5624 <br> Benennung <br> Dèsignation <br> Achse komplett mit Pos. 2+4 <br> Axe compl. avec rep. 2+4 <br> Achse <br> Axe <br> Verschlußschraube <br> Bouchon fileté <br> Achse <br> Axe <br> Schraube <br> Vis <br> Scheibe <br> Disque <br> Zahnrad <br> Roue dentée <br> Doppelzahnrad komplett mit Pos. B-F <br> Roue dentée cylindrique comp1. avec <br> rep. B-f <br> Stirnrad <br> Roue dent
test6_man_bw_spares_catalogue,Test/Test 6/Extracted pages from MAN B&W SPARES PARTS CATALOGUE.pdf,41,drawing_material_list,medium,image heuristic fallback,drawing_material_list,0.56,".85 <br> MAN <br> D36 5624 <br> L <br> SAAAE <br> 100.02/2 <br> STEUERUNGSANTRIE B <br> CAMSHAFT DRIVE <br> COMVANDE DE DISTRIBUTION <br> ACCIONAMIENTO DE LA DISTRI BUCIÔN <br> 2, 1 <br> G,H <br> -10 <br> 31 <br> 34- <br> L 40/45 <br> B11.10000-0501 <br> F <br> 100.02 <br> "
test6_man_bw_spares_catalogue,Test/Test 6/Extracted pages from MAN B&W SPARES PARTS CATALOGUE.pdf,42,spare_parts_table,low,image heuristic fallback,spare_parts_table,0.48,"MAN <br> Pos. <br> 11.83 <br> 12 <br> 13 <br> 1 <br> 15 <br> 16 <br> Benennung <br> Dsignation <br> Konsole <br> Console <br> leiger <br> Aiquille <br> Sechskantschraube <br> Boulon a six pans <br> Sechskantschraube <br> Boulon a six pans <br> Kegelstift <br> Goupille conique <br> Halbrundkerbnagel <br> Clou cannelé tête demi-ronde <br> D365624 <br> 14 <br> 15 <br> 16 <br> 100,03/1 <br> TOTPUNKTANZEIGER <br> DEAD CENTRE INDICATOR <br> INDICATEUR DE POINT MORT <br> INDI CADOR DEL PUNTO MUERTO <br"
test6_man_bw_spares_catalogue,Test/Test 6/Extracted pages from MAN B&W SPARES PARTS CATALOGUE.pdf,43,index_page,medium,image heuristic fallback,index_page,0.58,"88'8 <br> MAN <br> Pos. <br> 2 <br> 8 <br> 12 <br> 13 <br> 16 <br> 17 <br> 18 <br> 501* <br> 503* <br> 505 <br> 512 <br> 520 <br> 521 <br> 523 <br> 526 <br> Benennung <br> Dsignation <br> Nockenwelle für rechtslaufenden <br> Notor, komplett <br> nD36 5624 <br> Arbre à cames, pour moteur tournant <br> àdroite, compl. <br> Nockenwelle für linksl aufenden <br> Motor, komplett <br> welle für 6 Zyl.-Motor <br> Arbre a cames pour moteur tournant <br> gauche, compl. <br> Arbre pour moteur à 6 cylindres"
test6_man_bw_spares_catalogue,Test/Test 6/Extracted pages from MAN B&W SPARES PARTS CATALOGUE.pdf,44,spare_parts_table,low,image heuristic fallback,spare_parts_table,0.48,Pos. <br> 528 <br> 530 <br> 53 <br> 534 <br> 535 <br> 53 <br> 38 <br> Benennung <br> Désignation <br> Hutmanschette <br> Manchette <br> Stützring <br> Anneau-porteur <br> Flansch <br> Bride <br> chapeau <br> Sechskantschraube <br> Boulon a six pans <br> Sechskantschraube <br> Boulon à six pans <br> Sechskantschraube <br> Boulon à six pans <br> Welle <br> Arbre <br> Designation <br> Designación <br> D36 5624/101.10/1 <br> Cap cuff <br> Manguito de sombrerete <br> Support ring <br> Anillo de apoyo
test6_man_bw_spares_catalogue,Test/Test 6/Extracted pages from MAN B&W SPARES PARTS CATALOGUE.pdf,45,drawing_only,medium,image heuristic fallback,drawing_only,0.56,"3.88 <br> p36 5624 <br> 8 <br> 7 <br> 18 17 16 <br> 1-4,C <br> 512 <br> 503 <br> 101.10/2 <br> NOCKE NWELLE MII NOCKEN <br> CAMSHAEI WITH CAMS <br> ARBRE A CAMES AVEC CAMES <br> ARBOL DE LEVAS CON LEVAS <br> 520. <br> 521 <br> 501 <br> 526 <br> 535 <br> 530 <br> 2 <br> 12 <br> 538 <br> 528. <br> 536 <br> 40/45 <br> B11.20900-0358 <br> 531 <br> 534 <br> 505. <br> 523 <br> 4 <br> 13 <br> 101.10 <br> "
test6_man_bw_spares_catalogue,Test/Test 6/Extracted pages from MAN B&W SPARES PARTS CATALOGUE.pdf,46,drawing_material_list,medium,image heuristic fallback,drawing_material_list,0.56,MAN <br> Pos <br> 2 <br> 3 <br> Benennung <br> Désignation <br> Paßlagerschale <br> Coquille du plaier de butée <br> Lagerschale <br> Coussinet <br> Zylinderstift <br> Cheville cylindrique <br> D36 5624 <br> 102. 04/1 <br> 2 <br> NOCKENWELLENLAGER <br> CAMSHAFT BEARING <br> COUSSINET D'ARBRE A CAMES <br> CO JINETE DEL EJE DE DISTRIBUCION <br> Designation <br> Designación <br> Thrust bearing shel1 <br> Casquillo del cojinete de ajuste <br> Bearing shell <br> Casquillo de cojinete <br> Cylindrical
test6_man_bw_spares_catalogue,Test/Test 6/Extracted pages from MAN B&W SPARES PARTS CATALOGUE.pdf,47,index_page,medium,image heuristic fallback,index_page,0.58,"MA•N <br> Pos. <br> K <br> 5 <br> 6 <br> 8 <br> 9 <br> 11 <br> 1 <br> 19 <br> 20 <br> 24 <br> 22 <br> 2 <br> 26 <br> 27 <br> 28 <br> 29 <br> 33 <br> 34 <br> 35 <br> Benennung <br> Désignation <br> Kipphebel, komplett <br> Culbuteur <br> Kipphebel gehäuse <br> Boftier du culbuteur <br> Dichtung <br> Joint <br> Zylinderschraube <br> Vis à tête cylindrique <br> Verschlu&schraube <br> Bouchon fileté <br> Dichtring <br> Anneau-joint <br> Kugelkappe <br> Coussinet de rotule <br> Sprengring <br> Baque "
test6_man_bw_spares_catalogue,Test/Test 6/Extracted pages from MAN B&W SPARES PARTS CATALOGUE.pdf,48,spare_parts_table,low,image heuristic fallback,spare_parts_table,0.48,"Pos. <br> 37 <br> 42 <br> 46 <br> 50 <br> Benennung <br> Désignation <br> Schwinghebel achse <br> Axe de culbuteur <br> Runddichtring <br> Joint-torique <br> Schwinghebel, komplett mit Pos. 46 <br> Culbuteur, compl. avec rep. 46 <br> Lagerbuchse <br> Coussinet de palier <br> Sechskantschraube <br> Boulon a six pans <br> D36 5626 /111.03/1 <br> Designation <br> Designación <br> Rocker arm axle <br> Eje del bal ancin <br> 0-ring <br> Anillo circular de junta <br> Rocker arm, complete with pos. 46 "
test6_man_bw_spares_catalogue,Test/Test 6/Extracted pages from MAN B&W SPARES PARTS CATALOGUE.pdf,49,drawing_only,medium,image heuristic fallback,drawing_only,0.56,"7.86 <br> MAN <br> 34,35 <br> 33 <br> 21 <br> 22 <br> 1 <br> JD36 5626 <br> 5 <br> 19,20 <br> KIPPHEBEL MI LAGERUNG <br> ROCKER ARM WITH CASING <br> CUL BUTE UR AVEC BOITIER <br> BALANCIN CON CAJA <br> 111.03/2 <br> 28,29 <br> 11 <br> 27 26 23 <br> 6 <br> -17 <br> 6 <br> 8,9 <br> 37 <br> 42 <br> oloS026 <br> 40/45 <br> BI1,11100-0053 <br> 27 26 44 <br> 34,35) <br> 11.03 <br> -33 <br> 28 <br> 50 <br> 29 <br> -6/2 <br> -46 <br> "
test6_man_bw_spares_catalogue,Test/Test 6/Extracted pages from MAN B&W SPARES PARTS CATALOGUE.pdf,50,index_page,medium,image heuristic fallback,index_page,0.58,"(AN <br> Pos <br> 1 <br> 2 <br> 3 <br> 4 <br> 5 <br> 8 <br> 9 <br> 11 <br> 12 <br> 13 <br> 14 <br> 15 <br> 16 <br> 18 <br> 22 <br> 27 <br> 28 <br> 34 <br> Benennung <br> Désignation <br> Stößelführung <br> Guide de poussoir <br> Rollenstößel, komplett mit Pos. 3-9 <br> Poussoir àgalet, compl. avec rep. 3-9 <br> Stößel <br> Poussoir <br> Druckstück <br> Pièce de pression <br> Rolle <br> Galet <br> Achse <br> Axe <br> Buchse <br> Douille <br> Druckscheibe <br> Rondelle de pression <br> Sicherungsr"
test6_man_bw_spares_catalogue,Test/Test 6/Extracted pages from MAN B&W SPARES PARTS CATALOGUE.pdf,51,drawing_only,low,drawing keyword,drawing_only,0.56,"L34 <br> 22 <br> 18 <br> 27 <br> 13 <br> D36 5626 <br> STOSSSTANGE UND STÖSSEL <br> PUSHROD AND TAPPET <br> TIGE DE POUSSOIR ET POUSSOIR <br> VARILLA DE EMPUJE Y EMPUJADOR <br> 112.03/I2 <br> -14 <br> -15 <br> 3 <br> 11 <br> 11.89 <br> 12 <br> 1 <br> 2 <br> 27,28 <br> 16 <br> 40/45 <br> C11.11200-0071 <br> Schnitt -Section <br> Section-Sección <br> T <br> A- B <br> 112.03 <br> 2 <br> -5 / <br> -6 <br> -7V <br> "
test6_man_bw_spares_catalogue,Test/Test 6/Extracted pages from MAN B&W SPARES PARTS CATALOGUE.pdf,52,index_page,medium,image heuristic fallback,index_page,0.58,"Pos <br> K <br> 3 <br> 4 <br> 5 <br> 10 <br> D36 5626 <br> Benennung <br> Désignation <br> Einlaßventil, komplett <br> Soupape d'admission, compl. <br> Ventilkegel <br> Cône de soupape <br> Druckfeder <br> Ressort de pression <br> Druckfeder <br> Ressort de pression <br> Federteller <br> Cuvette de ressort <br> EINLASSVENTIL <br> INLET VALVE <br> SOUPAPE D'ADMISSION <br> VALVULA DE ADMISION <br> 113.01/1 <br> Ventilkegelstück <br> Bague conique <br> Ventildrehvorrichtung, komplett <br> Dispositi"
test6_man_bw_spares_catalogue,Test/Test 6/Extracted pages from MAN B&W SPARES PARTS CATALOGUE.pdf,53,drawing_only,medium,image heuristic fallback,drawing_only,0.56,D36 5626 <br> 3 <br> 113.01/2 <br> EINLASSVENTIL <br> INLET VALVE <br> SOUPAPE D'ADMISSION <br> VALVULA DE ADMISION <br> 10.89 <br> 40/45 <br> B11.11300-0131 <br> 113.01 <br> 2 <br> 
test6_man_bw_spares_catalogue,Test/Test 6/Extracted pages from MAN B&W SPARES PARTS CATALOGUE.pdf,54,index_page,medium,image heuristic fallback,index_page,0.58,"7.85 <br> MAN <br> Pos. <br> K <br> 7 <br> 8 <br> 9 <br> 11 <br> Benennung <br> Désignation <br> Auslaßventil, komplett <br> Soupape d'echappement, complete <br> Ventilkegel mit flbgel buchse <br> Cöne de soupape avec doulled aflettes <br> Druckfeder <br> Ressort de pression <br> Dr uckfeder <br> Ressort de pression <br> Federteller <br> Plaque de ressort <br> -Ring <br> Joint torique <br> Ventilkege lstück <br> Clavette demi-lune <br> Axiallager <br> Palier axial <br> Ventilkorb, komplett mit P"
test6_man_bw_spares_catalogue,Test/Test 6/Extracted pages from MAN B&W SPARES PARTS CATALOGUE.pdf,55,drawing_only,medium,image heuristic fallback,drawing_only,0.56,"7,85 <br> MAN <br> D36 5626 <br> 114.01/2 <br> AUSLASSVENTIL <br> EXHAUST VALVE <br> SOUPAPE D'£CHAPPEMENT <br> VALVULA DE ESCAPE <br> 40/45 <br> B11.11400-0196 <br> BIL,11400-0275 <br> 114.01 <br> 3 <br> 4 <br> 7 <br> 11 <br> 5 <br> N <br> 11 <br> M <br> -N <br> 2 <br> "
test6_man_bw_spares_catalogue,Test/Test 6/Extracted pages from MAN B&W SPARES PARTS CATALOGUE.pdf,56,index_page,medium,image heuristic fallback,index_page,0.58,Pos. <br> 1 <br> 3 <br> 4 <br> 6 <br> 7 <br> 10 <br> 11 <br> 12 <br> 13 <br> D36 5626 <br> Benennung <br> Désignation <br> Hebel <br> Levier <br> Drehwinkel-MeBumformer <br> rotatif <br> TRANSMITTER FOR REMOTE FUEL PUMP SETTING <br> TRANSMETEURADISTANCE DE DEBIT <br> TELETRANSMISOR DE ADMISION <br> Convertisseur-transmetteur de l'angle <br> Sechskantschraube <br> Boulonàsixpans <br> Sechskantmutter <br> Ecrou à six pans <br> Federring <br> Anneau-ressort <br> Stangenkopf-Gelenklager <br> Palier 
test6_man_bw_spares_catalogue,Test/Test 6/Extracted pages from MAN B&W SPARES PARTS CATALOGUE.pdf,57,drawing_only,medium,image heuristic fallback,drawing_only,0.56,"AN <br> A- B <br> D36 5626 <br> 6,7 <br> 2 <br> TRANSMITTER FOR REMOTE FUEL PUMP SETTING <br> TRANSMETEUR A DISTANCE DE DEBIT <br> TELETRANSMISOR DE ADMISION <br> 3 <br> 5 <br> 125.07/2 <br> FERNFÜLLUNGSGEBER <br> 3 <br> B <br> 3.88 <br> 10 <br> t <br> 13 <br> 11 <br> 40/45 <br> C11.12500-3578 <br> 125.07 <br> 2 <br> 12 <br> "
test6_man_bw_spares_catalogue,Test/Test 6/Extracted pages from MAN B&W SPARES PARTS CATALOGUE.pdf,58,index_page,medium,image heuristic fallback,index_page,0.58,Pos. <br> 1 <br> 6 <br> 17 <br> 18 <br> 19 <br> 22 <br> 23 <br> 24 <br> 26 <br> 28 <br> 30 <br> 32 <br> 33 <br> 34 <br> 38 <br> 40 <br> 42 <br> 43 <br> 44 <br> 45 <br> 48 <br> 49 <br> 50 <br> 405 <br> 406 <br> D36 5624 <br> Benennung <br> Désignation <br> Konsole <br> Console <br> Levier <br> Bedienungseinrichtung <br> Installation de manoeuve <br> Kopfschraube <br> Boulonàtête <br> Zylinderschraube <br> Vis àtêtecylindrique <br> Sechskantschraube <br> Boulon à six pans <br> Sicherungsscheibe <b
test6_man_bw_spares_catalogue,Test/Test 6/Extracted pages from MAN B&W SPARES PARTS CATALOGUE.pdf,59,spare_parts_table,low,image heuristic fallback,spare_parts_table,0.48,Pos. <br> 418 <br> 419 <br> 421 <br> 422 <br> Benennung <br> Désignation <br> Unibal-Gelenkstangenkopf <br> Tête de tige articulée Unibal <br> Sechskantmutter <br> Ecrou à six pans <br> Verbindungsstange <br> Tige de raccordement <br> Verbindungsstange <br> Tige de raccordement <br> D36 5624/125.08/1 <br> Designation <br> Designaciôn <br> Articulated rod head Unibal <br> Cabeza de barra articulada Unibal <br> Hexagon nut <br> Tuerca hexagonal <br> Connection rod <br> Barra de unión <br> Connecti
test6_man_bw_spares_catalogue,Test/Test 6/Extracted pages from MAN B&W SPARES PARTS CATALOGUE.pdf,60,drawing_material_list,medium,image heuristic fallback,drawing_material_list,0.56,419 418 <br> 38 <br> 421 <br> D36 5624 <br> 38 <br> BEDIENUNGSEINRICHTUNG MIT ANBAUTEILEN <br> MANOEUVRING EQUIPMENT WITH <br> ATTACHMENTS <br> 40 <br> INSTALLATION DE MANOEUVRE AVEC PIECES <br> DE MONTAGE <br> DISPOSITIVO DE MANIOBRA CON PIEZAS DE <br> MONTAJE <br> 125.08/2 <br> 10.89 <br> L 40/45 <br> B11.12500-6131 <br> 1719 6 <br> -43 <br> 125.08 <br> 2 <br> siehe Rückseite - pTO <br> t.s.V.p. - Sigue al dorso <br> 
test6_man_bw_spares_catalogue,Test/Test 6/Extracted pages from MAN B&W SPARES PARTS CATALOGUE.pdf,61,spare_parts_table,low,image heuristic fallback,spare_parts_table,0.48,"26 <br> 24 <br> L22 23,24 <br> D36 5624/ 125.08/2 <br> nA"" <br> ..Y"" <br> 419 418 <br> 48 <br> 23 22 49 50 405 <br> B <br> 38 <br> 28 421 <br> 405 406 <br> „B-B"" <br> -422,26 <br> 32 23 24 <br> -1719 <br> -406 <br> 1819 <br> 30 33 34 <br> „A"" <br> "
test6_man_bw_spares_catalogue,Test/Test 6/Extracted pages from MAN B&W SPARES PARTS CATALOGUE.pdf,62,index_page,medium,image heuristic fallback,index_page,0.58,Pos. <br> 1 <br> 6 <br> 17 <br> 18 <br> 19 <br> 22 <br> 23 <br> 24 <br> 26 <br> 28 <br> 30 <br> 31 <br> 32 <br> 33 <br> 36 <br> 37 <br> 38 <br> D36 5624 <br> Benennung <br> Désignation <br> Console <br> Bedienungseinrichtung <br> Installation de manoeuve <br> Konsole <br> Levier <br> Kopfschraube <br> Boulon à tête <br> Zylinderschraube <br> Vis àtête cylindrique <br> Sechskantschraube <br> Boulon à six pans <br> Sicherungsscheibe <br> Disque de sécurité <br> Hebel <br> Hebel <br> Levier <br> Si
test6_man_bw_spares_catalogue,Test/Test 6/Extracted pages from MAN B&W SPARES PARTS CATALOGUE.pdf,63,drawing_material_list,medium,image heuristic fallback,drawing_material_list,0.56,"D36 5624 <br> AN <br> W <br> 6 <br> BEDIENUNGSEINRICHTUNG MIT ANBAUTEILEN <br> MANOEUVRING EQUIPMENT WITH <br> ATTACHMENTS <br> INSTALLATION DE MANOEUVRE AVEC PIECES <br> DE MONTAGE <br> DISPOSITIVO DE MANIOBRA CON PIEZAS DE <br> MONTAJE <br> 18,19 <br> 125.09/2 <br> 26 <br> -36,37 <br> -22 <br> 38 <br> 17,19 <br> 18,19 <br> 10.89 <br> X <br> 37 <br> 36 38 28 <br> 24 23 <br> L 40/45 <br> B11.12500-6133 <br> 30 <br> 31 <br> 32 <br> 33 <br> 125.09 <br> 2 <br> "
test6_man_bw_spares_catalogue,Test/Test 6/Extracted pages from MAN B&W SPARES PARTS CATALOGUE.pdf,64,drawing_only,low,drawing keyword,index_page,0.58,"MAN <br> Bild figure <br> Figure Figre <br> D36 5602 <br> 571 <br> 593 <br> 572 <br> 574 <br> 575 <br> 573 <br> TEILE ZUR BEDIENUNGSEINRICHTUNG <br> PARTS OF MANOEUVRING EQUIPMENT M,A, N,-DIESEL 125.97 <br> PIECES D INSTALLATION DE MANOEUVRE <br> PARTES DEL DISPOSITIVO DE MANIOBRA| <br> 125.97/1 <br> 2 <br> 12 <br> 5 <br> 13 <br> 5 <br> 3 <br> 13 <br> Benennung <br> Désignation <br> 4/2-4egeventil <br> Souppe 4/2 voies <br> 3/2-Wegeventil <br> Soupa0e à3/2 voies <br> Verteiler <br> Distributeur "
test6_man_bw_spares_catalogue,Test/Test 6/Extracted pages from MAN B&W SPARES PARTS CATALOGUE.pdf,65,drawing_only,low,drawing keyword,spare_parts_table,0.48,Bild <br> Figure <br> Figure <br> Figura <br> 586 <br> 587 <br> 588 <br> 589 <br> 590 <br> NCI3) NO2) <br> C(1) <br> 36 40 392/4 <br> 36 40 392/5 <br> 36 40 392/5 <br> 36 40 392/6 <br> Benennung <br> Désignation <br> Druckschalter <br> Druckschal ter <br> Interrupteur à pression <br> Druckminderventil <br> Soupape pour reduire <br> la pression <br> Designation <br> Desi gnación <br> Drosselrückschl agventil <br> Soupape d'étranglement <br> Pressure swi tch <br> 0ispositivo de control dd <br> pre
test6_man_bw_spares_catalogue,Test/Test 6/Extracted pages from MAN B&W SPARES PARTS CATALOGUE.pdf,66,drawing_only,low,drawing keyword,index_page,0.58,"4.77 <br> MAN <br> 81ld <br> figure <br> 36 40 392/4 <br> D36 5602 <br> fiqure <br> fiqura <br> 591 <br> 592 <br> 595 <br> 597 <br> 596 <br> 594 <br> 598 <br> TEILE ZUR BEDIENUNG SEINRICHTUNG <br> PARTS OF MANOEUVRING EQUIPMENT M.A,N,-DIESEL|125,97 <br> PIECES D INSTALLATION DE MANOEUVRE <br> PARTES DEL DISPOSITIVO DE MANIOBRA| <br> 599 <br> 36 40 392/6 <br> 36 40 392/1 <br> 36 40 392/7 <br> 36 40 392/7 <br> 125.97/2 <br> 5 <br> 5 <br> 5 <br> 13 <br> 13 <br> 5 <br> 13 <br> Bonennung <br> Dósl gn"
test6_man_bw_spares_catalogue,Test/Test 6/Extracted pages from MAN B&W SPARES PARTS CATALOGUE.pdf,67,drawing_only,low,drawing keyword,index_page,0.58,"MAN <br> 11.81 <br> Bild Figure <br> Figure Figura <br> -D36 5602 <br> 105 <br> 115 <br> PARTS OF MANOEUVRING EQUIPMENT M.A.N.-DIESEL 125,98 <br> PIECES D'INSTALLATION DE MANOEUVRE <br> PARTES DEL DISPOSITIVO DE MANIOBRA <br> 120 <br> 124 <br> 125 <br> TEILE ZUR BEDIENUNGSEINRICHTUNG <br> 125.98// <br> Benennung <br> Dési gnation <br> Feinregelventil <br> Soupape de réglage <br> Verschleißpäckchen <br> Jeu de pièces <br> Schaltventil <br> Soupape de commande <br> Verschlei8päckchen <br> Jeu de p"
test6_man_bw_spares_catalogue,Test/Test 6/Extracted pages from MAN B&W SPARES PARTS CATALOGUE.pdf,68,drawing_only,low,drawing keyword,index_page,0.58,Bild Figure <br> Figure Figura <br> D36 5602 125.98/A <br> 128 <br> 129 <br> 130 <br> 132 <br> 213 <br> Be nennung <br> Dési gnation <br> Feinregelventil <br> Soupape précis de réglage <br> Verschleißpäckchen <br> Jeu de pieces <br> Feinregelventil <br> Soupape précis de réglage <br> VerschleiBpäckchen <br> Jeu de pièces <br> Schaltventil <br> Soupape de commande <br> VerschleiBpäckchen <br> Jeu de pieces <br> Schaltventil <br> Soupape de commande <br> Verschlei8päckchen <br> Jeu de pièces <br> 
test6_man_bw_spares_catalogue,Test/Test 6/Extracted pages from MAN B&W SPARES PARTS CATALOGUE.pdf,69,drawing_only,low,drawing keyword,index_page,0.58,"MA•N <br> 8ild <br> Figure <br> D365602 <br> Figure <br> tigura <br> 215 <br> 218 <br> 221 <br> 222 <br> 226 <br> 227 <br> 229 <br> 230 <br> 125.98/2 <br> TEILE ZUR BEDIENUNGSEINRICHTUNG <br> PARTS OF MANOEUVRING EQUIPMENTI M.A.N,-DIESEL 125.98 <br> PIECES D'INSTALLATION DE MANOEUVRE <br> PARTES DEL DISPOsITIVC DE MANIOBRA <br> Be nennung <br> Désignation <br> Viervegeventil <br> Soupape a quatre voies <br> VerschleiBpšckchen <br> Jeu de pieces <br> Einfachwirkender Zlylinder <br> Cylindre aà si"
test6_man_bw_spares_catalogue,Test/Test 6/Extracted pages from MAN B&W SPARES PARTS CATALOGUE.pdf,70,drawing_only,low,drawing keyword,index_page,0.58,Bild Figure <br> Figure Figura <br> E <br> D36 5602/125.98/2 <br> 31 <br> 232 <br> 233 <br> 234 <br> 235 <br> 301 <br> 303 <br> Benennung <br> Dési gnation <br> Doppelwirkender Zylinder <br> Cylindre double effet <br> Verschleißpäckchen <br> Jeu de pièces <br> Doppelwirkender Zylinder <br> Cylindre double effet <br> Verschleißpäckchen <br> Jeu de piêces <br> Doppelwirkender Zylinder <br> Cylindre double effet <br> Verschlei8päckchen <br> Jeu de pieces <br> Vierwegeventil <br> Soupape àquatre voi
test6_man_bw_spares_catalogue,Test/Test 6/Extracted pages from MAN B&W SPARES PARTS CATALOGUE.pdf,71,drawing_only,low,drawing keyword,index_page,0.58,MAN <br> $ild <br> Figure Figura <br> - <br> Figure <br> |D36 5602 <br> 304 <br> 309 <br> 311 <br> 312 <br> 317 <br> 320 <br> 125.98/3 <br> TEILE ZUR BEDIENUNG SEINRICHTUNG <br> PARTS OF MANOEUVRING EQUIPMENT M.A. N. -DIESEL 125.98 <br> PIECES D INSTALLATION DE MANOEUVRE <br> PARTES DEL DISPOSITIVO DE MANIOBRA <br> Benennung <br> Désignation <br> Viervege-Megnetventil <br> Verschlei8pckchen <br> Jeu de pièces <br> Soupape magneticue à quatre voies Válvula magnética de quatro pasos <br> Dreivegev
test6_man_bw_spares_catalogue,Test/Test 6/Extracted pages from MAN B&W SPARES PARTS CATALOGUE.pdf,72,drawing_only,low,drawing keyword,index_page,0.58,Bild Figure <br> Figure figura <br> 323 <br> D36 5602/125.98/3 <br> 32 <br> 331 <br> 335 <br> 336 <br> 337 <br> 338 <br> 339 <br> Bene nnung <br> Désignation <br> Dreiwegeventil <br> Soupape à trois voies <br> Verschleißpäckchen <br> Jeu de piéces <br> Dreiwege-Magnetventil <br> Verschlei8päckchen <br> Jeu de pices <br> Dreiwegeventil <br> Soupape àtrois voies <br> Verschleißpäckchen <br> Jeu de pièces <br> Soupape magnetique à trois voies Válvula magnetica de tres pasos <br> Umschalt-Magnetveat
test6_man_bw_spares_catalogue,Test/Test 6/Extracted pages from MAN B&W SPARES PARTS CATALOGUE.pdf,73,drawing_only,low,drawing keyword,index_page,0.58,"11,81 <br> MAN <br> D36 5602 <br> Bild Fiqure <br> Figure Fiqura <br> 340 <br> 341 <br> 342 <br> 343 <br> 344 <br> 345 <br> 346 <br> 347 <br> 348 <br> 125.98/4 <br> TEILE ZUR BEDIENUNGSEINRICHTUNd <br> PARTSOF MANOEUVRING EQUIPMENTI M.A.N, -DIESE L 125.98 <br> PIECES D'INSTALLATI ON DE MANOEUVRE <br> PARTES DEL DISPOSITIVO DE MANIOBRA <br> Benennung <br> Désignation <br> Dreiwegeventil <br> Soupape à trois voies <br> Verschlei Bpäckchen <br> Jeu de pièces <br> Dreiwegeventil <br> Soupape à trois"
test6_man_bw_spares_catalogue,Test/Test 6/Extracted pages from MAN B&W SPARES PARTS CATALOGUE.pdf,74,drawing_only,low,drawing keyword,index_page,0.58,Bild figure <br> Figure Figura <br> L <br> |D36 5602 /125.98/4 <br> 349 <br> 351 <br> 357 <br> 357 <br> Benennung <br> Désignation <br> Dreiwegevent11 <br> Soupape à trois voies <br> VerschleiBpäckchen <br> Jeu de pièces <br> VerschleiBpäckchen <br> Jeu de pieces <br> Dreiwegeventil <br> Soupape à trois voies <br> Dreiwege-Magnetventil <br> Three-way solenoid valve <br> Soupape magnetique à trois voies Válvula magnetica de tres pasos <br> Verschleißpäckchen <br> Jeu de pieces <br> Dreivegeventil
test6_man_bw_spares_catalogue,Test/Test 6/Extracted pages from MAN B&W SPARES PARTS CATALOGUE.pdf,75,drawing_only,low,drawing keyword,index_page,0.58,"18'L <br> M•AN <br> 8i1d <br> Figure <br> D36 5602 <br> Fiqure <br> Fiqura <br> 369 <br> 370 <br> 371 <br> | <br> 373 <br> 376 <br> 125.98/5 <br> TEILE ZUR BEDIENUNGSEINRICHTUNGI <br> PARTS OF MANOEUVRING EQUIPMENT M.A.N,-DIESEL 125.98 <br> PIECES D'INSTALLATIONDE MANOEUVRE <br> PARTES DEL DISPOSITIVO DE MANIOBRA <br> Benennung <br> Désignation <br> Dreivegeventil <br> Soupape à trois voies <br> VerschleiBplckchen <br> Jeu de pices <br> Dreiwegeventil <br> Soupape à trois voies <br> VerschleiBpä"
test6_man_bw_spares_catalogue,Test/Test 6/Extracted pages from MAN B&W SPARES PARTS CATALOGUE.pdf,76,drawing_only,low,drawing keyword,index_page,0.58,"Bild Figure <br> Figure Figura <br> D36 5602 /125,98/5 <br> 377 <br> 379 <br> 380 <br> 381 <br> 382 <br> Benennung <br> Désignation <br> Dreiwegeventil <br> Soupape àtrois voies <br> Verschleißpäckchen <br> Jeu de pices <br> Dreivegeventil <br> Soupape à trois voies <br> Verschleipäckchen <br> Jeu de pieces <br> Dreivegeventil <br> Soupape à trois voies <br> VerschleiBpäckchen <br> Jeu de pieces <br> Dreiwege-Magnetventil <br> VerschleiBpäckchen <br> Jeu de pieces <br> Designation <br> Designaci"
test6_man_bw_spares_catalogue,Test/Test 6/Extracted pages from MAN B&W SPARES PARTS CATALOGUE.pdf,77,drawing_only,low,drawing keyword,index_page,0.58,"18' 1L <br> MAN <br> Bild <br> Figure <br> D36 5602 <br> Figure <br> igura <br> 384 <br> 385 <br> 386 <br> 389 <br> 391 <br> 125.98/6 <br> TEILE ZUR BEDIENUNGSEINRICHTUNG <br> PARTS OF MANOEUVRING EQUIP MENT M.A.N, -DIESEL|125.98 <br> PIECES D'INSTALLATION DE MANOEUVRE <br> PARTES DEL DISPOSITIVO DE MANIOBRA <br> Benennung <br> Désignation <br> Dreiwege-Magnetventil <br> Verschlei 8p#ckchen <br> Jeu de pièces <br> Soupape magnetique à trois voies Válvula magnetica de tres pasos <br> VerschleiBpä"
test6_man_bw_spares_catalogue,Test/Test 6/Extracted pages from MAN B&W SPARES PARTS CATALOGUE.pdf,78,drawing_only,low,drawing keyword,index_page,0.58,Bild Figure <br> Figure Figura <br> D36 5602/125.98/6 <br> 392 <br> 393 <br> 395 <br> Benennung <br> Désignation <br> Dreiwege-agnetventil <br> 406 <br> Three-way solenoid valve <br> Soupape magnetique à trois voies Válvula magnetica de tres pasos <br> Verschlei6pdckchen <br> Jeu de pices <br> Vierwegeventil <br> Soupape a quatre voies <br> 394 Dreiwege-Magnetventil <br> VerschleiBpäckchen <br> Jeu de pièces <br> Soupape magnetique àtrois voies <br> Verschleißpäckchen <br> Jeu de pièces <br> Dre
test6_man_bw_spares_catalogue,Test/Test 6/Extracted pages from MAN B&W SPARES PARTS CATALOGUE.pdf,79,drawing_only,low,drawing keyword,index_page,0.58,11.81 <br> M•AN <br> Bild <br> Fiqure <br> r D36 5602 <br> Figure <br> Figura <br> 125.98/7 <br> 407 <br> 409 <br> 417 <br> 426 <br> 428 <br> |TEILE ZUR BEDIENUNGSEINRICHTUNG <br> PARTS OF MANOEUVRING EQUIPMENT <br> PIECES D'INSTALLATION DE MANOEUVRE <br> PARTES DEL DISPOSITIVO DE MANIOBRA <br> Benennung <br> Désignation <br> Doppelabsperrventi l <br> Soupape doubl e d'arrêt <br> VerschleiBpäckchen <br> Jeu de pièces <br> Druckminderventil <br> VerschleiBpäckchen <br> Jeu de pices <br> Rückschla
test6_man_bw_spares_catalogue,Test/Test 6/Extracted pages from MAN B&W SPARES PARTS CATALOGUE.pdf,80,drawing_only,low,drawing keyword,index_page,0.58,Bild Figure <br> Figure Figura <br> D36 5602/125.98/7 <br> 435 <br> 436 <br> 438 <br> 440 <br> 442 <br> Benennung <br> Dési gnation <br> Schnellöseventil <br> Soupape de débrayage rapide <br> VerschleiBpäckchen <br> Jeu de pieces <br> Verzögerungsventil <br> Soupape de retardement <br> VerschleiBpäckchen <br> Jeu de pièces <br> Luftbehälter <br> Réservoir åair <br> Luftfilter <br> Filtre du air <br> VerschleiBteile <br> Jeu de pièces <br> Schnellöseventil <br> Soupape de débrayage rapide <br> Ve
test6_man_bw_spares_catalogue,Test/Test 6/Extracted pages from MAN B&W SPARES PARTS CATALOGUE.pdf,81,drawing_only,low,drawing keyword,index_page,0.58,"11.81 <br> MAN <br> Bìld <br> Figure <br> Figure Figura <br> D36 5602 <br> 444 <br> 445 <br> 446 <br> 450 <br> 451 <br> 125.98/8 <br> TEILE ZUR BEDIENUNGSEINRICHTUNG <br> PARTS OF MANOEUVRING EQUIPMENT M.A.N, -DIESEL 125.98 <br> PIECES D'INSTALLATIONDE MANOEUVRE <br> PARTES DEL DISPOSITIVO DE MANIOBRA <br> Be nennung <br> Désignation <br> Luftfilter <br> Filtre du air <br> Verschleißteile <br> Jeu de pièces <br> Luftbeh8lter <br> Réservoir à air <br> Absperrkugelhahn mit Griff <br> Robinet à bil"
test6_man_bw_spares_catalogue,Test/Test 6/Extracted pages from MAN B&W SPARES PARTS CATALOGUE.pdf,82,drawing_only,low,drawing keyword,index_page,0.58,8ild <br> igure <br> Figure <br> Figura <br> 455 <br> D36 5602/125.98/8 <br> 459 <br> 513 <br> 514 <br> 702 <br> Benennung <br> Dési gnation <br> Druckregelventil <br> Soupape de réglage de pression <br> Verschlei8päckchen <br> Jeu de pièces <br> Sicherheitsventil <br> Soupape de sécurité <br> Manomèter 60 mm <br> Manomètre 60 mm <br> Manometer 80 mm <br> Manometre 80 mm <br> 615 Druckminderstation <br> Station de reduction de pression <br> Verschleißpäckchen <br> Jeu de pieces <br> Druckschalte
test6_man_bw_spares_catalogue,Test/Test 6/Extracted pages from MAN B&W SPARES PARTS CATALOGUE.pdf,83,index_page,medium,image heuristic fallback,index_page,0.58,"12.88 <br> MAN <br> Bild <br> fiqure <br> fiqure figura <br> p36 5602 <br> 720 <br> 721 <br> 744 <br> 752 <br> TEILE ZUR BEDIENUNGSEINRICHTUNG <br> PARTS OF MANOEUVRING EQUIPMENT M.A,N, -DIESEL125.98 <br> PIECES D INSTALLATION DE MANOEUVRE <br> PARTES DEL DISPOSITIVO DE MANIOBRA <br> 125.98/9 <br> Benennung <br> Désignation <br> Endschalter <br> Interrupteur fin de course <br> Druckschalter <br> Interrupteur à pression <br> Druckschalter <br> Interrupteur à pression <br> Pressostat-Druckschalter"
test6_man_bw_spares_catalogue,Test/Test 6/Extracted pages from MAN B&W SPARES PARTS CATALOGUE.pdf,84,drawing_only,low,drawing keyword,index_page,0.58,Bild <br> figure <br> figure Figura <br> D36 5602 /125.98/9 <br> 462 <br> 364 <br> Benennung <br> Désignation <br> Druckluftfilter <br> Filtre de air <br> Keramischer Filtereinsatz <br> Elément filtrant en céramique <br> Magnetventil <br> Soupape magnetique <br> Verschleißpäckchen <br> Jeu de pieces <br> 3/2-Wegemagnetventil mit Stecker <br> Soupape à3/2 voies avec <br> fiche de prise courant <br> Designation <br> Designación <br> Verschleißpäckchen <br> Jeu de pices <br> Air filter <br> Filtro 
test6_man_bw_spares_catalogue,Test/Test 6/Extracted pages from MAN B&W SPARES PARTS CATALOGUE.pdf,85,index_page,medium,image heuristic fallback,index_page,0.58,"MAN <br> Pos. <br> 10 <br> 11 <br> 15 <br> 16 <br> 17 <br> 20 <br> 21 <br> 22 <br> 23 <br> 26 <br> 28 <br> 29 <br> 30 <br> 32 <br> 34 <br> 38 <br> 40 <br> 43 <br> 44 <br> 45 <br> 49 * <br> 51 <br> 53 <br> 55 <br> D36 5624 <br> Benennung <br> Désignation <br> Spritzdüse <br> Gicleur <br> Reglerantriebsgehduse mit Pos. 4 <br> Boitier du commande de réqulateur <br> avec rep. 4 <br> Gewindestift <br> Goupille filetée <br> Flanschlager komplett, mit Pos. 9-11 <br> Flasque-bride compl. avec pos. 9-11 "
test6_man_bw_spares_catalogue,Test/Test 6/Extracted pages from MAN B&W SPARES PARTS CATALOGUE.pdf,86,index_page,medium,image heuristic fallback,index_page,0.58,Pos <br> 6 <br> 57 <br> 79 <br> 80 <br> 83 <br> 84 <br> 85 <br> C6 <br> Benennung <br> Désignation <br> Stirnrad <br> Roue dentée droite <br> Sechskant sch raube <br> Boulon a six pans <br> Sechskan tmutter <br> Ecrou à six pans <br> Anlaufscheibe <br> Disque d'écartement <br> Sechskantschraube <br> Boulon à six pans <br> Axiallager <br> Palier axial <br> Stiftschraube <br> Goujon <br> Verschlußschraube <br> Bouchon filete <br> Dichtring <br> Anneau-joint <br> Verschlußsch raube <br> Bouchon fil
test6_man_bw_spares_catalogue,Test/Test 6/Extracted pages from MAN B&W SPARES PARTS CATALOGUE.pdf,87,drawing_material_list,medium,image heuristic fallback,drawing_material_list,0.56,"11.84 <br> MAN <br> 38 <br> 49,53 <br> 51 <br> -lD36 5624 <br> 22 21 <br> 74 <br> 94,96 55 56 40 4 <br> 7-10 <br> 20 <br> 23 <br> -80 <br> 32 <br> -43 <br> -11 <br> 16. <br> 140.03/2 <br> REGLERANIRIEB <br> 78,79 <br> 32 <br> 15 <br> COMMANDE DE REGULATEUR <br> ACCIONAMIENIO DEL REGULADOR <br> 30 <br> 34: <br> 32 <br> 63 <br> 67 <br> 70 <br> 85 <br> 45 <br> 76 <br> 77 <br> 45 <br> 38 <br> 60,67 58,ôo <br> 26-29 <br> 84 <br> 17 <br> 85 <br> 84 <br> L 40/45 <br> BI1.14000-0562 <br> 140.03 <br> 83 "
test6_man_bw_spares_catalogue,Test/Test 6/Extracted pages from MAN B&W SPARES PARTS CATALOGUE.pdf,88,index_page,medium,image heuristic fallback,index_page,0.58,£8*1L <br> MA•N <br> Pos. <br> 3 <br> 6 <br> 15 <br> 17 <br> 18 <br> 20 <br> 23 <br> 24 <br> 25 <br> 26 <br> Benennung <br> Dsignation <br> D36 5624 <br> Woodward-Regler PG A 58 <br> Régulateur Woodward PG A 58 <br> Woodward- Booster-Servomotor <br> Servo-moteur Woodward-Booster <br> Sechskantschraube <br> Boulon à six pans <br> Sechskantschraube <br> Boulon a six pans <br> Federring <br> Anneau-ressort <br> Hebel <br> Levier <br> Sechskantschraube <br> Boulon a six pans <br> Hebel <br> Levier <
test6_man_bw_spares_catalogue,Test/Test 6/Extracted pages from MAN B&W SPARES PARTS CATALOGUE.pdf,89,drawing_only,low,drawing keyword,drawing_only,0.56,"11.83 <br> MAN <br> 15 <br> H <br> 26 <br> 20 <br> D36 5624 <br> B <br> Schnitt - section <br> section-sección <br> 24 <br> 140.04/2 <br> A- B <br> 23 <br> REGLERANBAU <br> MOUNTING GOVERNOR <br> SOUS-ENSEMBLE REGULATEUR <br> MDNTAJE DEL REGULADOR <br> -26 <br> L 40/45 <br> |Ci1.14000-0571 <br> Schnitt - section <br> sect ion- seccin <br> -24 <br> C-D <br> -25 <br> -26 <br> 6 <br> ]40.04 <br> -7,8 <br> -18 <br> -17 <br> 2 <br> -26 <br> "
test6_man_bw_spares_catalogue,Test/Test 6/Extracted pages from MAN B&W SPARES PARTS CATALOGUE.pdf,90,index_page,medium,image heuristic fallback,index_page,0.58,MAN <br> Pos. <br> 98'6 <br> 3 <br> 5 <br> 10 <br> 12 <br> 13 <br> 15 <br> 16 <br> 19 <br> 21 <br> 23 <br> 24 <br> 25 <br> 26 <br> 27 <br> 28 <br> 29 <br> 30 <br> 32 <br> 33 <br> 34 <br> 35 <br> 36 <br> Benennung <br> Désignation <br> welle <br> Arbre <br> Sechskantschraube <br> Boulon a six pans <br> Zylinderstift <br> Cheville cylindrique <br> Welle <br> Arbre <br> Aufnahmestück <br> Boîtier <br> Zylinderschraube <br> Vis àtête cylindrique <br> Zylinderstift <br> Cheville cylindrique <br> Span
test6_man_bw_spares_catalogue,Test/Test 6/Extracted pages from MAN B&W SPARES PARTS CATALOGUE.pdf,91,index_page,medium,image heuristic fallback,index_page,0.58,"45 <br> 46 <br> 48 <br> 52 <br> 53 <br> 55 <br> 67 <br> 40 <br> 63 <br> 38 <br> 39 <br> 502 <br> 503 <br> 504 <br> Pos. <br> Benennung <br> Désignation <br> Sechskantschraube <br> Boulon à six pans <br> Sechskantschraube <br> Boulon àsix pans <br> Nocken für 7-9, 14-18 Zyl.-Motor <br> Came pour moteur à 7-9, 14-18 cylindres <br> Wellendichtring <br> Garniture d'arbre <br> Nocken fur 6+42 Zyl-Motor <br> Came, pour moteur à 6+12 cylindres <br> Spannhulse <br> Douille de serrage <br> Scheibe <br> D"
test6_man_bw_spares_catalogue,Test/Test 6/Extracted pages from MAN B&W SPARES PARTS CATALOGUE.pdf,92,drawing_material_list,medium,image heuristic fallback,drawing_material_list,0.56,"MA•N <br> 9.86 <br> 49 <br> A5 <br> 46 <br> 52 <br> 53 <br> 21 <br> 44 <br> 21 <br> 40,43 <br> 5 <br> A - B <br> 62 <br> OD36 5626 <br> B <br> 27 <br> 48 <br> 63 <br> ANLASSSTEVERSCHIEBER <br> SARTING AIR PILOT VAL VE <br> VANNE D'ASSERVISSENENT DE LANCENNT <br> DISTRIBUIDOR <br> 39 <br> 38 <br> 33-36 32 <br> 23 <br> 24 25 <br> 160.04/2 <br> 26 <br> 19 13 10 12 <br> 503 <br> 504 <br> 502 <br> -28 <br> -29,30 <br> 8 11 <br> B11.16000-0390 <br> 3 <br> 40/45 <br> D) <br> -16 <br> 15 <br> 160.04 <br"
test6_man_bw_spares_catalogue,Test/Test 6/Extracted pages from MAN B&W SPARES PARTS CATALOGUE.pdf,93,index_page,medium,image heuristic fallback,index_page,0.58,"M•AN <br> Pos. <br> 1 <br> 2 <br> 3 <br> 5 <br> 6 <br> 501 <br> 502 <br> 503 <br> 504 <br> 505 <br> 506 <br> 507 <br> 508 <br> Benennung <br> Dsignation <br> Anlaßventil, komplett mit Pos. <br> 501-508 <br> Soupape de lancement, complete avec <br> pos. 501-508 <br> 0-Ring <br> Joint torique <br> Dichtring <br> Anneau-joint <br> Obturateur 12-18 cylindres, sans <br> renversement <br> Druckflansch <br> Blindeinsatz, 12-18 Zyl., ohne Umst. <br> Bride de pression <br> Sechskantschraube <br> Boulon à"
test6_man_bw_spares_catalogue,Test/Test 6/Extracted pages from MAN B&W SPARES PARTS CATALOGUE.pdf,94,drawing_only,medium,image heuristic fallback,drawing_only,0.56,M•AN <br> 2 <br> 503 <br> 2 <br> 505 <br> JD36 5626 <br> 2 <br> 507 <br> 161.02/2 <br> ANLASSVENTIL <br> STARTING VALVE <br> SOUPAPE DE LANCEMENT <br> VALVULA DE ARRANQUE <br> 6 <br> 5 <br> 501 <br> 508 <br> -504 <br> 506 <br> -502 <br> 3 <br> 40/45 <br> B11.161 00-0224 <br> 161.02 <br> 2 <br> 3 <br> 
test6_man_bw_spares_catalogue,Test/Test 6/Extracted pages from MAN B&W SPARES PARTS CATALOGUE.pdf,95,index_page,medium,image heuristic fallback,index_page,0.58,"11.88 <br> MAN <br> Pos. <br> 1 <br> 5 <br> 5 <br> 7 <br> 8 <br> 10 <br> 11 <br> 15 <br> 6 <br> 17 <br> 18 <br> 19 <br> 20 <br> D36 5626 <br> Benennung <br> Désignation <br> Hauptanlaßventil, komplett <br> Gehäuse <br> Boitier <br> Ventilsitz <br> Siège de soupape <br> Ventilkolben <br> Soupape de lancement principale, compl. <br> Piston de soupape <br> Sicherheitsventil <br> Soupape de sécurité <br> Dichtring <br> Anneau-joint <br> Sechskantschraube <br> Boulon a six pans <br> Druckfeder <br> R"
test6_man_bw_spares_catalogue,Test/Test 6/Extracted pages from MAN B&W SPARES PARTS CATALOGUE.pdf,96,drawing_only,medium,image heuristic fallback,drawing_only,0.56,"11.88 <br> M•AN <br> 15 <br> 18 <br> 16 <br> 17 <br> 1 <br> 3 <br> D36 5626 <br> 19 <br> 20 <br> HAUPTANLASSVENT IL <br> l62. 03/2 <br> MAIN SIARTING VALVE <br> SO UPAPE DE LANCEMENT PRINCIPALE <br> VALVULA DE ARRANQUE PRINCIPAL <br> A -A <br> 10 <br> 11 <br> 32/36 <br> 40/45, 40/54 <br> Ci1.16200-02 15 <br> A <br> 162.03 <br> 2 <br> "
test6_man_bw_spares_catalogue,Test/Test 6/Extracted pages from MAN B&W SPARES PARTS CATALOGUE.pdf,97,drawing_material_list,medium,image heuristic fallback,drawing_material_list,0.56,"AN <br> D365626 <br> 52 <br> 51 53 <br> 3 <br> 6 <br> 13 <br> 17 <br> 18 <br> 26,65,66 <br> 64 <br> 54 62 59 <br> 63 <br> KRAFTSTOFFEINSPRITZPUMPE <br> FUEL INJECTION PUMP <br> POMPE D'INJECTION DE COMBUSTIBLE <br> BOMBA DE INYECCION DE COMBUSTIBLE <br> A -B <br> 200.04/2 <br> 11.89 <br> 7 <br> 5 <br> 60 23 <br> 12 <br> 27 <br> -19 <br> 28 25 <br> 29 24 <br> 34 <br> -32 <br> 80 <br> 30 <br> 35. <br> 37. <br> C-D <br> E-F <br> 67 <br> 40/45 <br> 811.20000-0607 <br> A <br> TP <br> 200.04 <br> 2 <b"
test6_man_bw_spares_catalogue,Test/Test 6/Extracted pages from MAN B&W SPARES PARTS CATALOGUE.pdf,98,index_page,medium,image heuristic fallback,index_page,0.58,"Pos. <br> K <br> 1 <br> 3 <br> 5 <br> 6 <br> 7 <br> 12 <br> 13 <br> 17 <br> 18 <br> 19 <br> 23 <br> 24 <br> 25 <br> 26 <br> 27 <br> 28 <br> 29 <br> 30 <br> 31 <br> 32 <br> 34 <br> 35 <br> 36 <br> 37 <br> AN <br> Benennung <br> Désignation <br> Kraftstoffeinspritzpumpe,komplett <br> Pompe d'injection de combustible, <br> compl. <br> Ventilträger, komplett mit Pos. 3-7 <br> Porte-soupape, compl. avec rep. 3-7 <br> Ventilkegel <br> Cône de soupape <br> VerschluBschraube <br> Bouchon fileté <br> Spa"
test6_man_bw_spares_catalogue,Test/Test 6/Extracted pages from MAN B&W SPARES PARTS CATALOGUE.pdf,99,index_page,medium,image heuristic fallback,index_page,0.58,Pos. <br> 541 <br> 39 <br> 40 <br> 42 <br> 43 <br> 44 <br> 46 <br> 45 <br> 48 <br> 47 <br> 51 <br> 52 <br> 53 <br> 54 <br> 59 <br> 60 <br> 62 <br> 63 <br> 64 <br> D <br> 65 <br> 80 <br> 66 <br> 67 <br> A <br> B <br> C <br> Benennung <br> Désignation <br> Sechskantschraube <br> Boulon à six pans <br> Runddichtring <br> Joint-torique <br> Runddichtring <br> Joint-torique <br> Regelhülse <br> Douille de réglage <br> Federteller <br> Cuvette de ressort <br> Runddichtring <br> Joint-torique <br> Fede
test6_man_bw_spares_catalogue,Test/Test 6/Extracted pages from MAN B&W SPARES PARTS CATALOGUE.pdf,100,index_page,medium,image heuristic fallback,index_page,0.58,"6/1 <br> MA+N <br> Pos. <br> 1 <br> 2 <br> 3 <br> 5 <br> 6 <br> 8 <br> 10 <br> 13 <br> 15 <br> 16 <br> 17 <br> 18 <br> 20 <br> 21 <br> 22 <br> 23 <br> 24 <br> 25 <br> 26 <br> 27 <br> 28 <br> Benennung <br> Désignation <br> LD36 5624 <br> Rechte Federhülse <br> Elastisches Glied komplett mit Pos. <br> 2-5, 8-10, 13-18 <br> Elénent élastique compl. avec pos. <br> 2-5, 8-10, 13-18 <br> Linke Fede rhulse <br> Ressort buselure à droit <br> Flanschlager <br> Flasque-bride <br> Ressort buselure gauche "
test6_man_bw_spares_catalogue,Test/Test 6/Extracted pages from MAN B&W SPARES PARTS CATALOGUE.pdf,101,index_page,medium,image heuristic fallback,index_page,0.58,Pos. <br> 29 <br> 6 <br> 1 <br> 43 <br> 6 <br> 50 <br> 51 <br> 52 <br> 53 <br> 5 <br> 56 <br> Benennung <br> Désignation <br> Druckfeder <br> Ressort de pression <br> Kolbenring <br> Segment de piston <br> Einfachwirkender lylinder <br> Cylindre àsimple effet <br> FuBbefestigung <br> Equerre de fixation <br> Hutmutter <br> Ecrou à chapeau <br> Sechskantmutter <br> Ecrou à six pans <br> Halterung <br> Support <br> Platte <br> Plaque <br> Bock <br> Support <br> Sechskantschr aube <br> Boulon a six
test6_man_bw_spares_catalogue,Test/Test 6/Extracted pages from MAN B&W SPARES PARTS CATALOGUE.pdf,102,index_page,medium,image heuristic fallback,index_page,0.58,"JANBAU ELASTISCHES GLIED, FULLUNGSBE GRENZER, ABSTELL <br> ZYLINDER <br> MAN MDUNTING THE ELASTIC LINK, LIMI TATION OF ADMISSION, <br> Sp36 5624 <br> |SHUT-DOWN CYLINDER <br> MONTAGE D'ELÉNENT ELASTIQUE, LIMTE DE L'ADMI SSION <br> DE CONBUSTIBLE, CYLINDRE D'ARRET <br> MONTAJE DE ARTICULACIÓN ELASTICA LIM TACION DE <br> ADMISIN DE COMBUSTIBLE, CILINDRO DE PARADA <br> 203.04/2 <br> 26,28 <br> L 40/45 <br> B11.20300-1444 <br> 42 <br> 41 <br> 10 1S <br> 36 40 835 <br> 52,53 <br> 45 <br> 203.04 <br> "
test6_man_bw_spares_catalogue,Test/Test 6/Extracted pages from MAN B&W SPARES PARTS CATALOGUE.pdf,103,index_page,medium,image heuristic fallback,index_page,0.58,"Pos. <br> 1 <br> 2 <br> 3 <br> 5 <br> 7 <br> 8 <br> 10 <br> 11 <br> 12 <br> 13 <br> 14 <br> 15 <br> 17 <br> 19 <br> 20 <br> 23 <br> 25 <br> 26 <br> 29 <br> 31 <br> 32 <br> 35 <br> 37 <br> D36 5624 <br> Benennung <br> Désignation <br> Hebel <br> Levier <br> Sechskantschraube <br> Boulon àsix pans <br> Sechskantmutter <br> Ecrou à six pans <br> Verbindungsstange, komplett mit Pos. <br> 505, 506, 511,518, 519 <br> Hebel <br> 505, 506, 511, 518, 519 <br> Levier <br> Spannstift <br> Paßschraube <br> "
test6_man_bw_spares_catalogue,Test/Test 6/Extracted pages from MAN B&W SPARES PARTS CATALOGUE.pdf,104,index_page,medium,image heuristic fallback,index_page,0.58,POs <br> 38 <br> 4 <br> 42 <br> 43 <br> 44 <br> 45 <br> 46 <br> 47 <br> 50 <br> 51 <br> 54 <br> 55 <br> 56 <br> 60 <br> 61 <br> 62 <br> 65 <br> 66 <br> 67 <br> 68 <br> 70 <br> 71 <br> 72 <br> 505 <br> 506 <br> 511 <br> 518 <br> Benennung <br> Désignation <br> Schmiernippel <br> Graisseur <br> Welle <br> Arbre <br> Welle für 6 Zyl.-Motor <br> Arbre pour moteur à 6cylindres <br> Welle für 7 Zyl.-Motor <br> Arbre pour moteurà 7cylindres <br> Welle für 8 Zyl.-Motor <br> Arbre pour moteur à 8 cylindr
test6_man_bw_spares_catalogue,Test/Test 6/Extracted pages from MAN B&W SPARES PARTS CATALOGUE.pdf,105,index_page,medium,image heuristic fallback,index_page,0.58,Pos <br> 519 <br> 603 <br> 604 <br> 605 <br> 606 <br> 607 <br> 608 <br> 609 <br> 610 <br> 611 <br> 612 <br> 613 <br> D36 5624 <br> Benennung <br> Désignation <br> Regelhebel <br> Sechskantmutter zu Pos. 518 <br> Ecrou à six pans pour rep. 518 <br> Verbindungslasche <br> Couvre-joint <br> Levier de réglage <br> Zugfeder <br> Spannhülse <br> Ressort de traction <br> Douille de serrage <br> Kegelstift <br> Klemmstück <br> Goupille conique <br> REGELGESTANGE FÜR EINSPRITZPUMPEN <br> GOVERNOR LINKAGE
test6_man_bw_spares_catalogue,Test/Test 6/Extracted pages from MAN B&W SPARES PARTS CATALOGUE.pdf,106,index_page,medium,image heuristic fallback,index_page,0.58,"3W <br> C 23 -26 41 17 <br> AN <br> 55, 56 <br> 29-32 <br> D36 5624 <br> REGELGESTNGE FOR EINSPRITZPUMPEN <br> GOVERNOR LINKAGE FOR INJECTION PUMS <br> TIMONERIE DE REGULATIONDE POMPES <br> D'INJECTION <br> VARILLAJE DE REGULACION DE BOMBAS DE <br> INYECCION <br> 203.11/3 <br> 42-45 <br> 54 <br> 35-38 <br> ,X"" <br> 10 8 <br> C <br> -D 50 <br> G- H <br> L- M <br> 3.88 <br> „R"" 17, 19 <br> NT <br> 60 <br> A <br> - B <br> 604 <br> 32. <br> 610- 61o <br> B1120200-1749 <br> 62 20 61 <br> L 445 <br> 6"
test6_man_bw_spares_catalogue,Test/Test 6/Extracted pages from MAN B&W SPARES PARTS CATALOGUE.pdf,107,index_page,medium,image heuristic fallback,index_page,0.58,"MAN <br> Pos. <br> 11,85 <br> 10 <br> 12 <br> 13 <br> 14 <br> 15 <br> 16 <br> 17 <br> 18 <br> 20 <br> 2 <br> 22 <br> A <br> Benennung <br> Dsignation <br> Haltekörper <br> Porte-tuyère <br> Düsenspannmutter <br> Kraftstoff-Einspritzventil, komplett <br> Soupape <br> aiguille de combustible, compl. <br> Haltekörper, komplett mit Pos. <br> 3-16, 19 + 22 <br> Porte-tuyère, compl. avec rep. <br> 3-16, 19 + 22 <br> Federteller <br> Plaque de ressort <br> Ecrou de serrage d'injecteur <br> Druckfeder <"
test6_man_bw_spares_catalogue,Test/Test 6/Extracted pages from MAN B&W SPARES PARTS CATALOGUE.pdf,108,drawing_only,medium,image heuristic fallback,drawing_only,0.56,"S8L1 <br> MA-N <br> D36 5626 <br> 17 <br> 13 <br> 18 <br> 16 <br> 10 <br> 19 <br> 22 <br> 221.05/2 <br> KRAFTSTOFf-EINSPRIT ZVENTIL <br> FUEL INJECTOR <br> SO UPAPE A AIGUILLES DE COMBUSTIBLE <br> VALVULA DE AGUJA DE COMBUSTIBLE <br> 20 <br> 21 <br> 15 <br> 14 <br> 12 <br> -3, L <br> 11 <br> A <br> 40/45 <br> B11.22100-0745 <br> 221.05 <br> 2 <br> "
test6_man_bw_spares_catalogue,Test/Test 6/Extracted pages from MAN B&W SPARES PARTS CATALOGUE.pdf,109,index_page,medium,image heuristic fallback,index_page,0.58,"MAN <br> Pos <br> 10 <br> £8 LL <br> 20 <br> 27 <br> 22 <br> 23 <br> Benennung <br> Dsignation <br> Krnmer <br> Coude <br> Spannschelle <br> Bande de serrage <br> Verschlußschraube <br> Bouchon fileté <br> Anschluêstutzen fur 6-0 Zyl. -Nbtor, <br> Abgesturbolader auf Kupplungsseite <br> Tubulure de ionction, pour noteur <br> à6- cilindres, turboconpresseur <br> 1'extremité notrice <br> Dichtung <br> Joint <br> Runddichtring <br> Joint torique <br> LADEL UF TKRÜMER ZUM ZYLINDERKOPF <br> |CHARGING"
test6_man_bw_spares_catalogue,Test/Test 6/Extracted pages from MAN B&W SPARES PARTS CATALOGUE.pdf,110,spare_parts_table,low,image heuristic fallback,spare_parts_table,0.48,1.83 <br> M•AN <br> = D36 5624 <br> 20 <br> 10 <br> 21 20 <br> 15 23 <br> LADEL UFTKRÜMMER ZUM ZYLINDERKOPF <br> CHARGING AIR BEND TO CYLINDER HEAD <br> COUDE D'AIR DE SURALIMEN TATION A CULASSE <br> CODO DE TUBO DEL AIRE DE SOBREAL IMENTATION A <br> CULATA <br> 280.02/2 <br> L 40/45 <br> B11.28000-0431 <br> 280.02 <br> 2 <br> 
test6_man_bw_spares_catalogue,Test/Test 6/Extracted pages from MAN B&W SPARES PARTS CATALOGUE.pdf,111,index_page,medium,image heuristic fallback,index_page,0.58,Pos <br> 31 <br> 32 <br> 33 <br> 34 <br> 35 <br> 28 <br> 36 <br> 20 <br> 38 <br> 11 <br> 22 <br> 42 <br> 51 <br> 99 <br> 100 <br> 106 <br> 19 <br> 50 <br> 52 <br> 74 <br> 95 <br> 62 <br> 84 <br> 3 <br> 1 <br> 6 <br> D36 5624 <br> Benennung <br> Désignation <br> Verschlußdeckel mit Pos. 3 <br> Section de conduite <br> Couvercle de fermeture avec rep. 3 <br> Stiftschraube <br> Goujon <br> Leitungsstück <br> Leitungsstück <br> Section de conduite <br> Dehnungsstck <br> Pièce de dilatation <br> Dich
test6_man_bw_spares_catalogue,Test/Test 6/Extracted pages from MAN B&W SPARES PARTS CATALOGUE.pdf,112,spare_parts_table,low,image heuristic fallback,spare_parts_table,0.48,Pos <br> 107 <br> 112 <br> 116 <br> Benennung <br> Désignation <br> Verschraubung <br> Vissage <br> Verschraubung <br> Vissage <br> Dichtung <br> Joint <br> D36 5624/ 280.04/1 <br> Designation <br> Designación <br> Screw connection <br> Racor <br> Screw connection <br> Racor <br> Seal <br> Junta <br> Bestell-Nr. <br> Order No. <br> No commande No. pedido <br> 280.04.107 <br> 280.04.112 <br> 280.04. 116 <br> 
test6_man_bw_spares_catalogue,Test/Test 6/Extracted pages from MAN B&W SPARES PARTS CATALOGUE.pdf,113,drawing_material_list,medium,image heuristic fallback,drawing_material_list,0.56,"84 <br> D36 5624 <br> 116 <br> 99 <br> LUFT-UMBLASELEITUNG <br> AIR BYPASS PIPE <br> TUYAUTERIE DÈRIVATION D'AIR <br> TUBERIA DE DERIVACION DE AIRE <br> 116 107 100 62 <br> 106 <br> 280.04/2 <br> - <br> 11.89 <br> 31,50 <br> 1 <br> 32 <br> 38 <br> L 40/45 <br> C11.28000-0623 <br> -33,34 <br> -32 <br> 6 <br> -3,34 <br> 280.04 <br> 32 <br> -34,35 <br> 2 <br> -22 <br> -31,36 <br> 20 <br> 19 <br> -51,52 <br> 4,2 <br> 11 <br> -28 <br> "
test6_man_bw_spares_catalogue,Test/Test 6/Extracted pages from MAN B&W SPARES PARTS CATALOGUE.pdf,114,index_page,medium,image heuristic fallback,index_page,0.58,"Pos <br> 1 <br> A <br> 28 <br> 40 <br> 48 <br> 52 <br> 58 <br> 60 <br> 61 <br> 62 <br> 64 <br> 65 <br> 69 <br> 70 <br> 71 <br> 73 <br> 74 <br> 77 <br> 78 <br> 79 <br> 82 <br> 83 <br> 85 <br> 86 <br> D36 5624 <br> AN <br> Benennung <br> Désignation <br> tungsstück <br> e de conduite <br> Krümmer, Ausführung mit <br> Luftumblasung <br> Coude, version avec d'érivation <br> d'air <br> Krümmer, Ausführung ohne <br> Luftumblasung <br> Coude, version sans d'érivation <br> d'air <br> Tråger <br> Support"
test6_man_bw_spares_catalogue,Test/Test 6/Extracted pages from MAN B&W SPARES PARTS CATALOGUE.pdf,115,spare_parts_table,low,image heuristic fallback,spare_parts_table,0.48,Pos. <br> 88 <br> 89 <br> 90 <br> 92 <br> 94 <br> 97 <br> 99 <br> 104 <br> Benennung <br> Désignation <br> Schutzrohr <br> Tuyau protecteur <br> V-Profil-Spannschelle <br> Etrier de serrage <br> V-Profil-Spannschelle <br> Etrier de serrage <br> Kompensator <br> Compensateur <br> Dichtung <br> Joint <br> Bundschraube <br> Boulon à collet <br> Lasche <br> Couvre-joint <br> Krümmer <br> Coude <br> D36 5624/ 289. 15/1 <br> Designation <br> Designación <br> Protection pipe <br> Tubo de protección <br
test6_man_bw_spares_catalogue,Test/Test 6/Extracted pages from MAN B&W SPARES PARTS CATALOGUE.pdf,116,drawing_material_list,medium,image heuristic fallback,drawing_material_list,0.56,"A B <br> 60 <br> 61,62 85 <br> 85 <br> 28 <br> A <br> 86 61,62 <br> D36 5624 <br> 88 <br> 77 <br> 92 <br> 289.15/2 <br> CONDUITE <br> 78 <br> 89 <br> 79 <br> 9 <br> 97 <br> 64,65 61,62 <br> ABGASLEITUNG <br> EXHAUST PIPE <br> TUBERIA DE ESCAPF <br> 14 <br> 99 <br> 78 <br> 40 <br> 79 <br> 52 <br> 11.89 <br> 58 <br> 82 <br> Ausfuhrung ohne Luftumblasung <br> Design without air bypass <br> Version sans d'érivation <br> d'air <br> Ejecución sin derivación de aire <br> APPEMENT <br> .71 <br> 69 <br> "
test6_man_bw_spares_catalogue,Test/Test 6/Extracted pages from MAN B&W SPARES PARTS CATALOGUE.pdf,117,index_page,medium,image heuristic fallback,index_page,0.58,"M•AN <br> Pos <br> 2 <br> 5 <br> 6 <br> 13 <br> 21 <br> 2** <br> 42** <br> 90 <br> 97 <br> 100 <br> 104 <br> D36 6604 <br> Benenung <br> Désignation <br> Schmiertlpunpe, komplett <br> Pompe huile de graissage, compl. <br> Punpengeh Zuse <br> Boitier de pompe <br> Antriebsdeckel <br> Couvercle d'entreinement <br> Lager <br> Palier <br> Klpevertilattrope <br> Elénent de soupzpe è clapet <br> Druckbegrenzungsventil, komplett <br> nit Pos. 301-314 <br> Souppe de linitztion de pression, <br> compl. 2"
test6_man_bw_spares_catalogue,Test/Test 6/Extracted pages from MAN B&W SPARES PARTS CATALOGUE.pdf,118,index_page,medium,image heuristic fallback,index_page,0.58,Pos. <br> 108 <br> 110 <br> 301 <br> 302 <br> 303 <br> 304 <br> 305 <br> 306 <br> 307 <br> 308 <br> 309 <br> 311 <br> 312 <br> 313 <br> 314 <br> Benennung <br> Désignation <br> Kegelstift <br> Goupille conique <br> 0-Ring <br> Joint torique <br> Ventilgehäuse <br> Boitier de soupape <br> Ventilkolben <br> Piston de soupape <br> Federteller <br> Cuvette de ressort <br> Ventildeckel <br> Couvercle de soupape <br> Druckfeder <br> Ressort de pression <br> Ventilspindel <br> Tige de soupape <br> Sech
test6_man_bw_spares_catalogue,Test/Test 6/Extracted pages from MAN B&W SPARES PARTS CATALOGUE.pdf,119,index_page,medium,image heuristic fallback,index_page,0.58,"1,84 <br> MAN <br> 13,301 <br> M <br> 2 <br> 95 <br> 108 33 <br> 6 <br> clockwise rotating <br> girando a <br> la derecha <br> tournant <br> a droite <br> Rechtslauf <br> D36 6504 <br> 302 <br> 300.07/2 <br> -305 <br> 34 <br> 10 <br> SCHMTERUPUMPE <br> LUBE O1L ro nr coAISSAGt <br> PUPL A <br> BOMBA DE ACEITE DE ENGRASE <br> 5 <br> 307 <br> 308 <br> 306 <br> Linkslauf <br> 303 <br> counterclockwise rotating <br> girando a <br> la izquierda <br> tournant <br> a gauche <br> 11.000 03-3164/1 <br> 3"
test6_man_bw_spares_catalogue,Test/Test 6/Extracted pages from MAN B&W SPARES PARTS CATALOGUE.pdf,120,index_page,medium,image heuristic fallback,index_page,0.58,Pos. <br> 1 <br> 2 <br> 3 <br> 4 <br> 7 <br> 8 <br> 10 <br> 18 <br> 19 <br> 20 <br> 25 <br> 26 <br> 27 <br> 28 <br> 32 <br> 38 <br> AN <br> Benennung <br> Désignation <br> ÖLSCHMIERAPPARAT FÜR zYLINDERSCHMIERUNG <br> MIT ANBAUTEILEN <br> LUBRICATOR FOR CYLINDER LUBRICATION WITH <br> ATTACHMENTS <br> Olschmierapparat für 6 Zyl.-Motor <br> Lubrificateur pour moteur à 6 cylindres <br> Olschmierapparat für 7 Zyl.-Motor <br> Lubrificateur pour moteur à 7 cylindres <br> Olschmierapparat für 8 Zyl.-Mot
test6_man_bw_spares_catalogue,Test/Test 6/Extracted pages from MAN B&W SPARES PARTS CATALOGUE.pdf,121,drawing_material_list,medium,image heuristic fallback,drawing_material_list,0.56,D36 5624 <br> AM <br> |ÖLSCHMIERAPPARAT FÜR ZYLINDERSCHMIERUNG <br> MIT ANBAUTEILEN <br> LUBRICATOR FOR CYLINDER LUBRICATION WITH <br> ATTACHMENTS <br> LUBRIFICATEUR POUR GRAISSAGE CYLINDRES <br> |AVEC PIECES DE MONTAGE <br> LUBRICADOR PARA LA LUBRICADION DE LOS <br> CILINDROS CON PIEZAS DE MONTAJE <br> 1- 4 <br> 18 <br> 20 <br> 7-10 <br> 25-27 <br> 302.01/2 <br> 3.88 <br> 19 <br> 28 <br> L 40/45 <br> B11.30200-0448 <br> -32 <br> 38 <br> 302.01 <br> 2 <br> 
test6_man_bw_spares_catalogue,Test/Test 6/Extracted pages from MAN B&W SPARES PARTS CATALOGUE.pdf,122,repair_kit,medium,kit/accessory/equipment keyword,index_page,0.58,"3,88 <br> MAN <br> Pos <br> 3 <br> 5 <br> 12 <br> 13 <br> 14 <br> 15 <br> 16 <br> 17 <br> 19 <br> Benennung <br> Désignation <br> Ölschmierapparat für 6 Zyl.-Notor <br> Lubrificateur pour moteur à 6 cylindres <br> Ölschmierapparat für 7 Zyl.Motor <br> Lubrificateur pour moteur a7 cylindres <br> Ölschmierapparat fuür 8 Zyl.-otor <br> Lubrificateur pour moteur à 8 cylindres <br> 0lschmierapparat für 9 Zyl.-otor <br> Lubrificateur pour moteur à 9 cylindres <br> Glashalter und Rückschlagventil mit <"
test6_man_bw_spares_catalogue,Test/Test 6/Extracted pages from MAN B&W SPARES PARTS CATALOGUE.pdf,123,drawing_material_list,medium,image heuristic fallback,drawing_material_list,0.56,"MAN <br> B&W <br> D36 6620 <br> 1,3,5,7 <br> ÖL SCHMIERAPPARAT FÜR ZYLINDERSCHMERUNG <br> LUBRICATOR FOR CYLINDER LUBRICATION <br> LUBRIFICATEUR POUR GRAISSAGE CYLINDRES <br> LUBRICADOR PARA LA LUBRICACION DE LOS CILINDROS <br> 15 <br> 302.02/2 <br> 40/45, 40/54 <br> 52/55 B, 58/64 <br> D11.30200-0435 <br> B11,30205-0140 <br> 14 <br> 7 <br> 302.02 <br> 2 <br> "
test6_man_bw_spares_catalogue,Test/Test 6/Extracted pages from MAN B&W SPARES PARTS CATALOGUE.pdf,124,index_page,medium,image heuristic fallback,index_page,0.58,M•AN <br> Pos. <br> 10 <br> 7.86 <br> 11 <br> 13 <br> 16 <br> Benennung <br> Désignation <br> ehäuse <br> Boftier <br> Ventilkl appe <br> Clapet óe soupape <br> 01dunsts ammelrohr <br> Dichtung <br> Joint <br> Conduite collectrice de vapeur d'huile <br> Verschluß Schraube <br> Bouchon fileté <br> Dichtring <br> Anneau-joint <br> Gerade Verschraubung <br> Raccord droit <br> Di chtring <br> Anne au-joint <br> Sechskantmutter <br> Ecrou a six pans <br> D36 5626 <br> KURBE LRAUME NT LUFTUNG <br> CRA
test6_man_bw_spares_catalogue,Test/Test 6/Extracted pages from MAN B&W SPARES PARTS CATALOGUE.pdf,125,drawing_only,medium,image heuristic fallback,drawing_only,0.56,"93*2 <br> MAN <br> D36 5626 <br> 13,14 <br> 10,11 <br> 311.03/2 <br> KURBELRAUMENT LÜF TUNG <br> CRANKCASE VENTING <br> VENTILAT ION DU CARTER D'ATTE LAGE MOBILE <br> VENTILACION DEL CARTER <br> A - B <br> C- D <br> B <br> 40/45 <br> Ci1.311 00-0335 <br> 3 <br> -16 <br> A <br> 2 <br> 311.03 <br> 2 <br> "
test6_man_bw_spares_catalogue,Test/Test 6/Extracted pages from MAN B&W SPARES PARTS CATALOGUE.pdf,126,index_page,medium,image heuristic fallback,index_page,0.58,MAN <br> Pos <br> BW <br> 3 <br> 35 <br> 39 <br> 40 <br> 41 <br> 45 <br> 47 <br> 48 <br> 49 <br> 50* <br> 51* <br> 55 <br> 56 <br> 58 <br> K <br> 64 <br> 65 <br> 67 <br> 68 <br> 69 <br> 70 <br> 71 <br> Benennung <br> Désignation <br> Goujon M8x16 <br> Ladeluftkühlergehuse <br> Boite de réfrigerant àair de <br> suralimentation <br> Hülse <br> Stiftschraube M8x16 <br> Douille <br> 72** <br> 74** <br> Sicherungsmutter <br> Ecrou de blocage <br> Sechskantschraube <br> LADELUFTKÜHLER MIT ANBAUTEILEN 
test6_man_bw_spares_catalogue,Test/Test 6/Extracted pages from MAN B&W SPARES PARTS CATALOGUE.pdf,127,index_page,medium,image heuristic fallback,index_page,0.58,POS. <br> 78 <br> 80 <br> 83 <br> 85 <br> 86 <br> 87 <br> 90 <br> 96 <br> 97 <br> 99 <br> Benennung <br> Désignation <br> Lufteintrittsgehäuse <br> Boitier d'air de suralimentation <br> Innendiffusor <br> Diffuseur intérieur <br> Sechskantschraube <br> Boulonàsixpans <br> Außendiffusor <br> Diffusseur exteríeur <br> Ring <br> Bague <br> Sechskantschraube <br> Boulonàsixpans <br> Leitungsstück <br> Section de conduite <br> Sechskantschraube <br> Boulonà six pans <br> Sechskantmutter <br> Ecrou à 
test6_man_bw_spares_catalogue,Test/Test 6/Extracted pages from MAN B&W SPARES PARTS CATALOGUE.pdf,128,index_page,medium,image heuristic fallback,index_page,0.58,"-D <br> MAN <br> BWN <br> E-F <br> D36 5624 <br> -83 <br> 39, 41 <br> E <br> LADELUFTKÜHLER MIT ANBAUTEILEN <br> CHARGING AIR COOLER WITH ATTACHMENTS <br> REFRIGERANT D'AIR DE SURALIMENTATION <br> AVEC PIECES DE MONTAGE <br> REFRIGERANDOR DEL AIRE DE SOBREALIMEN <br> TACION CON PIEZAS DE MONTAJE <br> 322.12/2 <br> \s0,51,72.2| <br> 2.88 <br> 70-7 <br> 39,40 <br> 5 <br> - <br> 87 <br> A <br> - B <br> L 40/45 <br> B11.32200-0685 <br> 90 <br> -7D <br> ..... <br> 322.12 <br> 2 <br> 55,56 <br> 35 <br"
test6_man_bw_spares_catalogue,Test/Test 6/Extracted pages from MAN B&W SPARES PARTS CATALOGUE.pdf,129,index_page,medium,image heuristic fallback,index_page,0.58,"L89 <br> M•AN <br> Pos. <br> . <br> K <br> L <br> 2 <br> 3 <br> 5 <br> 6 <br> 8 <br> 10 <br> 2 <br> M <br> 13 <br> 15 <br> P <br> 17 <br> 18 <br> 19 <br> 20 <br> 22 <br> 23 <br> 25 <br> Benennung <br> Désignation <br> D36 6603 <br> Frischwasserpumpe komplett <br> Pompe à eau douce, compl. <br> Welle <br> Arbre <br> Buchse <br> Douille <br> Linsenschraube <br> Vis àtète noye <br> Lager <br> Palier <br> Lagergehäuse <br> Boîtier de palier <br> Buchse <br> Douille <br> Lager <br> Palier <br> Wellen"
test6_man_bw_spares_catalogue,Test/Test 6/Extracted pages from MAN B&W SPARES PARTS CATALOGUE.pdf,130,drawing_only,medium,image heuristic fallback,drawing_only,0.56,"6.87 <br> MA*N <br> oD36 6603 <br> 20 <br> 25 <br> 24 <br> 21 22,23 24 <br> M <br> 7 <br> 350.05/2 <br> FRISCHNASSERPUMPE <br> FRESH WATER PUMP <br> POMPE A EAU DOUCE <br> BOMBA DE AGUA DULCE <br> 18,19 <br> 15 <br> 0 <br> 32/36 <br> 40/45 <br> Ci1,35001-0170 <br> 13 <br> 350.05 <br> 2 <br> N <br> 20 <br> "
test6_man_bw_spares_catalogue,Test/Test 6/Extracted pages from MAN B&W SPARES PARTS CATALOGUE.pdf,131,drawing_only,low,drawing keyword,index_page,0.58,"M•AN <br> Benennung <br> Désignation <br> Di chtring a xb - Nateri al <br> Joint a xb- mati ère <br> 0-Ring a xb- Material <br> 0-bague a xb- matière <br> Angaben bei Bestellung: Benennung nach ungebrauchter Dichtung, Materi al oder Medi um nach Tabelle. <br> Urder Specifications: Designation of new seal, materi al or medium in accordance with table. <br> Indications lors de la comnande: Dési gnation de joint neuf, mati åre ou fluide conformáment au tabl eau. <br> Indicaciones al enplazarse el p"
test6_man_bw_spares_catalogue,Test/Test 6/Extracted pages from MAN B&W SPARES PARTS CATALOGUE.pdf,132,drawing_only,low,drawing keyword,index_page,0.58,"Itö <br> DrAs <br> 2 (0,5) Schmieröl, Kraftstoff, <br> Schweröl <br> L'huile de graissage, com- <br> bustible, 1'huile lourde <br> 2 (0,6) Schveröl <br> Bene nnung <br> Einschraubverbindung <br> ND 40 metrisch Cl-d <br> ND 160 <br> Rohrverschraubung <br> CS-d <br> ND 40 metrisch El-d <br> ND 160 <br> ND 160 <br> Einschraubve rbindung <br> ND 40 metrisch HL-d <br> ND 160 <br> ES-d <br> -Rohrverschraubung <br> HS-d <br> ND 40 metrisch 0-d <br> 0S-d <br> I-Einschraubverbindung <br> ND 40 metrisch 0"
test6_man_bw_spares_catalogue,Test/Test 6/Extracted pages from MAN B&W SPARES PARTS CATALOGUE.pdf,133,drawing_only,low,drawing keyword,index_page,0.58,11.82 <br> MAN <br> Benennung <br> Lötkonus <br> -Verschraubung <br> ND 160 <br> ND 250 <br> L-Verschraubung <br> ND 160 <br> ND 250 <br> Winkelverschraubung <br> ND 40 <br> A <br> Lötlose Reduzierverschraubung <br> D36 5602 <br> ROHRLEITUNG ZUBEHÖR <br> PIPING ACCESS ORIES <br> ACCESSO IRES POUR LES CONDUITES <br> ACCESORIOS PARA LAS TUBERIAS <br> 430.01/2 <br> Designation <br> Désignation <br> Designación <br> Soldering cone <br> Cône à braser <br> Cono de soldar <br> J-screw connection <br> V
test6_man_bw_spares_catalogue,Test/Test 6/Extracted pages from MAN B&W SPARES PARTS CATALOGUE.pdf,134,repair_kit,medium,kit/accessory/equipment keyword,index_page,0.58,MAN <br> Pos. <br> 1 <br> 2 <br> 5 <br> 6 <br> 7 <br> 8 <br> 10 <br> 11 <br> 17 <br> 19 <br> 20 <br> 21 <br> 22 <br> 24 <br> 26 <br> 27 <br> 28 <br> 29 <br> 30 <br> 31 <br> 32 <br> 33 <br> 34 <br> Benennung <br> Dsignation <br> Oruckregelventil für Ni ppelanschl u8 <br> Soupape de réglage de pression du <br> raccord <br> Druckregel ventil für Flanschanschl u8 <br> Soupape de réglage de pression de bride <br> Druckreqel ventil für Flanschanschl uB <br> Soupape de réglage de pression de bride <br>
test6_man_bw_spares_catalogue,Test/Test 6/Extracted pages from MAN B&W SPARES PARTS CATALOGUE.pdf,135,index_page,medium,matrix/cross-reference keywords,index_page,0.58,Pos. <br> 35 <br> 36 <br> 37 <br> 38 <br> 3 <br> 42 <br> 43 <br> 45 <br> 56 <br> 46 <br> 47 <br> 48 <br> 50 <br> 55 <br> 57 <br> 52 <br> 53 <br> 54 <br> Benennung <br> Désignation <br> Soupape de dégagement d'air <br> Kugelhahn <br> Rückschlaqventil BD 40 <br> Soupape de retenue BD 40 <br> Rüchschlagventil ND 40 <br> Valvula de retención 8D 40 <br> Non-return valve ND 40 <br> Soupape de retenue ND 40 <br> Válvula de retención ND 40 <br> Rückschlagventil ND 40 <br> Non-return valve ND 40 <br> Sou
test6_man_bw_spares_catalogue,Test/Test 6/Extracted pages from MAN B&W SPARES PARTS CATALOGUE.pdf,136,index_page,medium,matrix/cross-reference keywords,drawing_material_list,0.56,"11.82 <br> MAN <br> D36 5602 <br> RI/2""-R|"" <br> RI/2"" <br> 4 <br> ROHRLEITUNGSZUBEHÖR <br> PIPING ACCESSORIES <br> ACCESSOIRES POUR LES CONDUITES <br> ACCESORIOS PARA LAS TUBERIAS <br> 430.01/4 <br> R3/8"" <br> RI/2"" <br> 60 <br> NW 35 <br> 7 <br> M.A.N, -DIESEL430.01 <br> R3/8""/R1/2"" <br> NW 50 <br> NW 65 <br> siehe Rückseite <br> p.t.0. <br> t.s.v.p, <br> sique al dorso <br> "
test6_man_bw_spares_catalogue,Test/Test 6/Extracted pages from MAN B&W SPARES PARTS CATALOGUE.pdf,137,spare_parts_table,low,image heuristic fallback,spare_parts_table,0.48,"D36 5602 /430.01/4 <br> 19 <br> M12x 1,5/1/4 <br> M20xl,5/R/2"" 10 <br> 21 <br> 11 <br> "
test6_man_bw_spares_catalogue,Test/Test 6/Extracted pages from MAN B&W SPARES PARTS CATALOGUE.pdf,138,repair_kit,medium,kit/accessory/equipment keyword,drawing_material_list,0.56,"11,82 <br> MAN <br> 38 <br> 39 <br> D36 5602 <br> 95 <br> o87 <br> 90 <br> 115 <br> 152 <br> O 132 <br> o95 <br> p87 <br> 90 <br> 22 <br> 27 <br> 40 <br> 40 <br> 41 <br> 42 <br> ROHRLEITUNG SZUBEHÖR <br> PIPING ACCESSORIES <br> ACCESSOIRES POUR LES CONDUITES <br> ACCESORIOS PARA LAS TUBERIAS <br> L <br> 60 <br> L50 <br> 40 <br> 430.01/5 <br> 26 <br> 30 <br> 31 <br> 35 <br> 36 <br> 37 <br> p178 <br> 28 <br> 32 <br> O178 <br> |M.A.N. -DIESEL 430.01 <br> 90 <br> 43 <br> 5 <br> 24 <br> 29 <br> 33 <b"
test6_man_bw_spares_catalogue,Test/Test 6/Extracted pages from MAN B&W SPARES PARTS CATALOGUE.pdf,139,drawing_only,medium,image heuristic fallback,drawing_only,0.56,48 <br> 44 <br> L6 <br> 50 <br> D36 5602/430.01/5 <br> 80 <br> n <br> 90 <br> M3Ux <br> 47 <br> 49 <br> 45 <br> 51 <br> D <br> X <br> 
test6_man_bw_spares_catalogue,Test/Test 6/Extracted pages from MAN B&W SPARES PARTS CATALOGUE.pdf,140,repair_kit,medium,kit/accessory/equipment keyword,spare_parts_table,0.48,"11.83 <br> MAN <br> D36 5602 <br> ROHRLEITUNG SZUBEHÖR <br> PIPING ACCESSORIES <br> ACCESSO IRES POUR LES CONSUITES <br> ACCESORIOS PARA LAS TUBERIAS <br> 430.01/6 <br> 52 <br> 53 <br> 55 <br> 56 <br> M. A,N,-DIESEL 430.01 <br> S4 <br> "
test6_man_bw_spares_catalogue,Test/Test 6/Extracted pages from MAN B&W SPARES PARTS CATALOGUE.pdf,141,index_page,medium,image heuristic fallback,index_page,0.58,11.82 <br> MAN <br> Pos <br> Benennung <br> Désignation <br> Ventilgeuse <br> ientildeckel <br> ouvercle de soupzpe <br> Ventilsoindel <br> Tice de souppe <br> Ventilmutter <br> Ecrou <br> Kalben <br> Piston <br> Hutrutter <br> Ecrou chapeu <br> Scheibe <br> Rondelle <br> Sicherungsring <br> Annezu de blocage <br> Gevindestift <br> Cheville filetée <br> Zylinderschraube <br> Vis tête cylindricue <br> Zylinderstift <br> Creville cilindricue <br> (-ing <br> Joint toricue <br> C-Ring <br> Joint tor
test6_man_bw_spares_catalogue,Test/Test 6/Extracted pages from MAN B&W SPARES PARTS CATALOGUE.pdf,142,index_page,medium,image heuristic fallback,index_page,0.58,Pos. <br> 1 <br> 7 <br> 9 <br> 10 <br> 14 <br> 18 <br> 19 <br> 20 <br> 21 <br> 27 <br> 28 <br> 30 <br> 31 <br> 34 <br> 35 <br> 38 <br> 43 <br> 44 <br> 45 <br> 48 <br> 49 <br> MAN <br> B <br> 50 <br> 51 <br> 54 <br> D36 5624 <br> Benennung <br> Désignaton <br> Verteilerrohr <br> Tuyau de distribution <br> Verbindungsstück <br> Pièce de raccord <br> Flammenbrecher <br> Pare-flamme <br> Spannstift <br> Cheville de serrage <br> Runddichtring <br> Joint torique <br> Verteilerrohr <br> Tuyau de distri
test6_man_bw_spares_catalogue,Test/Test 6/Extracted pages from MAN B&W SPARES PARTS CATALOGUE.pdf,143,spare_parts_table,low,image heuristic fallback,spare_parts_table,0.48,Pos. <br> 56 <br> 57 <br> 58 <br> Benennung <br> Désignation <br> Zylinderschraube <br> Vis àtête cylindrique <br> Sechskantschraube <br> Boulon à six pans <br> Zahnscheibe <br> Rondelle dentée <br> D36 5624/432.06/1 <br> Designation <br> Designación <br> Cheese head bolt <br> Tornillo cilíndrico <br> Hexagon bolt <br> Tornillo hexagonal <br> Toothed washer <br> Arandela dentada <br> Order NO. <br> No Commande NO peddo <br> BestellLNr. <br> 432.06.056 <br> 432.06.057 <br> 432.06.058 <br> 
test6_man_bw_spares_catalogue,Test/Test 6/Extracted pages from MAN B&W SPARES PARTS CATALOGUE.pdf,144,drawing_material_list,medium,image heuristic fallback,drawing_material_list,0.56,"D36 5624 <br> 432.06/2 <br> ANLASSLUFTLEITUNG <br> STARTING AIR PIPE <br> CONDUITE A AIR DE LANCEMENT <br> TUBERIA DEL AIRE DE ARRANQUE <br> 10.89 <br> 48 50,51 <br> 5051 54 56 <br> 14 <br> 18 3031 27,28 10 <br> 34,3 <br> 9 <br> L 40/45 <br> C11.43200-1961 <br> 38 <br> 432.06 <br> 19 <br> 2 <br> "
test6_man_bw_spares_catalogue,Test/Test 6/Extracted pages from MAN B&W SPARES PARTS CATALOGUE.pdf,145,index_page,medium,image heuristic fallback,index_page,0.58,"98* <br> MAN <br> Pos. <br> E <br> 10 <br> 12 <br> 15 <br> 17 <br> 18 <br> 20 <br> 23 <br> 24 <br> Benennung <br> Dsignation <br> 27 <br> Kraftstoff-Einspritzleitung, komplett <br> Conduite d'injection, compl. <br> Unmantelte Einspritzleitung <br> Conduite d'injection avec gainage <br> Mutter <br> Ecrou <br> Druckstück <br> Piece de pression <br> Sprengring <br> Circlip <br> Runddichtring <br> Joint-torique <br> flansch <br> Bride <br> Runddichtring <br> Joint-torique <br> Zwischenstück <br> Pic"
test6_man_bw_spares_catalogue,Test/Test 6/Extracted pages from MAN B&W SPARES PARTS CATALOGUE.pdf,146,drawing_only,medium,image heuristic fallback,drawing_only,0.56,9.86 <br> MAN <br> Ausführung <br> Design 2 <br> Version 2 <br> E <br> jecución 2 <br> Ausführung <br> Design 1 <br> Version 1 <br> E <br> jecucion 1 <br> JD36 5626 <br> 434.06/2 <br> A- B <br> KRAFTSIOFF-LINSPRITZLEITUNG <br> FUEL INJECIION PIPE <br> CONDUITLD INJECIION <br> TUBERIA DE INYECCION <br> 23 <br> 24 <br> 5 <br> 27 <br> 40/45 <br> B11.43400-1462 <br> E <br> Ag <br> 434.06 <br> 
test6_man_bw_spares_catalogue,Test/Test 6/Extracted pages from MAN B&W SPARES PARTS CATALOGUE.pdf,147,index_page,medium,image heuristic fallback,index_page,0.58,Pos. <br> 3 <br> A* <br> B** <br> C** <br> 6 <br> 1 <br> 9 <br> 11 <br> 12 <br> 18 <br> 14 <br> 16 <br> 15 <br> D36 5626 <br> Benennung <br> Désignation <br> Douille <br> Zylinder mit Pos.3 <br> Cylindre avec rep. 3 <br> Buchse <br> Kolben <br> Kolben mit Pos. C <br> Piston <br> Piston avec rep. C <br> Scheibe <br> Rondelle <br> Deckel <br> Couvercle <br> Anschlagbolzen <br> Tige de butée <br> Dichtung <br> Joint <br> PUFFENKOLBEN FÜR KRAFTSTOFFLEITUNG <br> BUFFER PISTON FOR FUEL PIPE <br> Druck
test6_man_bw_spares_catalogue,Test/Test 6/Extracted pages from MAN B&W SPARES PARTS CATALOGUE.pdf,148,drawing_material_list,medium,image heuristic fallback,drawing_material_list,0.56,"Ausführung A <br> Design A <br> Version A <br> Ejecución A <br> D36 5626 <br> A <br> 9 <br> 15 <br> 14 <br> PUFFENKOLBEN FÜR KRAFTSTOFFLEITUNG <br> BUFFER PISTON FOR FUEL PIPE <br> PISTON D'AMORTISSEUR POUR TUYAU A <br> COMBUSTIBLE <br> EMBOLO DE AMORTIGUADOR PARA TUBO DE <br> COMBUSTIBLE <br> 434.13/2 <br> 7.89 <br> 40/45 40/54 <br> 52/55 A + B, 58/64 <br> D11.43400-1716 <br> ** <br> C <br> 1 <br> 18 <br> 3 <br> Ausführung B <br> Design B <br> Version B <br> Ejecución B <br> 12 <br> 11 <br> 6 <"
test6_man_bw_spares_catalogue,Test/Test 6/Extracted pages from MAN B&W SPARES PARTS CATALOGUE.pdf,149,index_page,medium,image heuristic fallback,index_page,0.58,8°01 <br> MAN <br> Pos. <br> 20 <br> 22 <br> 27 <br> 25 <br> 26 <br> 27 <br> 28 <br> 30 <br> 32 <br> 33 <br> 36 <br> 37 <br> 75 <br> 76 <br> 7 <br> Benennung <br> Désignation <br> 8lindflansch <br> Fausse brice <br> 0ichtung <br> Joint <br> Sechskantschraube <br> Boulon à six pans <br> Sechskantmutter <br> Ecrou a six pans <br> Dichtung <br> Joint <br> Sechskantschraube <br> Boulon à six pans <br> Dichtring <br> Anneau-joint <br> Verschlußschraube <br> Bouchon fileté <br> Dichtring <br> Anneau-j
test6_man_bw_spares_catalogue,Test/Test 6/Extracted pages from MAN B&W SPARES PARTS CATALOGUE.pdf,150,spare_parts_table,low,image heuristic fallback,spare_parts_table,0.48,Pos. <br> 89 <br> 90 <br> g1 <br> 104 <br> 105 <br> 118 <br> 110 <br> 136 <br> 137 <br> 138 <br> 139 <br> Benennung <br> Désignation <br> Rohr <br> Tuyau <br> Verschraubung <br> Vissage <br> Winkelverschraubung <br> Vissage coude <br> Dichtung <br> Joint <br> Thermometer <br> Thermomètre <br> Dichtung <br> Joint <br> Kugelhahn <br> Robinet à bille <br> Di chtung <br> Joint <br> Rohrhalter <br> Support <br> Sechskantschraube <br> Boulon à six pans <br> Federring <br> Anneau-ressort <br> Dichtung 
test6_man_bw_spares_catalogue,Test/Test 6/Extracted pages from MAN B&W SPARES PARTS CATALOGUE.pdf,151,drawing_material_list,medium,image heuristic fallback,drawing_material_list,0.56,"10,84 <br> MAN <br> 86,91 <br> 30 <br> 31,32,33 <br> |D36 5624 <br> 36,37 <br> 137, 138 <br> 136 <br> 139 <br> „Y <br> 440.03/2 <br> SCHMIERLLEIT UNG <br> LUBRICATING 0IL PIPE <br> TUYAUTERIL A HUILE DE GRAISSAGE <br> TUBERIA DE ACEITE DE ENGRASE <br> 77 76 <br> „Z"" <br> 30 <br> 19,23,24 <br> 21, 22 <br> 20 <br> 118,119 <br> 25,26 <br> 27, 28 <br> „Z"" <br> 85,90,93 <br> -84,89 <br> B11.44000-2880 <br> 79 75 <br> „Y"" <br> L 40/45 <br> 440.03 <br> 2 <br> 104, 105 <br> "
test6_man_bw_spares_catalogue,Test/Test 6/Extracted pages from MAN B&W SPARES PARTS CATALOGUE.pdf,152,index_page,medium,image heuristic fallback,index_page,0.58,"88' <br> Pos. <br> 1? <br> 18 <br> 27 <br> 32 <br> 33 <br> 37 <br> 38 <br> 39 <br> 40 <br> 42 <br> 46 <br> 47 <br> 48 <br> 52 <br> 53 <br> 54 <br> 58 <br> MA•N <br> D36 5624 <br> Benennung <br> Désignation <br> Verteilerrohr mit Pos. 32+33 <br> für 6 Zyl.-Motor <br> Tuyau de distribution avec rep. 32+35 <br> pour moteur à 6 cylindres <br> Verteilerrohr mit Pos. 32+33 <br> for 7 Zyl.-Motor <br> Tuyau de distribution avec rep. 32+33 <br> pour moteur à 7 cylindres <br> Verteilerrohr mit Pos. 27, 32"
test6_man_bw_spares_catalogue,Test/Test 6/Extracted pages from MAN B&W SPARES PARTS CATALOGUE.pdf,153,index_page,medium,image heuristic fallback,index_page,0.58,Pos. <br> A <br> C <br> D <br> 65 <br> 72 <br> 79 <br> 81 <br> 2 <br> 94 <br> 95 <br> Benennung <br> Désignation <br> Verschraubung <br> Raccord <br> Verschraubung <br> Raccord <br> Überwurfmutter <br> Ecrou a chapeau <br> Lötkonus <br> Cône a braser <br> Rohr <br> uyau <br> Dichtung <br> Joint <br> Überwurfmutter <br> Ecrou à chapeau <br> Lö tkonus <br> Cône a braser <br> Einschraubstutzen <br> Tubulure filetée <br> Verschraubung <br> Raccord <br> Dichtung <br> Joint <br> Überwurfmutter <br> Ec
test6_man_bw_spares_catalogue,Test/Test 6/Extracted pages from MAN B&W SPARES PARTS CATALOGUE.pdf,154,drawing_material_list,medium,image heuristic fallback,drawing_material_list,0.56,"7.85 <br> MAN <br> A,72 C,D <br> A,72 C,D <br> |D36 5624 <br> 65 <br> -58 <br> 440.06/2 <br> KIPPHE BELLAGERSCHMIERUNG <br> ROCKER ARM LUBRICATION <br> GRAISSAGE DU CULBUTEUR <br> ENGRASE DEL BALANCIN <br> B11,44000-3010 <br> 38,40 52-54 <br> 38,40 46-4,8 <br> 46-18 <br> 39,40 <br> L 40/45 <br> 46-48 <br> |440.06 <br> 2 <br> 17,18 27 <br> Siehe RUckseite - PTO <br> t.s.v.p. sique al dorso <br> "
test6_man_bw_spares_catalogue,Test/Test 6/Extracted pages from MAN B&W SPARES PARTS CATALOGUE.pdf,155,drawing_only,medium,image heuristic fallback,drawing_only,0.56,"C,D <br> |D36 5624 /440.06/2 <br> C,D B, 72 <br> A,72 <br> 65. <br> -C,D <br> 42 <br> 38 <br> 91-95 <br> 80 <br> 81 <br> 47, 48 <br> 39 60 47,48 46 <br> 77,78 37, 40 53,54 52 53,5 4 40 <br> "
test6_man_bw_spares_catalogue,Test/Test 6/Extracted pages from MAN B&W SPARES PARTS CATALOGUE.pdf,156,index_page,medium,image heuristic fallback,index_page,0.58,MA•N <br> Pos. <br> 1 <br> 12 <br> 13 <br> 14 <br> 16 <br> 18 <br> 22 <br> 23 <br> 2 <br> 25 <br> 28 <br> 29 <br> 31 <br> 32 <br> Benennung <br> Dsignation <br> Zulaufleitung <br> Conduite d'arrivee <br> Dichtung <br> Joint <br> Dichtung <br> Joint <br> Rückschlagventil <br> Soupape de retenue <br> Dichtung <br> Joint <br> Zwischenstück <br> Pièce intermediaire <br> Dchtung <br> Joint <br> Sechskantschraube <br> Boulon à six pans <br> Federring <br> Anneau-ressort <br> Flansch <br> Bride <br> Se
test6_man_bw_spares_catalogue,Test/Test 6/Extracted pages from MAN B&W SPARES PARTS CATALOGUE.pdf,157,drawing_only,medium,image heuristic fallback,drawing_only,0.56,"11.83 <br> MAN <br> JD36 5624 <br> 32 <br> oloSoS2 <br> KÜHLWASSERZULAUFLEITUNG <br> COOLING WATER SUPPLY PIPE <br> TUYAUTERIE D'ARRIVEE A EAU REFROIDISSEMENT <br> TUBERIA DE ADMISIOW DEL AGUA DE REFRIGERACION <br> 447.05/2 <br> 15 <br> 24,25 <br> -22, 16 <br> 3 <br> 28,29 <br> |4 <br> 18,19 <br> L 40/45 <br> -22,16 <br> 447.05 <br> Cil.44700-3066 2 <br> "
test6_man_bw_spares_catalogue,Test/Test 6/Extracted pages from MAN B&W SPARES PARTS CATALOGUE.pdf,158,index_page,medium,image heuristic fallback,index_page,0.58,MAN <br> Pos. <br> 16 <br> 17 <br> 18 <br> 20 <br> 21 <br> 22 <br> 23 <br> 28 <br> 38 <br> 42 <br> 45 <br> 51 <br> 52 <br> 52 <br> 54 <br> 55 <br> Benennung <br> Dsignation <br> Flansch <br> Bride <br> Dichtung <br> Joint <br> Verschlußsch raube <br> Bouchcn fileté <br> Kugelhahn <br> Robinet à bille <br> Schneidring <br> Anneau-joint <br> Überwurfmutter <br> Ecrou à chapeau <br> Dichtung <br> Joint <br> Sechskantschraube <br> Boulon à six pans <br> Sechskantmutter <br> Ecrou à six pans <br> Abl
test6_man_bw_spares_catalogue,Test/Test 6/Extracted pages from MAN B&W SPARES PARTS CATALOGUE.pdf,159,index_page,medium,image heuristic fallback,index_page,0.58,"85 <br> MA•N <br> 22 <br> 23 <br> 9 <br> 21 <br> 18 <br> 19 <br> 20 <br> 41 <br> D36 5624 <br> 42 28 <br> 16,17 <br> KÜHL NASSERABLAUFLEITUNG <br> COQLING WATER DISCHARGE PIPE <br> CONDUITE DE DECHARGE A EAU DE REFROIDISSEMENT <br> TURERIA DE SALIDA DE AGUA DE REFRIGERACION <br> A - B <br> 447.06/2 <br> A <br> 16, 17 <br> 18, 19,20 <br> 21 <br> L 40/45 <br> B11,44700-3106 <br> JB1L,44700-3111 <br> Ausführung für Turbol ader auf <br> Kupplungsçegenseite <br> Design for turbocharger on <br> engine"
test6_man_bw_spares_catalogue,Test/Test 6/Extracted pages from MAN B&W SPARES PARTS CATALOGUE.pdf,160,spare_parts_table,medium,spare/list keyword,spare_parts_table,0.48,ERSATZTEILLISTE FÜR <br> ABGASTURBOLADER <br> SPARE PARTS LIST FOR EXHAUST <br> TURBOCHARGER <br> LISTE DE PIECES DE RECHANGE <br> POUR TURBO-COMPRESSEUR <br> A GAZ D'ECHAPPEMENT <br> LISTA DE REPUESTOS PARA <br> TURBOSOBREALIMENTADOR <br> A GAS DE ESCAPE <br> 
test6_man_bw_spares_catalogue,Test/Test 6/Extracted pages from MAN B&W SPARES PARTS CATALOGUE.pdf,161,spare_parts_table,medium,spare/list keyword,spare_parts_table,0.48,3.82 <br> MAN <br> D36 5638-3 <br> 500.01/ <br> olo5oS3. <br> ABGASTURBOLADER <br> EXHAUST TURBOCHARGER <br> TURBO-COMPRESSEUR <br> TURBOSOBREALIMENTADOR <br> ERSATZTEILLISTE <br> für <br> ABGASTURBOLADER <br> SPARE PARTS LIST <br> for <br> EXHAUST TURBOCHARG ER <br> LISTE DE PIECES DE RECHANGE <br> pour <br> TURBO-COMPRESSEUR <br> LISTA DE REPUESTOS <br> para <br> TURBOSOBREALIMENTADOR <br> NA 34 <br> |500.01| <br> 
test6_man_bw_spares_catalogue,Test/Test 6/Extracted pages from MAN B&W SPARES PARTS CATALOGUE.pdf,162,index_page,medium,image heuristic fallback,index_page,0.58,"MAN <br> B&W <br> Erstatzteilbestellung <br> 1. Anschrift <br> Für die Bestellungvon Ersatzteilen ist das Verzeichnis der Einzelteile mit den dazugehörenden Bildern zu <br> verwenden. Die ersten 3 Stellen der Teilnummern bezeichnen die Baugruppe und die restlichen Zahlen <br> sind eine Zähinummer. Um Rückfragen und Unklarheiten zu vermeiden, sind bei Bestellungfolgende <br> Angaben erforderlich. <br> 2.Typ des Turboladers <br> (4. Typ des Motors) <br> 3.Werk-Nr. des Turboladers <br> (5. Werk-Nr."
test6_man_bw_spares_catalogue,Test/Test 6/Extracted pages from MAN B&W SPARES PARTS CATALOGUE.pdf,163,index_page,medium,image heuristic fallback,index_page,0.58,"Comm ande de pièces de rechange <br> rour la commande de pièces de rechange. ilconvient d'utiliser la liste des pièces constitutives avec Tes <br> gures Correspondantes. Les 3 premiers chiffres de numéros de pièces désignent le sous-groupe, tandis que <br> les autres chiffres constituent un numéro compteur. <br> mo eviter des demandes de renseignements et des imorécisions, il s'impose de donner lesrenseigne <br> ments suivants lors d'une commande: <br> 1. Adresse <br> 2. Type du turbocompresseur"
test6_man_bw_spares_catalogue,Test/Test 6/Extracted pages from MAN B&W SPARES PARTS CATALOGUE.pdf,164,index_page,medium,image heuristic fallback,index_page,0.58,"28'€ <br> MA•N <br> Gruppe <br> Group <br> 500 <br> 501 <br> 506 <br> 509 <br> 513 <br> 517 <br> 518 <br> 520 <br> 542 <br> 544 <br> 545 <br> 546 <br> 557 <br> 562 <br> 579 <br> 580 <br> 593 <br> Groupes <br> Grupos <br> 500 <br> 501 <br> 506 <br> 509 <br> 513 <br> 517 <br> 518 <br> 520 <br> 542 <br> 544 <br> 545 <br> 546 <br> 557 <br> 562 <br> 579 <br> 580 <br> 593 <br> Abgasturbolader, komplett <br> Turbinen-Zuströmgehäuse <br> Turbinen-Abströmgehäuse <br> Diffusor <br> Benennun g <br> Turbine"
test6_man_bw_spares_catalogue,Test/Test 6/Extracted pages from MAN B&W SPARES PARTS CATALOGUE.pdf,165,drawing_only,low,drawing keyword,drawing_material_list,0.56,3.82 <br> MAN <br> D36 5633 <br> 542 <br> 500.01/4 <br> BA UGRUPPENÜBERSICHT <br> LIST OF ASSEMBLIES <br> APERÇU DES SOUS-ENS EMBLES <br> LISTA DE TODOS LOS GRUPOS <br> Bild 1 - figure 1 - Figure 1 - Figura 1 <br> 0 <br> NA 34 <br> L15 083 <br> 500.01 <br> tra <br> 
test6_man_bw_spares_catalogue,Test/Test 6/Extracted pages from MAN B&W SPARES PARTS CATALOGUE.pdf,166,spare_parts_table,medium,spare/list keyword,index_page,0.58,"9.87 <br> M•AN <br> Bestell-Nr. <br> Order No. <br> No. commande <br> No pedido <br> 500.000 <br> 501.000 <br> 501.001 <br> 501.023 <br> 501.024 <br> 501.039 <br> 501.045 <br> 501.143 <br> 506.000 <br> 506.001 <br> 506.027 <br> 506.039 <br> 506.040 <br> 506.056 <br> 506.061 <br> 506.066 <br> 506.068 <br> 506.070 <br> 506.071 <br> 506.076 <br> 506.077 <br> D36 5638 <br> Benennung <br> Designación <br> Abgasturbola der, komplett <br> Bi1d <br> Turbo-comp resseur, compl. <br> Figure 1 <br> Turbinen"
test6_man_bw_spares_catalogue,Test/Test 6/Extracted pages from MAN B&W SPARES PARTS CATALOGUE.pdf,167,drawing_only,low,drawing keyword,index_page,0.58,BestellAr. <br> Order No. <br> No. commande <br> No pedido <br> 506.099 <br> 506.102 <br> 506.104 <br> 506.105 <br> 506.106 <br> 506.107 <br> 506.108 <br> 506.136 <br> 506.190 <br> 506.195 <br> 506.211 <br> 509.000 <br> 509.001 <br> 509.013 <br> 509.015 <br> 513.000 <br> 513.001 <br> 513.010 <br> 513.011 <br> 513.012 <br> 513.014 <br> 513.022 <br> 513.024 <br> 513.508 <br> Benennung <br> Designacion <br> Stiftschraube <br> Goujon <br> Sechskantschraube <br> Vis hexagonale <br> Sechskantmutter <b
test6_man_bw_spares_catalogue,Test/Test 6/Extracted pages from MAN B&W SPARES PARTS CATALOGUE.pdf,168,index_page,medium,image heuristic fallback,index_page,0.58,M•A•N <br> Sestellr <br> S1?.00S <br> S17.011 <br> S1?.013 <br> S1°.014 <br> S17.018 <br> S1.016 <br> 517.017 <br> S17.018 <br> S17.019 <br> 517.022 <br> S17.023 <br> St7.024 <br> 517.025 <br> 517.026 <br> 517.027 <br> S17.028 <br> 517.033 <br> 517.034 <br> 517.056 <br> D36 5638 <br> DesignaciOn <br> kapergahžese <br> ofte neliers <br> Lagergehse <br> 8ofte paliers <br> Lotlose oheversenraubun <br> acoore filete sans sovre <br> Diontrina <br> Annea joint <br> lansch ait Rohr <br> Sride avec le t
test6_man_bw_spares_catalogue,Test/Test 6/Extracted pages from MAN B&W SPARES PARTS CATALOGUE.pdf,169,index_page,medium,image heuristic fallback,index_page,0.58,Bestell-Nr. <br> Order No. <br> No. comtande <br> No pedido <br> 517.038 <br> 517.039 <br> 517.040 <br> 517.047 <br> 517.042 <br> 517.043 <br> 517.044 <br> 517.045 <br> 517.046 <br> 517.047 <br> 517.048 <br> 517.049 <br> 517.050 <br> 517.051 <br> 517.052 <br> 517.055 <br> 517.060 <br> 517.061 <br> 517.062 <br> 517.063 <br> 517.064 <br> 517.065 <br> 517.066 <br> 517.067 <br> 517.068 <br> 517.069 <br> 517.070 <br> 517.075 <br> 517.080 <br> Benennung <br> Designacion <br> 8lindflansch <br> fausse b
test6_man_bw_spares_catalogue,Test/Test 6/Extracted pages from MAN B&W SPARES PARTS CATALOGUE.pdf,170,spare_parts_table,medium,spare/list keyword,index_page,0.58,"Bo <br> neet <br> tu <br> Smala <br> MAN <br> Bestell-Nr. <br> Order No. <br> No. commande <br> No pedido <br> 9.87 <br> 517.084 <br> 517.085 <br> 517.086 <br> 517.087 <br> 517.088 <br> 517.089 <br> 517.092 <br> 517.093 <br> 517.094 <br> 517.097 <br> 517.343 <br> 517.635 <br> 517.636 <br> 518.000 <br> 518.001 <br> 518.022 <br> 518.026 <br> 518.027 <br> 520.000 <br> 520.001 <br> D36 5638 <br> Benennung <br> Designación <br> compresseur <br> Senkschraube <br> Vis à tte noyée <br> AbschluBdeckel, v"
test6_man_bw_spares_catalogue,Test/Test 6/Extracted pages from MAN B&W SPARES PARTS CATALOGUE.pdf,171,drawing_only,low,drawing keyword,index_page,0.58,Bestell-r. <br> Order No. <br> No. commande <br> No pedido <br> 520.018 <br> 520.021 <br> 520.028 <br> 520.035 <br> 520.038 <br> 520.044 <br> 520.056 <br> 520.061 <br> 500.067 <br> 520.126 <br> 542.000 <br> 542.001 <br> 544.000 <br> 544.001 <br> 544.017 <br> 544.018 <br> 544.019 <br> 544.020 <br> 544.021 <br> 544.057 <br> 544.061 <br> 544.096 <br> Benennung <br> Designacion <br> Labyrinthring <br> Baque laby rinthe <br> Ringmutter <br> Ecrou à bague <br> Laufring <br> Bague à billes <br> Spurrin
test6_man_bw_spares_catalogue,Test/Test 6/Extracted pages from MAN B&W SPARES PARTS CATALOGUE.pdf,172,spare_parts_table,medium,spare/list keyword,index_page,0.58,78€ <br> MAN <br> Bestell-Nr. <br> Order No. <br> No. commande <br> No pedido <br> 544.097 <br> 544.185 <br> S44190 <br> 544.214 <br> 545.000 <br> 545.001 <br> 545.021 <br> 545.022 <br> 545.025 <br> 545.026 <br> 545.031 <br> 545.041 <br> 545.047 <br> 545.091 <br> 545.095 <br> 545.096 <br> 545.000 <br> 545.401 <br> 545.423 <br> 545.424 <br> 545.425 <br> 545.426 <br> 545.427 <br> D36 5638 <br> Benennung <br> Designación <br> Sechskantmutter <br> Ecrou hexagonal <br> Deckel <br> Couvercle <br> Sech
test6_man_bw_spares_catalogue,Test/Test 6/Extracted pages from MAN B&W SPARES PARTS CATALOGUE.pdf,173,drawing_only,low,drawing keyword,index_page,0.58,Bestell-Nr. <br> Order No. <br> No. comnande <br> No pecido <br> s45.428 <br> S46.000 <br> S46.001 <br> 546.023 <br> 546.024 <br> 546.025 <br> Sh6.026 <br> S46.045 <br> S46.046 <br> Sh6.049 <br> 546.050 <br> S46.051 <br> st6.052 <br> 546.055 <br> 546.058 <br> S46.060 <br> 5h6.073 <br> 546.074 <br> 546.083 <br> 546.084 <br> 546.085 <br> 546.086 <br> 546.087 <br> 546.089 <br> 546.090 <br> 546.091 <br> 546.093 <br> 546.097 <br> Benennung <br> Designacion <br> Sicherungsblech <br> Tôle d'arrêt <br> 
test6_man_bw_spares_catalogue,Test/Test 6/Extracted pages from MAN B&W SPARES PARTS CATALOGUE.pdf,174,spare_parts_table,medium,spare/list keyword,index_page,0.58,3.82 <br> M•AN <br> Sestell-Ar. <br> Order No. <br> No. commandeDesi gnación <br> Ro pedido <br> 546.098 <br> 546.100 <br> S46.103 <br> 5h6.106 <br> 546.108 <br> 546.109 <br> 546.300 <br> 546.301 <br> 546.302 <br> 546.305 <br> 546.305 <br> SH6.306 <br> 546.308 <br> 546.310 <br> Benennung <br> D36 5638 <br> Sechskantmutter <br> Ecrou hexagonal <br> Stiftschraube <br> Goujon <br> Sefestigungsschelle <br> Collier de fixation <br> Metallkl sber <br> Colle pour metaux <br> Ringschrube <br> Boulon à o
test6_man_bw_spares_catalogue,Test/Test 6/Extracted pages from MAN B&W SPARES PARTS CATALOGUE.pdf,175,drawing_only,low,drawing keyword,index_page,0.58,Bestell-Ar. <br> Order No. <br> No. commande <br> No pedido <br> 554.000 <br> 554.001 <br> 554.017 <br> 554.020 <br> S54.024 <br> S5.025 <br> S54.026 <br> 554.027 <br> 554.028 <br> 554.030 <br> 554.038 <br> 554.039 <br> 5540.040 <br> 54.041 <br> 554.043 <br> 554.047 <br> 54.052 <br> S54.054 <br> 554.055 <br> 554.056 <br> 554.057 <br> 554.060 <br> 554.061 <br> S54.062 <br> 554.063 <br> 554.064 <br> Benennung <br> Designacion <br> 554.065 <br> Ölbehälter (falls vorhanden) <br> Bild 13 <br> Ölbehäl
test6_man_bw_spares_catalogue,Test/Test 6/Extracted pages from MAN B&W SPARES PARTS CATALOGUE.pdf,176,spare_parts_table,medium,spare/list keyword,index_page,0.58,L8 <br> MAN <br> Bestell-Nr. <br> Order No. <br> No. commande <br> No pedido <br> 557.000 <br> 557.001 <br> 557.013 <br> 557.014 <br> 557.017 <br> 557.018 <br> 557.019 <br> 557.021 <br> 557.022 <br> 562.000 <br> 562.004 <br> 562.005 <br> 562.019 <br> 562.020 <br> 562.035 <br> 562.040 <br> 562.061 <br> 562.083 <br> 562.086 <br> 562.100 <br> D36 5638 <br> Benennung <br> Designación <br> Schauglas <br> Bild 10 <br> Verre de regard <br> figure 10 <br> Gehäuse <br> Boîtier <br> Dichtring <br> Anneau-
test6_man_bw_spares_catalogue,Test/Test 6/Extracted pages from MAN B&W SPARES PARTS CATALOGUE.pdf,177,drawing_only,low,drawing keyword,index_page,0.58,Bestell-NP <br> Order No. <br> No. commande <br> No pedido <br> 579.000 <br> 579.001 <br> 579.002 <br> 579.015 <br> 579.021 <br> 579.022 <br> 579.023 <br> 579.024 <br> 579.025 <br> 579.026 <br> 579.027 <br> 579.028 <br> 579.029 <br> 579.030 <br> 579.031 <br> 579.032 <br> 579.033 <br> 579.034 <br> 579.035 <br> 579.036 <br> 579.037 <br> 579.038 <br> 579.039 <br> 579.040 <br> Benennung <br> Designacion <br> Wascheinri chtung für Verdi chter <br> Bild 11 <br> Installation de lavage pour le <br> Como
test6_man_bw_spares_catalogue,Test/Test 6/Extracted pages from MAN B&W SPARES PARTS CATALOGUE.pdf,178,spare_parts_table,medium,spare/list keyword,index_page,0.58,9.87 <br> MA•N <br> Bestell-Nr. <br> Order No. <br> No. commande <br> No pedido <br> 580.000 <br> 580.001 <br> 580.045 <br> 580.050 <br> 593.000 <br> 593.001 <br> 593.002 <br> 593.003 <br> 593.004 <br> D36 5638 <br> Benennung <br> Designación <br> Entluftungsleitung <br> Bild 12 <br> Tuyau de ventilation <br> Fiqure 12 <br> Entluftungsleitung <br> Tuyau de ventilation <br> Sechskantschraube <br> Vis hexagonale <br> Di chtung <br> Joint <br> Gegenflansch und Di chtung <br> 8ild 3 und 8 <br> Contr
test6_man_bw_spares_catalogue,Test/Test 6/Extracted pages from MAN B&W SPARES PARTS CATALOGUE.pdf,179,drawing_only,low,drawing keyword,drawing_material_list,0.56,3.82 <br> MA•N <br> D365638 <br> A-B <br> TURBINEN-Z USTRÜMGEHÄUSE <br> GAS-ADMISS ION CASING <br> 500.01/12 <br> CORPS D'ADMISSION DE TURBINE <br> CAJA DE AFLUENCIA DE LA TURBINA <br> Bild 2 - fiqure 2 - Figure 2 - Figura 2 <br> -501.039 <br> 501.001 <br> 501.045 <br> 501.143 <br> 501.023 <br> 50102% <br> 36 41745 <br> NA 34 <br> L 15080 <br> 500.01 <br> 12 <br> 
test6_man_bw_spares_catalogue,Test/Test 6/Extracted pages from MAN B&W SPARES PARTS CATALOGUE.pdf,180,drawing_only,low,drawing keyword,drawing_material_list,0.56,3.82 <br> MAN <br> |593.001 <br> Is93.002 <br> |506.039 <br> I506.040 <br> D36 5638 <br> -506.061 <br> 506.211 <br> 506.102 <br> 506.105 <br> |506.106 <br> (506 .076) | <br> (506.077} <br> (506. 190 ) <br> ( <br> S06.195) <br> 506.107 <br> 500.01/13 <br> TURBINEN-ABSTRÖMGEHÄUSE <br> GAS-OUTLET CASING <br> Bild 3 - figure 3 - Figure 3 - Figura 3 <br> -506.001 <br> CORPS D'ECHAPPEMENT DE TURBINE <br> CAJA DE EVACUACION DE LA T URBINA <br> |506.070 <br> Is06.071 <br> 506.099 <br> 506.104 <br> -506.
test6_man_bw_spares_catalogue,Test/Test 6/Extracted pages from MAN B&W SPARES PARTS CATALOGUE.pdf,181,drawing_only,low,drawing keyword,drawing_material_list,0.56,3.82 <br> MAN <br> D36 5638 <br> S13.014 <br> S13.011 <br> 513.012 <br> 513.508 <br> 501.143 <br> 501.045 <br> 501.039 <br> DIFFUSOR UND TURBINENLEITAPPARAT <br> DIFFUSOR AND TURBINE NOZZLE RING <br> DIF USEUR ET DISTRIBUTEUR DE TURBINE <br> DIFUSOR Y DISTRIBUIDOR DE GASES DE TURBINA <br> Bild 4 - figure 4 - Figure 4 - Figura 4 <br> 36 41736 <br> 500.01/14 <br> S17.001 <br> SO9.001 <br> 513.014 <br> -513.001 <br> 36 41737 <br> 506.001 <br> 509.015 <br> S09.013 <br> S13.014 <br> 513.010 <br> S13.
test6_man_bw_spares_catalogue,Test/Test 6/Extracted pages from MAN B&W SPARES PARTS CATALOGUE.pdf,182,drawing_only,low,drawing keyword,drawing_material_list,0.56,3.82 <br> MAN <br> C-M <br> 517.050 <br> 517.049 <br> S17.040 <br> S17.047 <br> 517.045 <br> 517.024 <br> 517.041 <br> D-M <br> 517.046 <br> S17.027 <br> D36 5638 <br> 517.018 <br> 517.046 <br> 517.040 <br> 517.039 <br> 517.013 <br> 517.018 <br> 517.063 <br> S17.019 <br> S17.039 <br> 517.019 <br> 517.042 <br> 517.343 <br> 517.063 <br> S17.043 <br> S17.042 <br> 517.343 <br> S17.060 <br> 517.001 <br> LAGERGEHÄUSE <br> 500. O1 /15 <br> BEARING CASING <br> Bild 5 - Figure 5 - Figure 5 - Figura 5 <br
test6_man_bw_spares_catalogue,Test/Test 6/Extracted pages from MAN B&W SPARES PARTS CATALOGUE.pdf,183,drawing_material_list,medium,image heuristic fallback,drawing_material_list,0.56,Si7.080 <br> 512084 <br> S1Z087 <br> 5i2088 <br> 5T7.093 <br> SiZ 635 <br> S1Z 636 <br> 517.080 <br> rS17.015 <br> S1Z014 <br> S17.094 <br> D36 5638/ 500.01/15 <br> S17.008 <br> S17.034 <br> S12069 <br> 517.023 <br> S12.040 <br> 517.051 <br> S17.052 <br> 517.019 <br> 517.025 <br> S17.028 <br> S17.022 <br> 51703g <br> EH <br> 506.099 <br> S06.104 <br> 517.022 <br> 512.039 <br> 517.036 <br> S17.034 <br> 517.028 <br> 517.025 <br> Anscht nchtng 7 <br> -517.039 <br> S17.022 <br> S17.038 <br> S17.026 
test6_man_bw_spares_catalogue,Test/Test 6/Extracted pages from MAN B&W SPARES PARTS CATALOGUE.pdf,184,drawing_material_list,medium,image heuristic fallback,drawing_material_list,0.56,"3.82 <br> MAN <br> D36 5638 <br> 8201 <br> 620,009 <br> S18022 <br> 518001 <br> TURDINENLÀU ER IND GEHÄUSEr USSE <br> IUROINE ROTOR AND CASING FELI <br> ROTOR DE TURBINE tl PIEDS DE CARTER <br> ROTOR DE LA TUROINA Y PAIAS DE LA CAJA <br> Bld 6 - fl qure 6 lqure 6 Flura 6 <br> 500.01/16 <br> -620.036 <br> -620,030 <br> 620.020 <br> 36 41738 <br> NA 34 <br> LT4965 <br> LIS094 <br> S18.027 <br> S18026 <br> 518001 <br> 500,01 <br> 16 <br> 520.001 <br> 420010 <br> 420.021 <br> "
test6_man_bw_spares_catalogue,Test/Test 6/Extracted pages from MAN B&W SPARES PARTS CATALOGUE.pdf,185,drawing_material_list,medium,image heuristic fallback,drawing_material_list,0.56,"3.82 <br> M•A•N <br> 544.097 <br> 544.190 <br> 544.19S <br> 544.214 <br> D36 5638 <br> B <br> A-A <br> 566.057 <br> -544.021 <br> Bild 7- Fiqure 7 - Fiqure 7 - fiqura 7 <br> CA6.061 <br> 36 41749 <br> KAMMERS CHALLDÄMPF ER <br> CHAMBER SILENCER <br> SILENCIEUSE-CHAMBRE <br> CAMARA SILENCIADOR <br> 500: 01/17 <br> -544.096 <br> -544,018 <br> 544.020 <br> -544.019 <br> -544.001 <br> -544.0T7 <br> 544.020 <br> NA 34 <br> L15 095 <br> B-B <br> 500.01 <br> 17 <br> "
test6_man_bw_spares_catalogue,Test/Test 6/Extracted pages from MAN B&W SPARES PARTS CATALOGUE.pdf,186,drawing_only,low,drawing keyword,spare_parts_table,0.48,"3.82 <br> MAN <br> D36 5638 <br> ANSA UGGEHÄ USE UND ANSA UGROHR <br> AIR-INTAKE CASING AND AIR-INTAKE PIPE <br> CORPS DASPIRATION ET TUYAU D'ASPIRATION <br> CA JA DE ASPIRACION Y TUBO DE ASPIRACION <br> Bild 8 - figure 8- Fiqure 8- Fiqura 8 <br> 500.01/18 <br> 593.003 <br> 545095 <br> SE5091 <br> S45 00Y <br> 545047 <br> 545.041 <br> 545.031 <br> S45026 <br> SLS02 <br> 545,427 <br> 545.428 <br> 545.425 <br> 545.401 <br> 545. 426 <br> 545.428 <br> 3641465 <br> -545.021 <br> 545072 <br> -S45025 <"
test6_man_bw_spares_catalogue,Test/Test 6/Extracted pages from MAN B&W SPARES PARTS CATALOGUE.pdf,187,drawing_material_list,medium,image heuristic fallback,drawing_material_list,0.56,3.82 <br> MAN <br> 546 091 <br> 546 093 <br> 546 025 <br> 546.023 | <br> A-B <br> 546.028 <br> 546.024 | <br> 517.001 <br> 566.108 <br> (546.109) <br> $ <br> D365638 <br> 546097 <br> 546.07% <br> 546.098 <br> 542.001 <br> 546.001 <br> 546.100 <br> 546.109 <br> 546050| <br> 500.91/19 <br> 546.049 <br> 546.074 <br> 566.073 <br> Bild 9 - Fiqure 9 - fiqure 9 - fiQura <br> 546.045 <br> VERDICHTERGEHÄUSE <br> UrRGtureerup <br> 546.052 <br> CAJA DEL COMPRESOR <br> 546.046 <br> S66.060 <br> 546.058 <br>
test6_man_bw_spares_catalogue,Test/Test 6/Extracted pages from MAN B&W SPARES PARTS CATALOGUE.pdf,188,drawing_only,low,drawing keyword,drawing_material_list,0.56,"3.82 <br> MA•N <br> 557.019 <br> 557017 <br> 557001 <br> 557014 <br> 557013 <br> S57017 <br> 557019 <br> D36 5638 <br> 562.040 <br> S62.004 <br> 562.005 <br> S62.061 <br> S46.085S <br> SL6.087 <br> 546.086 <br> S46.060 <br> IsCHAUGUAS, UREHZAHLMESSENRICHUNG <br> SIGHT GLASS, SPEED MEASURING DEVICE <br> VERRE DE REGARD, INS TALLATION DE MES URE DE REGIME <br> CRISTAL DE OBSERVACION <br> INS TALACION ELECTRONICA PARA LA MEDICION DE REVOLU <br> Bild 10- Figure 10 - Fiqure 10 - Figura 10 <br> 1 <br>"
test6_man_bw_spares_catalogue,Test/Test 6/Extracted pages from MAN B&W SPARES PARTS CATALOGUE.pdf,189,drawing_only,low,drawing keyword,spare_parts_table,0.48,"3.82 <br> M•AN <br> D36 5638 <br> 579.036 <br> 578035 <br> ss7001 <br> 579 037 <br> S78038 <br> 500,01/21 <br> WASCHEINRICHTUNG FUR VERDICHTER <br> WASHING DEVICE FOR COMPRESSOR <br> 579027 <br> INSTALLATION DE LAVAGE POUR LE COMPRESSEUR <br> INSTALACIÔN PARA EL LAVADO DEL COMPRESOR <br> Bild 11 - figure 11 - Figure 11- Figura 11 <br> -579.021 57a039 <br> 579.023 579 04d| <br> 7 <br> 025 <br> 578 029 <br> DT8030 <br> 5Ta002 <br> 579015 <br> NA34 <br> L14939 <br> 579032 <br> 579031 <br> 579028 <b"
test6_man_bw_spares_catalogue,Test/Test 6/Extracted pages from MAN B&W SPARES PARTS CATALOGUE.pdf,190,drawing_only,low,drawing keyword,spare_parts_table,0.48,78€ <br> MAN <br> D36 5638 <br> ENTLÜFTUNGS LEITUNG <br> VENTING PIPE <br> 500.01/22 <br> TUYAUDE VENTILATION <br> TUBO DE VENTILACION <br> Bild 12 - Figure 12 - Figure 12- Figura 12 <br> 35 41723 <br> NA 34 <br> L15 091 <br> S06.066 <br> 580.050 <br> S80.045 <br> 500.01 <br> 22 <br> 506.211 <br> S80.001 <br> 580.04S <br> S80.050 <br> 
test6_man_bw_spares_catalogue,Test/Test 6/Extracted pages from MAN B&W SPARES PARTS CATALOGUE.pdf,191,drawing_only,low,drawing keyword,spare_parts_table,0.48,3.82 <br> MA:N <br> C <br> D36 5638 <br> 554001 <br> 554.02% <br> 554.063 <br> -554 057 <br> 554.024 <br> -554.017 <br> Bild 13 <br> 554.056 <br> 554.047 <br> 554.030 <br> -554.062 <br> 554.043 <br> 554.061 <br> 500.01/23 <br> ÖLBEHÄLTER <br> 0IL TANK <br> RECIPIENT A L'HUILE <br> RECIPIENTE DE ACEITE <br> Figure <br> 554.057 <br> 554.055~ <br> 554.038 <br> 554.039 <br> 554.041 <br> 554.040 <br> 554.038 <br> 554.055 <br> 554.054 <br> - <br> Figure 13 - fiqura 13 <br> 36 41462 <br> 554.055 <br> 5
test7_auxiliary_engine_spare_parts_1,Test/Test 7/Auxiliary engine spare parts 1.pdf,1,repair_kit,low,image heuristic fallback,repair_kit,0.52,
test7_auxiliary_engine_spare_parts_1,Test/Test 7/Auxiliary engine spare parts 1.pdf,2,index_page,medium,image heuristic fallback,index_page,0.58,
test7_auxiliary_engine_spare_parts_1,Test/Test 7/Auxiliary engine spare parts 1.pdf,3,spare_parts_table,low,image heuristic fallback,spare_parts_table,0.48,
test7_auxiliary_engine_spare_parts_1,Test/Test 7/Auxiliary engine spare parts 1.pdf,4,spare_parts_table,low,image heuristic fallback,spare_parts_table,0.48,
test7_auxiliary_engine_spare_parts_1,Test/Test 7/Auxiliary engine spare parts 1.pdf,5,drawing_material_list,medium,image heuristic fallback,drawing_material_list,0.56,
test7_auxiliary_engine_spare_parts_1,Test/Test 7/Auxiliary engine spare parts 1.pdf,6,spare_parts_table,high,runner page range,,,
test7_auxiliary_engine_spare_parts_1,Test/Test 7/Auxiliary engine spare parts 1.pdf,7,spare_parts_table,high,runner page range,,,
test7_auxiliary_engine_spare_parts_1,Test/Test 7/Auxiliary engine spare parts 1.pdf,8,spare_parts_table,high,runner page range,,,
test7_auxiliary_engine_spare_parts_1,Test/Test 7/Auxiliary engine spare parts 1.pdf,9,spare_parts_table,high,runner page range,,,
test7_auxiliary_engine_spare_parts_1,Test/Test 7/Auxiliary engine spare parts 1.pdf,10,spare_parts_table,high,runner page range,,,
test7_auxiliary_engine_spare_parts_1,Test/Test 7/Auxiliary engine spare parts 1.pdf,11,spare_parts_table,high,runner page range,,,
test7_auxiliary_engine_spare_parts_1,Test/Test 7/Auxiliary engine spare parts 1.pdf,12,spare_parts_table,high,runner page range,,,
test7_auxiliary_engine_spare_parts_1,Test/Test 7/Auxiliary engine spare parts 1.pdf,13,spare_parts_table,high,runner page range,,,
test7_auxiliary_engine_spare_parts_1,Test/Test 7/Auxiliary engine spare parts 1.pdf,14,spare_parts_table,high,runner page range,,,
test7_auxiliary_engine_spare_parts_1,Test/Test 7/Auxiliary engine spare parts 1.pdf,15,spare_parts_table,high,runner page range,,,
test7_auxiliary_engine_spare_parts_1,Test/Test 7/Auxiliary engine spare parts 1.pdf,16,spare_parts_table,high,runner page range,,,
test7_auxiliary_engine_spare_parts_1,Test/Test 7/Auxiliary engine spare parts 1.pdf,17,spare_parts_table,high,runner page range,,,
test7_auxiliary_engine_spare_parts_1,Test/Test 7/Auxiliary engine spare parts 1.pdf,18,spare_parts_table,high,runner page range,,,
test7_auxiliary_engine_spare_parts_1,Test/Test 7/Auxiliary engine spare parts 1.pdf,19,spare_parts_table,high,runner page range,,,
test7_auxiliary_engine_spare_parts_1,Test/Test 7/Auxiliary engine spare parts 1.pdf,20,spare_parts_table,high,runner page range,,,
test7_auxiliary_engine_spare_parts_1,Test/Test 7/Auxiliary engine spare parts 1.pdf,21,spare_parts_table,high,runner page range,,,
test7_auxiliary_engine_spare_parts_1,Test/Test 7/Auxiliary engine spare parts 1.pdf,22,spare_parts_table,high,runner page range,,,
test7_auxiliary_engine_spare_parts_1,Test/Test 7/Auxiliary engine spare parts 1.pdf,23,spare_parts_table,high,runner page range,,,
test7_auxiliary_engine_spare_parts_1,Test/Test 7/Auxiliary engine spare parts 1.pdf,24,spare_parts_table,high,runner page range,,,
test7_auxiliary_engine_spare_parts_1,Test/Test 7/Auxiliary engine spare parts 1.pdf,25,spare_parts_table,high,runner page range,,,
test7_auxiliary_engine_spare_parts_1,Test/Test 7/Auxiliary engine spare parts 1.pdf,26,spare_parts_table,high,runner page range,,,
test7_auxiliary_engine_spare_parts_1,Test/Test 7/Auxiliary engine spare parts 1.pdf,27,spare_parts_table,high,runner page range,,,
test7_auxiliary_engine_spare_parts_1,Test/Test 7/Auxiliary engine spare parts 1.pdf,28,spare_parts_table,high,runner page range,,,
test7_auxiliary_engine_spare_parts_1,Test/Test 7/Auxiliary engine spare parts 1.pdf,29,spare_parts_table,high,runner page range,,,
test7_auxiliary_engine_spare_parts_1,Test/Test 7/Auxiliary engine spare parts 1.pdf,30,spare_parts_table,high,runner page range,,,
test7_auxiliary_engine_spare_parts_1,Test/Test 7/Auxiliary engine spare parts 1.pdf,31,spare_parts_table,high,runner page range,,,
test7_auxiliary_engine_spare_parts_1,Test/Test 7/Auxiliary engine spare parts 1.pdf,32,spare_parts_table,high,runner page range,,,
test7_auxiliary_engine_spare_parts_1,Test/Test 7/Auxiliary engine spare parts 1.pdf,33,spare_parts_table,high,runner page range,,,
test7_auxiliary_engine_spare_parts_1,Test/Test 7/Auxiliary engine spare parts 1.pdf,34,spare_parts_table,high,runner page range,,,
test7_auxiliary_engine_spare_parts_1,Test/Test 7/Auxiliary engine spare parts 1.pdf,35,spare_parts_table,high,runner page range,,,
test7_auxiliary_engine_spare_parts_1,Test/Test 7/Auxiliary engine spare parts 1.pdf,36,spare_parts_table,high,runner page range,,,
test7_auxiliary_engine_spare_parts_1,Test/Test 7/Auxiliary engine spare parts 1.pdf,37,spare_parts_table,high,runner page range,,,
test7_auxiliary_engine_spare_parts_1,Test/Test 7/Auxiliary engine spare parts 1.pdf,38,spare_parts_table,high,runner page range,,,
test7_auxiliary_engine_spare_parts_1,Test/Test 7/Auxiliary engine spare parts 1.pdf,39,spare_parts_table,high,runner page range,,,
test7_auxiliary_engine_spare_parts_1,Test/Test 7/Auxiliary engine spare parts 1.pdf,40,spare_parts_table,high,runner page range,,,
test7_auxiliary_engine_spare_parts_1,Test/Test 7/Auxiliary engine spare parts 1.pdf,41,spare_parts_table,high,runner page range,,,
test7_auxiliary_engine_spare_parts_1,Test/Test 7/Auxiliary engine spare parts 1.pdf,42,spare_parts_table,high,runner page range,,,
test7_auxiliary_engine_spare_parts_1,Test/Test 7/Auxiliary engine spare parts 1.pdf,43,spare_parts_table,high,runner page range,,,
test7_auxiliary_engine_spare_parts_1,Test/Test 7/Auxiliary engine spare parts 1.pdf,44,spare_parts_table,high,runner page range,,,
test7_auxiliary_engine_spare_parts_1,Test/Test 7/Auxiliary engine spare parts 1.pdf,45,spare_parts_table,high,runner page range,,,
test7_auxiliary_engine_spare_parts_1,Test/Test 7/Auxiliary engine spare parts 1.pdf,46,spare_parts_table,high,runner page range,,,
test7_auxiliary_engine_spare_parts_1,Test/Test 7/Auxiliary engine spare parts 1.pdf,47,spare_parts_table,high,runner page range,,,
test7_auxiliary_engine_spare_parts_1,Test/Test 7/Auxiliary engine spare parts 1.pdf,48,spare_parts_table,high,runner page range,,,
test7_auxiliary_engine_spare_parts_1,Test/Test 7/Auxiliary engine spare parts 1.pdf,49,spare_parts_table,high,runner page range,,,
test7_auxiliary_engine_spare_parts_1,Test/Test 7/Auxiliary engine spare parts 1.pdf,50,spare_parts_table,high,runner page range,,,
test7_auxiliary_engine_spare_parts_1,Test/Test 7/Auxiliary engine spare parts 1.pdf,51,spare_parts_table,high,runner page range,,,
test7_auxiliary_engine_spare_parts_1,Test/Test 7/Auxiliary engine spare parts 1.pdf,52,spare_parts_table,high,runner page range,,,
test7_auxiliary_engine_spare_parts_1,Test/Test 7/Auxiliary engine spare parts 1.pdf,53,spare_parts_table,high,runner page range,,,
test7_auxiliary_engine_spare_parts_1,Test/Test 7/Auxiliary engine spare parts 1.pdf,54,spare_parts_table,high,runner page range,,,
test7_auxiliary_engine_spare_parts_1,Test/Test 7/Auxiliary engine spare parts 1.pdf,55,spare_parts_table,high,runner page range,,,
test7_auxiliary_engine_spare_parts_1,Test/Test 7/Auxiliary engine spare parts 1.pdf,56,spare_parts_table,high,runner page range,,,
test7_auxiliary_engine_spare_parts_1,Test/Test 7/Auxiliary engine spare parts 1.pdf,57,spare_parts_table,high,runner page range,,,
test7_auxiliary_engine_spare_parts_1,Test/Test 7/Auxiliary engine spare parts 1.pdf,58,spare_parts_table,high,runner page range,,,
test7_auxiliary_engine_spare_parts_1,Test/Test 7/Auxiliary engine spare parts 1.pdf,59,spare_parts_table,high,runner page range,,,
test7_auxiliary_engine_spare_parts_1,Test/Test 7/Auxiliary engine spare parts 1.pdf,60,spare_parts_table,high,runner page range,,,
test7_auxiliary_engine_spare_parts_1,Test/Test 7/Auxiliary engine spare parts 1.pdf,61,spare_parts_table,high,runner page range,,,
test7_auxiliary_engine_spare_parts_1,Test/Test 7/Auxiliary engine spare parts 1.pdf,62,spare_parts_table,high,runner page range,,,
test8_auxiliary_engine_spare_parts_2,Test/Test 8/Auxiliary engine spare parts 2 1.pdf,1,spare_parts_table,low,image heuristic fallback,spare_parts_table,0.48,
test8_auxiliary_engine_spare_parts_2,Test/Test 8/Auxiliary engine spare parts 2 1.pdf,2,spare_parts_table,high,runner page range,,,
test8_auxiliary_engine_spare_parts_2,Test/Test 8/Auxiliary engine spare parts 2 1.pdf,3,spare_parts_table,high,runner page range,,,
test8_auxiliary_engine_spare_parts_2,Test/Test 8/Auxiliary engine spare parts 2 1.pdf,4,spare_parts_table,high,runner page range,,,
test8_auxiliary_engine_spare_parts_2,Test/Test 8/Auxiliary engine spare parts 2 1.pdf,5,spare_parts_table,high,runner page range,,,
test8_auxiliary_engine_spare_parts_2,Test/Test 8/Auxiliary engine spare parts 2 1.pdf,6,spare_parts_table,high,runner page range,,,
test8_auxiliary_engine_spare_parts_2,Test/Test 8/Auxiliary engine spare parts 2 1.pdf,7,spare_parts_table,high,runner page range,,,
test8_auxiliary_engine_spare_parts_2,Test/Test 8/Auxiliary engine spare parts 2 1.pdf,8,spare_parts_table,high,runner page range,,,
test8_auxiliary_engine_spare_parts_2,Test/Test 8/Auxiliary engine spare parts 2 1.pdf,9,spare_parts_table,high,runner page range,,,
test8_auxiliary_engine_spare_parts_2,Test/Test 8/Auxiliary engine spare parts 2 1.pdf,10,spare_parts_table,high,runner page range,,,
test8_auxiliary_engine_spare_parts_2,Test/Test 8/Auxiliary engine spare parts 2 1.pdf,11,spare_parts_table,high,runner page range,,,
test8_auxiliary_engine_spare_parts_2,Test/Test 8/Auxiliary engine spare parts 2 1.pdf,12,spare_parts_table,high,runner page range,,,
test8_auxiliary_engine_spare_parts_2,Test/Test 8/Auxiliary engine spare parts 2 1.pdf,13,spare_parts_table,high,runner page range,,,
test8_auxiliary_engine_spare_parts_2,Test/Test 8/Auxiliary engine spare parts 2 1.pdf,14,spare_parts_table,high,runner page range,,,
test8_auxiliary_engine_spare_parts_2,Test/Test 8/Auxiliary engine spare parts 2 1.pdf,15,spare_parts_table,high,runner page range,,,
test8_auxiliary_engine_spare_parts_2,Test/Test 8/Auxiliary engine spare parts 2 1.pdf,16,spare_parts_table,high,runner page range,,,
test8_auxiliary_engine_spare_parts_2,Test/Test 8/Auxiliary engine spare parts 2 1.pdf,17,spare_parts_table,high,runner page range,,,
test8_auxiliary_engine_spare_parts_2,Test/Test 8/Auxiliary engine spare parts 2 1.pdf,18,spare_parts_table,high,runner page range,,,
test8_auxiliary_engine_spare_parts_2,Test/Test 8/Auxiliary engine spare parts 2 1.pdf,19,spare_parts_table,high,runner page range,,,
test8_auxiliary_engine_spare_parts_2,Test/Test 8/Auxiliary engine spare parts 2 1.pdf,20,spare_parts_table,high,runner page range,,,
test8_auxiliary_engine_spare_parts_2,Test/Test 8/Auxiliary engine spare parts 2 1.pdf,21,spare_parts_table,high,runner page range,,,
test8_auxiliary_engine_spare_parts_2,Test/Test 8/Auxiliary engine spare parts 2 1.pdf,22,spare_parts_table,high,runner page range,,,
test8_auxiliary_engine_spare_parts_2,Test/Test 8/Auxiliary engine spare parts 2 1.pdf,23,spare_parts_table,high,runner page range,,,
test8_auxiliary_engine_spare_parts_2,Test/Test 8/Auxiliary engine spare parts 2 1.pdf,24,spare_parts_table,high,runner page range,,,
test8_auxiliary_engine_spare_parts_2,Test/Test 8/Auxiliary engine spare parts 2 1.pdf,25,spare_parts_table,high,runner page range,,,
test8_auxiliary_engine_spare_parts_2,Test/Test 8/Auxiliary engine spare parts 2 1.pdf,26,spare_parts_table,high,runner page range,,,
test8_auxiliary_engine_spare_parts_2,Test/Test 8/Auxiliary engine spare parts 2 1.pdf,27,spare_parts_table,high,runner page range,,,
test8_auxiliary_engine_spare_parts_2,Test/Test 8/Auxiliary engine spare parts 2 1.pdf,28,spare_parts_table,high,runner page range,,,
test8_auxiliary_engine_spare_parts_2,Test/Test 8/Auxiliary engine spare parts 2 1.pdf,29,spare_parts_table,high,runner page range,,,
test8_auxiliary_engine_spare_parts_2,Test/Test 8/Auxiliary engine spare parts 2 1.pdf,30,spare_parts_table,high,runner page range,,,
test8_auxiliary_engine_spare_parts_2,Test/Test 8/Auxiliary engine spare parts 2 1.pdf,31,spare_parts_table,high,runner page range,,,
test8_auxiliary_engine_spare_parts_2,Test/Test 8/Auxiliary engine spare parts 2 1.pdf,32,spare_parts_table,high,runner page range,,,
test8_auxiliary_engine_spare_parts_2,Test/Test 8/Auxiliary engine spare parts 2 1.pdf,33,spare_parts_table,high,runner page range,,,
test8_auxiliary_engine_spare_parts_2,Test/Test 8/Auxiliary engine spare parts 2 1.pdf,34,spare_parts_table,high,runner page range,,,
test8_auxiliary_engine_spare_parts_2,Test/Test 8/Auxiliary engine spare parts 2 1.pdf,35,spare_parts_table,high,runner page range,,,
test8_auxiliary_engine_spare_parts_2,Test/Test 8/Auxiliary engine spare parts 2 1.pdf,36,spare_parts_table,high,runner page range,,,
test8_auxiliary_engine_spare_parts_2,Test/Test 8/Auxiliary engine spare parts 2 1.pdf,37,spare_parts_table,high,runner page range,,,
test8_auxiliary_engine_spare_parts_2,Test/Test 8/Auxiliary engine spare parts 2 1.pdf,38,spare_parts_table,high,runner page range,,,
test8_auxiliary_engine_spare_parts_2,Test/Test 8/Auxiliary engine spare parts 2 1.pdf,39,spare_parts_table,high,runner page range,,,
test8_auxiliary_engine_spare_parts_2,Test/Test 8/Auxiliary engine spare parts 2 1.pdf,40,spare_parts_table,high,runner page range,,,
test8_auxiliary_engine_spare_parts_2,Test/Test 8/Auxiliary engine spare parts 2 1.pdf,41,spare_parts_table,high,runner page range,,,
test8_auxiliary_engine_spare_parts_2,Test/Test 8/Auxiliary engine spare parts 2 1.pdf,42,spare_parts_table,high,runner page range,,,
test8_auxiliary_engine_spare_parts_2,Test/Test 8/Auxiliary engine spare parts 2 1.pdf,43,spare_parts_table,high,runner page range,,,
test8_auxiliary_engine_spare_parts_2,Test/Test 8/Auxiliary engine spare parts 2 1.pdf,44,spare_parts_table,high,runner page range,,,
test8_auxiliary_engine_spare_parts_2,Test/Test 8/Auxiliary engine spare parts 2 1.pdf,45,spare_parts_table,high,runner page range,,,
test8_auxiliary_engine_spare_parts_2,Test/Test 8/Auxiliary engine spare parts 2 1.pdf,46,spare_parts_table,high,runner page range,,,
test8_auxiliary_engine_spare_parts_2,Test/Test 8/Auxiliary engine spare parts 2 1.pdf,47,spare_parts_table,high,runner page range,,,
test8_auxiliary_engine_spare_parts_2,Test/Test 8/Auxiliary engine spare parts 2 1.pdf,48,spare_parts_table,high,runner page range,,,
test8_auxiliary_engine_spare_parts_2,Test/Test 8/Auxiliary engine spare parts 2 1.pdf,49,spare_parts_table,high,runner page range,,,
test8_auxiliary_engine_spare_parts_2,Test/Test 8/Auxiliary engine spare parts 2 1.pdf,50,spare_parts_table,high,runner page range,,,
test8_auxiliary_engine_spare_parts_2,Test/Test 8/Auxiliary engine spare parts 2 1.pdf,51,spare_parts_table,high,runner page range,,,
test8_auxiliary_engine_spare_parts_2,Test/Test 8/Auxiliary engine spare parts 2 1.pdf,52,spare_parts_table,high,runner page range,,,
test8_auxiliary_engine_spare_parts_2,Test/Test 8/Auxiliary engine spare parts 2 1.pdf,53,spare_parts_table,high,runner page range,,,
test8_auxiliary_engine_spare_parts_2,Test/Test 8/Auxiliary engine spare parts 2 1.pdf,54,spare_parts_table,high,runner page range,,,
test8_auxiliary_engine_spare_parts_2,Test/Test 8/Auxiliary engine spare parts 2 1.pdf,55,spare_parts_table,high,runner page range,,,
test8_auxiliary_engine_spare_parts_2,Test/Test 8/Auxiliary engine spare parts 2 1.pdf,56,spare_parts_table,high,runner page range,,,
test8_auxiliary_engine_spare_parts_2,Test/Test 8/Auxiliary engine spare parts 2 1.pdf,57,spare_parts_table,high,runner page range,,,
test8_auxiliary_engine_spare_parts_2,Test/Test 8/Auxiliary engine spare parts 2 1.pdf,58,spare_parts_table,high,runner page range,,,
test8_auxiliary_engine_spare_parts_2,Test/Test 8/Auxiliary engine spare parts 2 1.pdf,59,spare_parts_table,high,runner page range,,,
test8_auxiliary_engine_spare_parts_2,Test/Test 8/Auxiliary engine spare parts 2 1.pdf,60,spare_parts_table,high,runner page range,,,
test8_auxiliary_engine_spare_parts_2,Test/Test 8/Auxiliary engine spare parts 2 1.pdf,61,spare_parts_table,high,runner page range,,,
test8_auxiliary_engine_spare_parts_2,Test/Test 8/Auxiliary engine spare parts 2 1.pdf,62,spare_parts_table,high,runner page range,,,
test8_auxiliary_engine_spare_parts_2,Test/Test 8/Auxiliary engine spare parts 2 1.pdf,63,spare_parts_table,high,runner page range,,,
test8_auxiliary_engine_spare_parts_2,Test/Test 8/Auxiliary engine spare parts 2 1.pdf,64,spare_parts_table,high,runner page range,,,
test8_auxiliary_engine_spare_parts_2,Test/Test 8/Auxiliary engine spare parts 2 1.pdf,65,spare_parts_table,high,runner page range,,,
test8_auxiliary_engine_spare_parts_2,Test/Test 8/Auxiliary engine spare parts 2 1.pdf,66,spare_parts_table,high,runner page range,,,
test8_auxiliary_engine_spare_parts_2,Test/Test 8/Auxiliary engine spare parts 2 1.pdf,67,spare_parts_table,high,runner page range,,,
test8_auxiliary_engine_spare_parts_2,Test/Test 8/Auxiliary engine spare parts 2 1.pdf,68,spare_parts_table,high,runner page range,,,
test8_auxiliary_engine_spare_parts_2,Test/Test 8/Auxiliary engine spare parts 2 1.pdf,69,spare_parts_table,high,runner page range,,,
test8_auxiliary_engine_spare_parts_2,Test/Test 8/Auxiliary engine spare parts 2 1.pdf,70,spare_parts_table,high,runner page range,,,
test8_auxiliary_engine_spare_parts_2,Test/Test 8/Auxiliary engine spare parts 2 1.pdf,71,spare_parts_table,high,runner page range,,,
test8_auxiliary_engine_spare_parts_2,Test/Test 8/Auxiliary engine spare parts 2 1.pdf,72,spare_parts_table,high,runner page range,,,
test8_auxiliary_engine_spare_parts_2,Test/Test 8/Auxiliary engine spare parts 2 1.pdf,73,spare_parts_table,high,runner page range,,,
test8_auxiliary_engine_spare_parts_2,Test/Test 8/Auxiliary engine spare parts 2 1.pdf,74,spare_parts_table,high,runner page range,,,
test8_auxiliary_engine_spare_parts_2,Test/Test 8/Auxiliary engine spare parts 2 1.pdf,75,spare_parts_table,high,runner page range,,,
test8_auxiliary_engine_spare_parts_2,Test/Test 8/Auxiliary engine spare parts 2 1.pdf,76,spare_parts_table,high,runner page range,,,
test8_auxiliary_engine_spare_parts_2,Test/Test 8/Auxiliary engine spare parts 2 1.pdf,77,spare_parts_table,high,runner page range,,,
test8_auxiliary_engine_spare_parts_2,Test/Test 8/Auxiliary engine spare parts 2 1.pdf,78,spare_parts_table,high,runner page range,,,
test8_auxiliary_engine_spare_parts_2,Test/Test 8/Auxiliary engine spare parts 2 1.pdf,79,spare_parts_table,high,runner page range,,,
test8_auxiliary_engine_spare_parts_2,Test/Test 8/Auxiliary engine spare parts 2 1.pdf,80,spare_parts_table,high,runner page range,,,
test8_auxiliary_engine_spare_parts_2,Test/Test 8/Auxiliary engine spare parts 2 1.pdf,81,spare_parts_table,high,runner page range,,,
test8_auxiliary_engine_spare_parts_2,Test/Test 8/Auxiliary engine spare parts 2 1.pdf,82,spare_parts_table,high,runner page range,,,
test8_auxiliary_engine_spare_parts_2,Test/Test 8/Auxiliary engine spare parts 2 1.pdf,83,spare_parts_table,high,runner page range,,,
test8_auxiliary_engine_spare_parts_2,Test/Test 8/Auxiliary engine spare parts 2 1.pdf,84,spare_parts_table,high,runner page range,,,
test8_auxiliary_engine_spare_parts_2,Test/Test 8/Auxiliary engine spare parts 2 1.pdf,85,spare_parts_table,high,runner page range,,,
test8_auxiliary_engine_spare_parts_2,Test/Test 8/Auxiliary engine spare parts 2 1.pdf,86,spare_parts_table,high,runner page range,,,
test8_auxiliary_engine_spare_parts_2,Test/Test 8/Auxiliary engine spare parts 2 1.pdf,87,spare_parts_table,high,runner page range,,,
test8_auxiliary_engine_spare_parts_2,Test/Test 8/Auxiliary engine spare parts 2 1.pdf,88,spare_parts_table,high,runner page range,,,
test8_auxiliary_engine_spare_parts_2,Test/Test 8/Auxiliary engine spare parts 2 1.pdf,89,spare_parts_table,high,runner page range,,,
test8_auxiliary_engine_spare_parts_2,Test/Test 8/Auxiliary engine spare parts 2 1.pdf,90,spare_parts_table,high,runner page range,,,
test8_auxiliary_engine_spare_parts_2,Test/Test 8/Auxiliary engine spare parts 2 1.pdf,91,spare_parts_table,high,runner page range,,,
test8_auxiliary_engine_spare_parts_2,Test/Test 8/Auxiliary engine spare parts 2 1.pdf,92,spare_parts_table,high,runner page range,,,
test8_auxiliary_engine_spare_parts_2,Test/Test 8/Auxiliary engine spare parts 2 1.pdf,93,spare_parts_table,high,runner page range,,,
test8_auxiliary_engine_spare_parts_2,Test/Test 8/Auxiliary engine spare parts 2 1.pdf,94,spare_parts_table,high,runner page range,,,
test8_auxiliary_engine_spare_parts_2,Test/Test 8/Auxiliary engine spare parts 2 1.pdf,95,spare_parts_table,high,runner page range,,,
test8_auxiliary_engine_spare_parts_2,Test/Test 8/Auxiliary engine spare parts 2 1.pdf,96,spare_parts_table,high,runner page range,,,
test8_auxiliary_engine_spare_parts_2,Test/Test 8/Auxiliary engine spare parts 2 1.pdf,97,spare_parts_table,high,runner page range,,,
test8_auxiliary_engine_spare_parts_2,Test/Test 8/Auxiliary engine spare parts 2 1.pdf,98,spare_parts_table,high,runner page range,,,
test8_auxiliary_engine_spare_parts_2,Test/Test 8/Auxiliary engine spare parts 2 1.pdf,99,spare_parts_table,high,runner page range,,,
test8_auxiliary_engine_spare_parts_2,Test/Test 8/Auxiliary engine spare parts 2 1.pdf,100,spare_parts_table,high,runner page range,,,
test8_auxiliary_engine_spare_parts_2,Test/Test 8/Auxiliary engine spare parts 2 1.pdf,101,spare_parts_table,high,runner page range,,,
test8_auxiliary_engine_spare_parts_2,Test/Test 8/Auxiliary engine spare parts 2 1.pdf,102,spare_parts_table,high,runner page range,,,
test8_auxiliary_engine_spare_parts_2,Test/Test 8/Auxiliary engine spare parts 2 1.pdf,103,spare_parts_table,high,runner page range,,,
test8_auxiliary_engine_spare_parts_2,Test/Test 8/Auxiliary engine spare parts 2 1.pdf,104,spare_parts_table,high,runner page range,,,
test8_auxiliary_engine_spare_parts_2,Test/Test 8/Auxiliary engine spare parts 2 1.pdf,105,spare_parts_table,high,runner page range,,,
test8_auxiliary_engine_spare_parts_2,Test/Test 8/Auxiliary engine spare parts 2 1.pdf,106,spare_parts_table,high,runner page range,,,
test8_auxiliary_engine_spare_parts_2,Test/Test 8/Auxiliary engine spare parts 2 1.pdf,107,spare_parts_table,high,runner page range,,,
test8_auxiliary_engine_spare_parts_2,Test/Test 8/Auxiliary engine spare parts 2 1.pdf,108,spare_parts_table,high,runner page range,,,
test8_auxiliary_engine_spare_parts_2,Test/Test 8/Auxiliary engine spare parts 2 1.pdf,109,spare_parts_table,high,runner page range,,,
test8_auxiliary_engine_spare_parts_2,Test/Test 8/Auxiliary engine spare parts 2 1.pdf,110,spare_parts_table,high,runner page range,,,
test8_auxiliary_engine_spare_parts_2,Test/Test 8/Auxiliary engine spare parts 2 1.pdf,111,spare_parts_table,high,runner page range,,,
test8_auxiliary_engine_spare_parts_2,Test/Test 8/Auxiliary engine spare parts 2 1.pdf,112,spare_parts_table,high,runner page range,,,
test8_auxiliary_engine_spare_parts_2,Test/Test 8/Auxiliary engine spare parts 2 1.pdf,113,spare_parts_table,high,runner page range,,,
test8_auxiliary_engine_spare_parts_2,Test/Test 8/Auxiliary engine spare parts 2 1.pdf,114,spare_parts_table,high,runner page range,,,
test8_auxiliary_engine_spare_parts_2,Test/Test 8/Auxiliary engine spare parts 2 1.pdf,115,spare_parts_table,high,runner page range,,,
test8_auxiliary_engine_spare_parts_2,Test/Test 8/Auxiliary engine spare parts 2 1.pdf,116,spare_parts_table,high,runner page range,,,
test8_auxiliary_engine_spare_parts_2,Test/Test 8/Auxiliary engine spare parts 2 1.pdf,117,spare_parts_table,high,runner page range,,,
test8_auxiliary_engine_spare_parts_2,Test/Test 8/Auxiliary engine spare parts 2 1.pdf,118,spare_parts_table,high,runner page range,,,
test8_auxiliary_engine_spare_parts_2,Test/Test 8/Auxiliary engine spare parts 2 1.pdf,119,spare_parts_table,high,runner page range,,,
test8_auxiliary_engine_spare_parts_2,Test/Test 8/Auxiliary engine spare parts 2 1.pdf,120,spare_parts_table,high,runner page range,,,
test8_auxiliary_engine_spare_parts_2,Test/Test 8/Auxiliary engine spare parts 2 1.pdf,121,spare_parts_table,high,runner page range,,,
test8_auxiliary_engine_spare_parts_2,Test/Test 8/Auxiliary engine spare parts 2 1.pdf,122,spare_parts_table,high,runner page range,,,
test8_auxiliary_engine_spare_parts_2,Test/Test 8/Auxiliary engine spare parts 2 1.pdf,123,spare_parts_table,high,runner page range,,,
test8_auxiliary_engine_spare_parts_2,Test/Test 8/Auxiliary engine spare parts 2 1.pdf,124,spare_parts_table,high,runner page range,,,
test8_auxiliary_engine_spare_parts_2,Test/Test 8/Auxiliary engine spare parts 2 1.pdf,125,spare_parts_table,high,runner page range,,,
test8_auxiliary_engine_spare_parts_2,Test/Test 8/Auxiliary engine spare parts 2 1.pdf,126,spare_parts_table,high,runner page range,,,
test8_auxiliary_engine_spare_parts_2,Test/Test 8/Auxiliary engine spare parts 2 1.pdf,127,spare_parts_table,high,runner page range,,,
test8_auxiliary_engine_spare_parts_2,Test/Test 8/Auxiliary engine spare parts 2 1.pdf,128,spare_parts_table,high,runner page range,,,
test8_auxiliary_engine_spare_parts_2,Test/Test 8/Auxiliary engine spare parts 2 1.pdf,129,spare_parts_table,high,runner page range,,,
test8_auxiliary_engine_spare_parts_2,Test/Test 8/Auxiliary engine spare parts 2 1.pdf,130,spare_parts_table,high,runner page range,,,
test8_auxiliary_engine_spare_parts_2,Test/Test 8/Auxiliary engine spare parts 2 1.pdf,131,spare_parts_table,high,runner page range,,,
test8_auxiliary_engine_spare_parts_2,Test/Test 8/Auxiliary engine spare parts 2 1.pdf,132,spare_parts_table,high,runner page range,,,
test8_auxiliary_engine_spare_parts_2,Test/Test 8/Auxiliary engine spare parts 2 1.pdf,133,spare_parts_table,high,runner page range,,,
test8_auxiliary_engine_spare_parts_2,Test/Test 8/Auxiliary engine spare parts 2 1.pdf,134,spare_parts_table,high,runner page range,,,
test8_auxiliary_engine_spare_parts_2,Test/Test 8/Auxiliary engine spare parts 2 1.pdf,135,spare_parts_table,high,runner page range,,,
test8_auxiliary_engine_spare_parts_2,Test/Test 8/Auxiliary engine spare parts 2 1.pdf,136,spare_parts_table,high,runner page range,,,
test8_auxiliary_engine_spare_parts_2,Test/Test 8/Auxiliary engine spare parts 2 1.pdf,137,spare_parts_table,high,runner page range,,,
test8_auxiliary_engine_spare_parts_2,Test/Test 8/Auxiliary engine spare parts 2 1.pdf,138,spare_parts_table,high,runner page range,,,
test8_auxiliary_engine_spare_parts_2,Test/Test 8/Auxiliary engine spare parts 2 1.pdf,139,spare_parts_table,high,runner page range,,,
test8_auxiliary_engine_spare_parts_2,Test/Test 8/Auxiliary engine spare parts 2 1.pdf,140,spare_parts_table,high,runner page range,,,
test8_auxiliary_engine_spare_parts_2,Test/Test 8/Auxiliary engine spare parts 2 1.pdf,141,spare_parts_table,high,runner page range,,,
test8_auxiliary_engine_spare_parts_2,Test/Test 8/Auxiliary engine spare parts 2 1.pdf,142,spare_parts_table,high,runner page range,,,
test8_auxiliary_engine_spare_parts_2,Test/Test 8/Auxiliary engine spare parts 2 1.pdf,143,spare_parts_table,high,runner page range,,,
test8_auxiliary_engine_spare_parts_2,Test/Test 8/Auxiliary engine spare parts 2 1.pdf,144,spare_parts_table,high,runner page range,,,
test8_auxiliary_engine_spare_parts_2,Test/Test 8/Auxiliary engine spare parts 2 1.pdf,145,spare_parts_table,high,runner page range,,,
test8_auxiliary_engine_spare_parts_2,Test/Test 8/Auxiliary engine spare parts 2 1.pdf,146,spare_parts_table,high,runner page range,,,
test8_auxiliary_engine_spare_parts_2,Test/Test 8/Auxiliary engine spare parts 2 1.pdf,147,spare_parts_table,high,runner page range,,,
test8_auxiliary_engine_spare_parts_2,Test/Test 8/Auxiliary engine spare parts 2 1.pdf,148,spare_parts_table,high,runner page range,,,
test8_auxiliary_engine_spare_parts_2,Test/Test 8/Auxiliary engine spare parts 2 1.pdf,149,spare_parts_table,high,runner page range,,,
test8_auxiliary_engine_spare_parts_2,Test/Test 8/Auxiliary engine spare parts 2 1.pdf,150,spare_parts_table,high,runner page range,,,
test8_auxiliary_engine_spare_parts_2,Test/Test 8/Auxiliary engine spare parts 2 1.pdf,151,spare_parts_table,high,runner page range,,,
test8_auxiliary_engine_spare_parts_2,Test/Test 8/Auxiliary engine spare parts 2 1.pdf,152,spare_parts_table,high,runner page range,,,
test8_auxiliary_engine_spare_parts_2,Test/Test 8/Auxiliary engine spare parts 2 1.pdf,153,spare_parts_table,high,runner page range,,,
test8_auxiliary_engine_spare_parts_2,Test/Test 8/Auxiliary engine spare parts 2 1.pdf,154,spare_parts_table,high,runner page range,,,
test8_auxiliary_engine_spare_parts_2,Test/Test 8/Auxiliary engine spare parts 2 1.pdf,155,spare_parts_table,high,runner page range,,,
test8_auxiliary_engine_spare_parts_2,Test/Test 8/Auxiliary engine spare parts 2 1.pdf,156,spare_parts_table,high,runner page range,,,
test8_auxiliary_engine_spare_parts_2,Test/Test 8/Auxiliary engine spare parts 2 1.pdf,157,spare_parts_table,high,runner page range,,,
test8_auxiliary_engine_spare_parts_2,Test/Test 8/Auxiliary engine spare parts 2 1.pdf,158,spare_parts_table,high,runner page range,,,
test8_auxiliary_engine_spare_parts_2,Test/Test 8/Auxiliary engine spare parts 2 1.pdf,159,spare_parts_table,high,runner page range,,,
test8_auxiliary_engine_spare_parts_2,Test/Test 8/Auxiliary engine spare parts 2 1.pdf,160,spare_parts_table,high,runner page range,,,
test8_auxiliary_engine_spare_parts_2,Test/Test 8/Auxiliary engine spare parts 2 1.pdf,161,spare_parts_table,high,runner page range,,,
test8_auxiliary_engine_spare_parts_2,Test/Test 8/Auxiliary engine spare parts 2 1.pdf,162,spare_parts_table,high,runner page range,,,
test8_auxiliary_engine_spare_parts_2,Test/Test 8/Auxiliary engine spare parts 2 1.pdf,163,spare_parts_table,high,runner page range,,,
test8_auxiliary_engine_spare_parts_2,Test/Test 8/Auxiliary engine spare parts 2 1.pdf,164,spare_parts_table,high,runner page range,,,
test8_auxiliary_engine_spare_parts_2,Test/Test 8/Auxiliary engine spare parts 2 1.pdf,165,spare_parts_table,high,runner page range,,,
test8_auxiliary_engine_spare_parts_2,Test/Test 8/Auxiliary engine spare parts 2 1.pdf,166,spare_parts_table,high,runner page range,,,
test8_auxiliary_engine_spare_parts_2,Test/Test 8/Auxiliary engine spare parts 2 1.pdf,167,spare_parts_table,high,runner page range,,,
test8_auxiliary_engine_spare_parts_2,Test/Test 8/Auxiliary engine spare parts 2 1.pdf,168,spare_parts_table,high,runner page range,,,
test8_auxiliary_engine_spare_parts_2,Test/Test 8/Auxiliary engine spare parts 2 1.pdf,169,spare_parts_table,high,runner page range,,,
test8_auxiliary_engine_spare_parts_2,Test/Test 8/Auxiliary engine spare parts 2 1.pdf,170,spare_parts_table,high,runner page range,,,
test8_auxiliary_engine_spare_parts_2,Test/Test 8/Auxiliary engine spare parts 2 1.pdf,171,spare_parts_table,high,runner page range,,,
test8_auxiliary_engine_spare_parts_2,Test/Test 8/Auxiliary engine spare parts 2 1.pdf,172,spare_parts_table,high,runner page range,,,
test8_auxiliary_engine_spare_parts_2,Test/Test 8/Auxiliary engine spare parts 2 1.pdf,173,spare_parts_table,high,runner page range,,,
test8_auxiliary_engine_spare_parts_2,Test/Test 8/Auxiliary engine spare parts 2 1.pdf,174,spare_parts_table,high,runner page range,,,
test8_auxiliary_engine_spare_parts_2,Test/Test 8/Auxiliary engine spare parts 2 1.pdf,175,spare_parts_table,high,runner page range,,,
test8_auxiliary_engine_spare_parts_2,Test/Test 8/Auxiliary engine spare parts 2 1.pdf,176,spare_parts_table,high,runner page range,,,
test8_auxiliary_engine_spare_parts_2,Test/Test 8/Auxiliary engine spare parts 2 1.pdf,177,spare_parts_table,high,runner page range,,,
test8_auxiliary_engine_spare_parts_2,Test/Test 8/Auxiliary engine spare parts 2 1.pdf,178,spare_parts_table,high,runner page range,,,
test8_auxiliary_engine_spare_parts_2,Test/Test 8/Auxiliary engine spare parts 2 1.pdf,179,spare_parts_table,high,runner page range,,,
test8_auxiliary_engine_spare_parts_2,Test/Test 8/Auxiliary engine spare parts 2 1.pdf,180,spare_parts_table,high,runner page range,,,
test8_auxiliary_engine_spare_parts_2,Test/Test 8/Auxiliary engine spare parts 2 1.pdf,181,spare_parts_table,high,runner page range,,,
test8_auxiliary_engine_spare_parts_2,Test/Test 8/Auxiliary engine spare parts 2 1.pdf,182,spare_parts_table,high,runner page range,,,
test8_auxiliary_engine_spare_parts_2,Test/Test 8/Auxiliary engine spare parts 2 1.pdf,183,spare_parts_table,high,runner page range,,,
test8_auxiliary_engine_spare_parts_2,Test/Test 8/Auxiliary engine spare parts 2 1.pdf,184,spare_parts_table,high,runner page range,,,
test8_auxiliary_engine_spare_parts_2,Test/Test 8/Auxiliary engine spare parts 2 1.pdf,185,spare_parts_table,high,runner page range,,,
test8_auxiliary_engine_spare_parts_2,Test/Test 8/Auxiliary engine spare parts 2 1.pdf,186,spare_parts_table,high,runner page range,,,
test8_auxiliary_engine_spare_parts_2,Test/Test 8/Auxiliary engine spare parts 2 1.pdf,187,spare_parts_table,high,runner page range,,,
test8_auxiliary_engine_spare_parts_2,Test/Test 8/Auxiliary engine spare parts 2 1.pdf,188,spare_parts_table,high,runner page range,,,
test8_auxiliary_engine_spare_parts_2,Test/Test 8/Auxiliary engine spare parts 2 1.pdf,189,spare_parts_table,high,runner page range,,,
test8_auxiliary_engine_spare_parts_2,Test/Test 8/Auxiliary engine spare parts 2 1.pdf,190,spare_parts_table,high,runner page range,,,
test8_auxiliary_engine_spare_parts_2,Test/Test 8/Auxiliary engine spare parts 2 1.pdf,191,spare_parts_table,high,runner page range,,,
test8_auxiliary_engine_spare_parts_2,Test/Test 8/Auxiliary engine spare parts 2 1.pdf,192,spare_parts_table,high,runner page range,,,
test8_auxiliary_engine_spare_parts_2,Test/Test 8/Auxiliary engine spare parts 2 1.pdf,193,spare_parts_table,high,runner page range,,,
test8_auxiliary_engine_spare_parts_2,Test/Test 8/Auxiliary engine spare parts 2 1.pdf,194,spare_parts_table,high,runner page range,,,
test8_auxiliary_engine_spare_parts_2,Test/Test 8/Auxiliary engine spare parts 2 1.pdf,195,spare_parts_table,high,runner page range,,,
test8_auxiliary_engine_spare_parts_2,Test/Test 8/Auxiliary engine spare parts 2 1.pdf,196,spare_parts_table,high,runner page range,,,
test8_auxiliary_engine_spare_parts_2,Test/Test 8/Auxiliary engine spare parts 2 1.pdf,197,spare_parts_table,high,runner page range,,,
test8_auxiliary_engine_spare_parts_2,Test/Test 8/Auxiliary engine spare parts 2 1.pdf,198,spare_parts_table,high,runner page range,,,
test8_auxiliary_engine_spare_parts_2,Test/Test 8/Auxiliary engine spare parts 2 1.pdf,199,spare_parts_table,high,runner page range,,,
test8_auxiliary_engine_spare_parts_2,Test/Test 8/Auxiliary engine spare parts 2 1.pdf,200,spare_parts_table,high,runner page range,,,
test8_auxiliary_engine_spare_parts_2,Test/Test 8/Auxiliary engine spare parts 2 1.pdf,201,spare_parts_table,high,runner page range,,,
test8_auxiliary_engine_spare_parts_2,Test/Test 8/Auxiliary engine spare parts 2 1.pdf,202,spare_parts_table,high,runner page range,,,
test8_auxiliary_engine_spare_parts_2,Test/Test 8/Auxiliary engine spare parts 2 1.pdf,203,spare_parts_table,high,runner page range,,,
test8_auxiliary_engine_spare_parts_2,Test/Test 8/Auxiliary engine spare parts 2 1.pdf,204,spare_parts_table,high,runner page range,,,
test8_auxiliary_engine_spare_parts_2,Test/Test 8/Auxiliary engine spare parts 2 1.pdf,205,spare_parts_table,high,runner page range,,,
test8_auxiliary_engine_spare_parts_2,Test/Test 8/Auxiliary engine spare parts 2 1.pdf,206,spare_parts_table,high,runner page range,,,
test8_auxiliary_engine_spare_parts_2,Test/Test 8/Auxiliary engine spare parts 2 1.pdf,207,spare_parts_table,high,runner page range,,,
test8_auxiliary_engine_spare_parts_2,Test/Test 8/Auxiliary engine spare parts 2 1.pdf,208,spare_parts_table,high,runner page range,,,
test8_auxiliary_engine_spare_parts_2,Test/Test 8/Auxiliary engine spare parts 2 1.pdf,209,spare_parts_table,high,runner page range,,,
test8_auxiliary_engine_spare_parts_2,Test/Test 8/Auxiliary engine spare parts 2 1.pdf,210,spare_parts_table,high,runner page range,,,
test8_auxiliary_engine_spare_parts_2,Test/Test 8/Auxiliary engine spare parts 2 1.pdf,211,spare_parts_table,high,runner page range,,,
test8_auxiliary_engine_spare_parts_2,Test/Test 8/Auxiliary engine spare parts 2 1.pdf,212,spare_parts_table,high,runner page range,,,
test8_auxiliary_engine_spare_parts_2,Test/Test 8/Auxiliary engine spare parts 2 1.pdf,213,spare_parts_table,high,runner page range,,,
test8_auxiliary_engine_spare_parts_2,Test/Test 8/Auxiliary engine spare parts 2 1.pdf,214,spare_parts_table,high,runner page range,,,
test8_auxiliary_engine_spare_parts_2,Test/Test 8/Auxiliary engine spare parts 2 1.pdf,215,spare_parts_table,high,runner page range,,,
test8_auxiliary_engine_spare_parts_2,Test/Test 8/Auxiliary engine spare parts 2 1.pdf,216,spare_parts_table,high,runner page range,,,
test9_obp_spare_full_list,Test/Test 9/13k obp spare - full list rev 4 (2) (1).pdf,1,index_page,medium,image heuristic fallback,index_page,0.58,serial number code name quantity 1 CL2-523C indicator light 1 2 CL2-523R indicator light 1 3 CL2-523G indicator light 1 4 MP1-30G Button head 1 5 MP1-30R Button head 1 6 M2SS2-30B Selector switch head 1 1 1 2 2 3 20 1 o-ring 67296 1 2 o-ring 67827 7 3 o-ring 67950 4 4 o-ring 68082 1 5 o-ring 85347 1 6 o-ring 21290-2016B 301 1 7 o-ring 21290-2016B 304 1 8 o-ring Y439400B 4 1 9 o-ring Y439400B 7 1 10 o-ring Y235562C 162 1 11 o-ring Y235562C 265 1 12 o-ring Y235562C 263 1 13 o-ring Y235562C 264 1 1
test9_obp_spare_full_list,Test/Test 9/13k obp spare - full list rev 4 (2) (1).pdf,2,spare_parts_table,low,image heuristic fallback,spare_parts_table,0.48,40 o-ring P774 1 41 o-ring P792 1 42 o-ring P703 1 43 o-ring P704 1 44 o-ring P705 1 45 o-ring R707 1 46 o-ring 02380-9068 17-3 1 47 o-ring 02380-9068 17-5 1 48 o-ring 02380-9068 17-6 1 49 o-ring 02380-9068 17-8 1 50 o-ring 20 1 51 o-ring 21 2 52 o-ring 17 1 53 o-ring Y40326798 126A 1 54 o-ring Y40326798 126B 1 55 o-ring Y40326798 125 1 56 o-ring Y40322323 1 57 o-ring Y40322323 1 58 o-ring PTCZ102-1MV 1 59 o-ring 67825 1 
test9_obp_spare_full_list,Test/Test 9/13k obp spare - full list rev 4 (2) (1).pdf,3,spare_parts_table,low,image heuristic fallback,spare_parts_table,0.48,OB 
test9_obp_spare_full_list,Test/Test 9/13k obp spare - full list rev 4 (2) (1).pdf,4,spare_parts_table,low,image heuristic fallback,spare_parts_table,0.48,
test9_obp_spare_full_list,Test/Test 9/13k obp spare - full list rev 4 (2) (1).pdf,5,index_page,medium,image heuristic fallback,index_page,0.58,
test9_obp_spare_full_list,Test/Test 9/13k obp spare - full list rev 4 (2) (1).pdf,6,spare_parts_table,low,image heuristic fallback,spare_parts_table,0.48,
test9_obp_spare_full_list,Test/Test 9/13k obp spare - full list rev 4 (2) (1).pdf,7,spare_parts_table,low,image heuristic fallback,spare_parts_table,0.48,
test9_obp_spare_full_list,Test/Test 9/13k obp spare - full list rev 4 (2) (1).pdf,8,spare_parts_table,low,image heuristic fallback,spare_parts_table,0.48,
test9_obp_spare_full_list,Test/Test 9/13k obp spare - full list rev 4 (2) (1).pdf,9,index_page,medium,image heuristic fallback,index_page,0.58,
test9_obp_spare_full_list,Test/Test 9/13k obp spare - full list rev 4 (2) (1).pdf,10,index_page,medium,image heuristic fallback,index_page,0.58,
test9_obp_spare_full_list,Test/Test 9/13k obp spare - full list rev 4 (2) (1).pdf,11,index_page,medium,image heuristic fallback,index_page,0.58,
test9_obp_spare_full_list,Test/Test 9/13k obp spare - full list rev 4 (2) (1).pdf,12,spare_parts_table,low,image heuristic fallback,spare_parts_table,0.48,
test9_obp_spare_full_list,Test/Test 9/13k obp spare - full list rev 4 (2) (1).pdf,13,spare_parts_table,low,image heuristic fallback,spare_parts_table,0.48,PER SERIES 
test9_obp_spare_full_list,Test/Test 9/13k obp spare - full list rev 4 (2) (1).pdf,14,index_page,medium,image heuristic fallback,index_page,0.58,
test9_obp_spare_full_list,Test/Test 9/13k obp spare - full list rev 4 (2) (1).pdf,15,spare_parts_table,medium,spare/list keyword,drawing_material_list,0.56,SPARE PART LIST   HULL NO. PLATE HEAT EXCHANGER H1933A~H1934A 
test9_obp_spare_full_list,Test/Test 9/13k obp spare - full list rev 4 (2) (1).pdf,16,index_page,medium,image heuristic fallback,index_page,0.58,
test9_obp_spare_full_list,Test/Test 9/13k obp spare - full list rev 4 (2) (1).pdf,17,index_page,medium,image heuristic fallback,index_page,0.58,
test9_obp_spare_full_list,Test/Test 9/13k obp spare - full list rev 4 (2) (1).pdf,18,index_page,medium,image heuristic fallback,index_page,0.58,
test9_obp_spare_full_list,Test/Test 9/13k obp spare - full list rev 4 (2) (1).pdf,19,index_page,medium,image heuristic fallback,index_page,0.58,
test9_obp_spare_full_list,Test/Test 9/13k obp spare - full list rev 4 (2) (1).pdf,20,index_page,medium,image heuristic fallback,index_page,0.58,
test9_obp_spare_full_list,Test/Test 9/13k obp spare - full list rev 4 (2) (1).pdf,21,index_page,medium,image heuristic fallback,index_page,0.58,
test9_obp_spare_full_list,Test/Test 9/13k obp spare - full list rev 4 (2) (1).pdf,22,drawing_material_list,medium,image heuristic fallback,drawing_material_list,0.56,
test9_obp_spare_full_list,Test/Test 9/13k obp spare - full list rev 4 (2) (1).pdf,23,index_page,medium,image heuristic fallback,index_page,0.58,
test9_obp_spare_full_list,Test/Test 9/13k obp spare - full list rev 4 (2) (1).pdf,24,index_page,medium,image heuristic fallback,index_page,0.58,
test9_obp_spare_full_list,Test/Test 9/13k obp spare - full list rev 4 (2) (1).pdf,25,index_page,medium,image heuristic fallback,index_page,0.58,
test9_obp_spare_full_list,Test/Test 9/13k obp spare - full list rev 4 (2) (1).pdf,26,index_page,medium,image heuristic fallback,index_page,0.58,
test9_obp_spare_full_list,Test/Test 9/13k obp spare - full list rev 4 (2) (1).pdf,27,drawing_only,medium,image heuristic fallback,drawing_only,0.56,
test9_obp_spare_full_list,Test/Test 9/13k obp spare - full list rev 4 (2) (1).pdf,28,drawing_material_list,medium,image heuristic fallback,drawing_material_list,0.56,
test9_obp_spare_full_list,Test/Test 9/13k obp spare - full list rev 4 (2) (1).pdf,29,index_page,medium,image heuristic fallback,index_page,0.58,
test9_obp_spare_full_list,Test/Test 9/13k obp spare - full list rev 4 (2) (1).pdf,30,index_page,medium,image heuristic fallback,index_page,0.58,
test9_obp_spare_full_list,Test/Test 9/13k obp spare - full list rev 4 (2) (1).pdf,31,index_page,medium,image heuristic fallback,index_page,0.58,
test9_obp_spare_full_list,Test/Test 9/13k obp spare - full list rev 4 (2) (1).pdf,32,spare_parts_table,low,image heuristic fallback,spare_parts_table,0.48,
test9_obp_spare_full_list,Test/Test 9/13k obp spare - full list rev 4 (2) (1).pdf,33,index_page,medium,image heuristic fallback,index_page,0.58,
test9_obp_spare_full_list,Test/Test 9/13k obp spare - full list rev 4 (2) (1).pdf,34,index_page,medium,image heuristic fallback,index_page,0.58,
test10_cargo_area_fans,Test/Test 10/V-202-V0000004-cargo area fans-Rev.1.1.pdf,1,index_page,medium,image heuristic fallback,index_page,0.58,
test10_cargo_area_fans,Test/Test 10/V-202-V0000004-cargo area fans-Rev.1.1.pdf,2,drawing_material_list,medium,image heuristic fallback,drawing_material_list,0.56,
test10_cargo_area_fans,Test/Test 10/V-202-V0000004-cargo area fans-Rev.1.1.pdf,3,drawing_material_list,medium,image heuristic fallback,drawing_material_list,0.56,
test10_cargo_area_fans,Test/Test 10/V-202-V0000004-cargo area fans-Rev.1.1.pdf,4,index_page,medium,image heuristic fallback,index_page,0.58,
test10_cargo_area_fans,Test/Test 10/V-202-V0000004-cargo area fans-Rev.1.1.pdf,5,index_page,medium,image heuristic fallback,index_page,0.58,
test10_cargo_area_fans,Test/Test 10/V-202-V0000004-cargo area fans-Rev.1.1.pdf,6,index_page,medium,image heuristic fallback,index_page,0.58,
test10_cargo_area_fans,Test/Test 10/V-202-V0000004-cargo area fans-Rev.1.1.pdf,7,drawing_material_list,medium,image heuristic fallback,drawing_material_list,0.56,
test10_cargo_area_fans,Test/Test 10/V-202-V0000004-cargo area fans-Rev.1.1.pdf,8,drawing_material_list,medium,image heuristic fallback,drawing_material_list,0.56,
test11_accommodation_fans,Test/Test 11/V-203-V0000015-accommodation fans-Rev.1.1.pdf,1,index_page,medium,image heuristic fallback,index_page,0.58,
test11_accommodation_fans,Test/Test 11/V-203-V0000015-accommodation fans-Rev.1.1.pdf,2,drawing_material_list,medium,image heuristic fallback,drawing_material_list,0.56,
test11_accommodation_fans,Test/Test 11/V-203-V0000015-accommodation fans-Rev.1.1.pdf,3,drawing_material_list,medium,image heuristic fallback,drawing_material_list,0.56,
test11_accommodation_fans,Test/Test 11/V-203-V0000015-accommodation fans-Rev.1.1.pdf,4,index_page,medium,image heuristic fallback,index_page,0.58,
test11_accommodation_fans,Test/Test 11/V-203-V0000015-accommodation fans-Rev.1.1.pdf,5,drawing_material_list,medium,image heuristic fallback,drawing_material_list,0.56,
test11_accommodation_fans,Test/Test 11/V-203-V0000015-accommodation fans-Rev.1.1.pdf,6,index_page,medium,image heuristic fallback,index_page,0.58,
test11_accommodation_fans,Test/Test 11/V-203-V0000015-accommodation fans-Rev.1.1.pdf,7,index_page,medium,image heuristic fallback,index_page,0.58,
test11_accommodation_fans,Test/Test 11/V-203-V0000015-accommodation fans-Rev.1.1.pdf,8,drawing_material_list,medium,image heuristic fallback,drawing_material_list,0.56,
test11_accommodation_fans,Test/Test 11/V-203-V0000015-accommodation fans-Rev.1.1.pdf,9,drawing_material_list,medium,image heuristic fallback,drawing_material_list,0.56,
test11_accommodation_fans,Test/Test 11/V-203-V0000015-accommodation fans-Rev.1.1.pdf,10,drawing_material_list,medium,image heuristic fallback,drawing_material_list,0.56,
test11_accommodation_fans,Test/Test 11/V-203-V0000015-accommodation fans-Rev.1.1.pdf,11,drawing_material_list,medium,image heuristic fallback,drawing_material_list,0.56,
test11_accommodation_fans,Test/Test 11/V-203-V0000015-accommodation fans-Rev.1.1.pdf,12,index_page,medium,image heuristic fallback,index_page,0.58,
test11_accommodation_fans,Test/Test 11/V-203-V0000015-accommodation fans-Rev.1.1.pdf,13,index_page,medium,image heuristic fallback,index_page,0.58,
test11_accommodation_fans,Test/Test 11/V-203-V0000015-accommodation fans-Rev.1.1.pdf,14,drawing_material_list,medium,image heuristic fallback,drawing_material_list,0.56,
test12_positive_displacement_pump,Test/Test 12/M-213-M0000012-Positive Displacement Pump-1 REV1.1 (2).pdf,1,index_page,medium,image heuristic fallback,index_page,0.58,
test12_positive_displacement_pump,Test/Test 12/M-213-M0000012-Positive Displacement Pump-1 REV1.1 (2).pdf,2,index_page,medium,image heuristic fallback,index_page,0.58,
test12_positive_displacement_pump,Test/Test 12/M-213-M0000012-Positive Displacement Pump-1 REV1.1 (2).pdf,3,spare_parts_table,low,image heuristic fallback,spare_parts_table,0.48,
test12_positive_displacement_pump,Test/Test 12/M-213-M0000012-Positive Displacement Pump-1 REV1.1 (2).pdf,4,index_page,medium,image heuristic fallback,index_page,0.58,
test12_positive_displacement_pump,Test/Test 12/M-213-M0000012-Positive Displacement Pump-1 REV1.1 (2).pdf,5,index_page,medium,image heuristic fallback,index_page,0.58,
test12_positive_displacement_pump,Test/Test 12/M-213-M0000012-Positive Displacement Pump-1 REV1.1 (2).pdf,6,drawing_material_list,medium,image heuristic fallback,drawing_material_list,0.56,
test12_positive_displacement_pump,Test/Test 12/M-213-M0000012-Positive Displacement Pump-1 REV1.1 (2).pdf,7,index_page,medium,image heuristic fallback,index_page,0.58,
test12_positive_displacement_pump,Test/Test 12/M-213-M0000012-Positive Displacement Pump-1 REV1.1 (2).pdf,8,index_page,medium,image heuristic fallback,index_page,0.58,
test12_positive_displacement_pump,Test/Test 12/M-213-M0000012-Positive Displacement Pump-1 REV1.1 (2).pdf,9,index_page,medium,image heuristic fallback,index_page,0.58,
test12_positive_displacement_pump,Test/Test 12/M-213-M0000012-Positive Displacement Pump-1 REV1.1 (2).pdf,10,index_page,medium,image heuristic fallback,index_page,0.58,
test12_positive_displacement_pump,Test/Test 12/M-213-M0000012-Positive Displacement Pump-1 REV1.1 (2).pdf,11,index_page,medium,image heuristic fallback,index_page,0.58,
test12_positive_displacement_pump,Test/Test 12/M-213-M0000012-Positive Displacement Pump-1 REV1.1 (2).pdf,12,index_page,medium,image heuristic fallback,index_page,0.58,
test12_positive_displacement_pump,Test/Test 12/M-213-M0000012-Positive Displacement Pump-1 REV1.1 (2).pdf,13,index_page,medium,image heuristic fallback,index_page,0.58,
test12_positive_displacement_pump,Test/Test 12/M-213-M0000012-Positive Displacement Pump-1 REV1.1 (2).pdf,14,drawing_material_list,medium,image heuristic fallback,drawing_material_list,0.56,
test12_positive_displacement_pump,Test/Test 12/M-213-M0000012-Positive Displacement Pump-1 REV1.1 (2).pdf,15,index_page,medium,image heuristic fallback,index_page,0.58,
test12_positive_displacement_pump,Test/Test 12/M-213-M0000012-Positive Displacement Pump-1 REV1.1 (2).pdf,16,index_page,medium,image heuristic fallback,index_page,0.58,
test12_positive_displacement_pump,Test/Test 12/M-213-M0000012-Positive Displacement Pump-1 REV1.1 (2).pdf,17,spare_parts_table,low,image heuristic fallback,spare_parts_table,0.48,
test12_positive_displacement_pump,Test/Test 12/M-213-M0000012-Positive Displacement Pump-1 REV1.1 (2).pdf,18,index_page,medium,image heuristic fallback,index_page,0.58,
test12_positive_displacement_pump,Test/Test 12/M-213-M0000012-Positive Displacement Pump-1 REV1.1 (2).pdf,19,index_page,medium,image heuristic fallback,index_page,0.58,
test12_positive_displacement_pump,Test/Test 12/M-213-M0000012-Positive Displacement Pump-1 REV1.1 (2).pdf,20,spare_parts_table,low,image heuristic fallback,spare_parts_table,0.48,
test12_positive_displacement_pump,Test/Test 12/M-213-M0000012-Positive Displacement Pump-1 REV1.1 (2).pdf,21,index_page,medium,image heuristic fallback,index_page,0.58,
test12_positive_displacement_pump,Test/Test 12/M-213-M0000012-Positive Displacement Pump-1 REV1.1 (2).pdf,22,index_page,medium,image heuristic fallback,index_page,0.58,
test12_positive_displacement_pump,Test/Test 12/M-213-M0000012-Positive Displacement Pump-1 REV1.1 (2).pdf,23,spare_parts_table,low,image heuristic fallback,spare_parts_table,0.48,
test12_positive_displacement_pump,Test/Test 12/M-213-M0000012-Positive Displacement Pump-1 REV1.1 (2).pdf,24,index_page,medium,image heuristic fallback,index_page,0.58,
test13_centrifugal_pump,Test/Test 13/M-212-M0000011-Centrifugal Pump REV1.1 (3).pdf,1,index_page,medium,image heuristic fallback,index_page,0.58,
test13_centrifugal_pump,Test/Test 13/M-212-M0000011-Centrifugal Pump REV1.1 (3).pdf,2,index_page,medium,image heuristic fallback,index_page,0.58,
test13_centrifugal_pump,Test/Test 13/M-212-M0000011-Centrifugal Pump REV1.1 (3).pdf,3,drawing_material_list,medium,image heuristic fallback,drawing_material_list,0.56,
test13_centrifugal_pump,Test/Test 13/M-212-M0000011-Centrifugal Pump REV1.1 (3).pdf,4,repair_kit,high,ACCESSORIES FOR EACH 1 PUMP,,,
test13_centrifugal_pump,Test/Test 13/M-212-M0000011-Centrifugal Pump REV1.1 (3).pdf,5,drawing_material_list,high,material list pages,,,
test13_centrifugal_pump,Test/Test 13/M-212-M0000011-Centrifugal Pump REV1.1 (3).pdf,6,drawing_material_list,high,material list pages,,,
test13_centrifugal_pump,Test/Test 13/M-212-M0000011-Centrifugal Pump REV1.1 (3).pdf,7,index_page,medium,image heuristic fallback,index_page,0.58,
test13_centrifugal_pump,Test/Test 13/M-212-M0000011-Centrifugal Pump REV1.1 (3).pdf,8,drawing_material_list,medium,image heuristic fallback,drawing_material_list,0.56,
test13_centrifugal_pump,Test/Test 13/M-212-M0000011-Centrifugal Pump REV1.1 (3).pdf,9,drawing_only,medium,image heuristic fallback,drawing_only,0.56,
test13_centrifugal_pump,Test/Test 13/M-212-M0000011-Centrifugal Pump REV1.1 (3).pdf,10,drawing_material_list,medium,image heuristic fallback,drawing_material_list,0.56,
test13_centrifugal_pump,Test/Test 13/M-212-M0000011-Centrifugal Pump REV1.1 (3).pdf,11,drawing_material_list,medium,runner explicit pump/material pages,,,
test13_centrifugal_pump,Test/Test 13/M-212-M0000011-Centrifugal Pump REV1.1 (3).pdf,12,drawing_material_list,medium,runner explicit pump/material pages,,,
test13_centrifugal_pump,Test/Test 13/M-212-M0000011-Centrifugal Pump REV1.1 (3).pdf,13,drawing_material_list,medium,runner explicit pump/material pages,,,
test13_centrifugal_pump,Test/Test 13/M-212-M0000011-Centrifugal Pump REV1.1 (3).pdf,14,drawing_material_list,medium,runner explicit pump/material pages,,,
test13_centrifugal_pump,Test/Test 13/M-212-M0000011-Centrifugal Pump REV1.1 (3).pdf,15,drawing_material_list,medium,runner explicit pump/material pages,,,
test13_centrifugal_pump,Test/Test 13/M-212-M0000011-Centrifugal Pump REV1.1 (3).pdf,16,drawing_material_list,medium,runner explicit pump/material pages,,,
test13_centrifugal_pump,Test/Test 13/M-212-M0000011-Centrifugal Pump REV1.1 (3).pdf,17,drawing_material_list,medium,runner explicit pump/material pages,,,
test13_centrifugal_pump,Test/Test 13/M-212-M0000011-Centrifugal Pump REV1.1 (3).pdf,18,drawing_material_list,medium,runner explicit pump/material pages,,,
test13_centrifugal_pump,Test/Test 13/M-212-M0000011-Centrifugal Pump REV1.1 (3).pdf,19,drawing_material_list,medium,runner explicit pump/material pages,,,
test13_centrifugal_pump,Test/Test 13/M-212-M0000011-Centrifugal Pump REV1.1 (3).pdf,20,drawing_material_list,medium,runner explicit pump/material pages,,,
test13_centrifugal_pump,Test/Test 13/M-212-M0000011-Centrifugal Pump REV1.1 (3).pdf,21,drawing_material_list,medium,runner explicit pump/material pages,,,
test13_centrifugal_pump,Test/Test 13/M-212-M0000011-Centrifugal Pump REV1.1 (3).pdf,22,drawing_material_list,medium,runner explicit pump/material pages,,,
test13_centrifugal_pump,Test/Test 13/M-212-M0000011-Centrifugal Pump REV1.1 (3).pdf,23,drawing_material_list,medium,runner explicit pump/material pages,,,
test13_centrifugal_pump,Test/Test 13/M-212-M0000011-Centrifugal Pump REV1.1 (3).pdf,24,drawing_material_list,medium,runner explicit pump/material pages,,,
test13_centrifugal_pump,Test/Test 13/M-212-M0000011-Centrifugal Pump REV1.1 (3).pdf,25,drawing_material_list,medium,runner explicit pump/material pages,,,
test13_centrifugal_pump,Test/Test 13/M-212-M0000011-Centrifugal Pump REV1.1 (3).pdf,26,drawing_material_list,medium,runner explicit pump/material pages,,,
test13_centrifugal_pump,Test/Test 13/M-212-M0000011-Centrifugal Pump REV1.1 (3).pdf,27,drawing_material_list,medium,runner explicit pump/material pages,,,
test13_centrifugal_pump,Test/Test 13/M-212-M0000011-Centrifugal Pump REV1.1 (3).pdf,28,drawing_material_list,medium,runner explicit pump/material pages,,,
test13_centrifugal_pump,Test/Test 13/M-212-M0000011-Centrifugal Pump REV1.1 (3).pdf,29,drawing_material_list,medium,runner explicit pump/material pages,,,
test13_centrifugal_pump,Test/Test 13/M-212-M0000011-Centrifugal Pump REV1.1 (3).pdf,30,drawing_material_list,medium,runner explicit pump/material pages,,,
test13_centrifugal_pump,Test/Test 13/M-212-M0000011-Centrifugal Pump REV1.1 (3).pdf,31,drawing_material_list,medium,runner explicit pump/material pages,,,
test13_centrifugal_pump,Test/Test 13/M-212-M0000011-Centrifugal Pump REV1.1 (3).pdf,32,drawing_material_list,medium,runner explicit pump/material pages,,,
test13_centrifugal_pump,Test/Test 13/M-212-M0000011-Centrifugal Pump REV1.1 (3).pdf,33,drawing_material_list,medium,runner explicit pump/material pages,,,
test13_centrifugal_pump,Test/Test 13/M-212-M0000011-Centrifugal Pump REV1.1 (3).pdf,34,drawing_material_list,medium,runner explicit pump/material pages,,,
test13_centrifugal_pump,Test/Test 13/M-212-M0000011-Centrifugal Pump REV1.1 (3).pdf,35,drawing_material_list,medium,runner explicit pump/material pages,,,
test13_centrifugal_pump,Test/Test 13/M-212-M0000011-Centrifugal Pump REV1.1 (3).pdf,36,drawing_material_list,medium,runner explicit pump/material pages,,,
test13_centrifugal_pump,Test/Test 13/M-212-M0000011-Centrifugal Pump REV1.1 (3).pdf,37,drawing_material_list,medium,runner explicit pump/material pages,,,
test13_centrifugal_pump,Test/Test 13/M-212-M0000011-Centrifugal Pump REV1.1 (3).pdf,38,drawing_material_list,medium,runner explicit pump/material pages,,,
test13_centrifugal_pump,Test/Test 13/M-212-M0000011-Centrifugal Pump REV1.1 (3).pdf,39,drawing_material_list,medium,runner explicit pump/material pages,,,
test13_centrifugal_pump,Test/Test 13/M-212-M0000011-Centrifugal Pump REV1.1 (3).pdf,40,drawing_material_list,medium,runner explicit pump/material pages,,,
test13_centrifugal_pump,Test/Test 13/M-212-M0000011-Centrifugal Pump REV1.1 (3).pdf,41,drawing_material_list,medium,runner explicit pump/material pages,,,
test13_centrifugal_pump,Test/Test 13/M-212-M0000011-Centrifugal Pump REV1.1 (3).pdf,42,drawing_material_list,medium,runner explicit pump/material pages,,,
test13_centrifugal_pump,Test/Test 13/M-212-M0000011-Centrifugal Pump REV1.1 (3).pdf,43,drawing_material_list,medium,runner explicit pump/material pages,,,
test13_centrifugal_pump,Test/Test 13/M-212-M0000011-Centrifugal Pump REV1.1 (3).pdf,44,drawing_material_list,medium,runner explicit pump/material pages,,,
test13_centrifugal_pump,Test/Test 13/M-212-M0000011-Centrifugal Pump REV1.1 (3).pdf,45,drawing_material_list,medium,runner explicit pump/material pages,,,
test13_centrifugal_pump,Test/Test 13/M-212-M0000011-Centrifugal Pump REV1.1 (3).pdf,46,drawing_material_list,medium,runner explicit pump/material pages,,,
test13_centrifugal_pump,Test/Test 13/M-212-M0000011-Centrifugal Pump REV1.1 (3).pdf,47,drawing_material_list,medium,runner explicit pump/material pages,,,
test13_centrifugal_pump,Test/Test 13/M-212-M0000011-Centrifugal Pump REV1.1 (3).pdf,48,drawing_material_list,medium,runner explicit pump/material pages,,,
test13_centrifugal_pump,Test/Test 13/M-212-M0000011-Centrifugal Pump REV1.1 (3).pdf,49,drawing_material_list,medium,runner explicit pump/material pages,,,
test13_centrifugal_pump,Test/Test 13/M-212-M0000011-Centrifugal Pump REV1.1 (3).pdf,50,drawing_material_list,medium,runner explicit pump/material pages,,,
test13_centrifugal_pump,Test/Test 13/M-212-M0000011-Centrifugal Pump REV1.1 (3).pdf,51,drawing_material_list,medium,runner explicit pump/material pages,,,
test13_centrifugal_pump,Test/Test 13/M-212-M0000011-Centrifugal Pump REV1.1 (3).pdf,52,drawing_material_list,medium,runner explicit pump/material pages,,,
test13_centrifugal_pump,Test/Test 13/M-212-M0000011-Centrifugal Pump REV1.1 (3).pdf,53,drawing_material_list,medium,runner explicit pump/material pages,,,
test13_centrifugal_pump,Test/Test 13/M-212-M0000011-Centrifugal Pump REV1.1 (3).pdf,54,drawing_material_list,medium,runner explicit pump/material pages,,,
test13_centrifugal_pump,Test/Test 13/M-212-M0000011-Centrifugal Pump REV1.1 (3).pdf,55,drawing_material_list,medium,runner explicit pump/material pages,,,
test13_centrifugal_pump,Test/Test 13/M-212-M0000011-Centrifugal Pump REV1.1 (3).pdf,56,drawing_material_list,medium,runner explicit pump/material pages,,,
test13_centrifugal_pump,Test/Test 13/M-212-M0000011-Centrifugal Pump REV1.1 (3).pdf,57,drawing_material_list,medium,runner explicit pump/material pages,,,
test13_centrifugal_pump,Test/Test 13/M-212-M0000011-Centrifugal Pump REV1.1 (3).pdf,58,drawing_material_list,medium,runner explicit pump/material pages,,,
test13_centrifugal_pump,Test/Test 13/M-212-M0000011-Centrifugal Pump REV1.1 (3).pdf,59,drawing_material_list,medium,runner explicit pump/material pages,,,
test13_centrifugal_pump,Test/Test 13/M-212-M0000011-Centrifugal Pump REV1.1 (3).pdf,60,drawing_material_list,medium,runner explicit pump/material pages,,,
test13_centrifugal_pump,Test/Test 13/M-212-M0000011-Centrifugal Pump REV1.1 (3).pdf,61,drawing_material_list,medium,runner explicit pump/material pages,,,
test13_centrifugal_pump,Test/Test 13/M-212-M0000011-Centrifugal Pump REV1.1 (3).pdf,62,drawing_material_list,medium,runner explicit pump/material pages,,,
test13_centrifugal_pump,Test/Test 13/M-212-M0000011-Centrifugal Pump REV1.1 (3).pdf,63,drawing_material_list,medium,runner explicit pump/material pages,,,
test13_centrifugal_pump,Test/Test 13/M-212-M0000011-Centrifugal Pump REV1.1 (3).pdf,64,drawing_material_list,medium,runner explicit pump/material pages,,,
test13_centrifugal_pump,Test/Test 13/M-212-M0000011-Centrifugal Pump REV1.1 (3).pdf,65,drawing_material_list,medium,runner explicit pump/material pages,,,
test13_centrifugal_pump,Test/Test 13/M-212-M0000011-Centrifugal Pump REV1.1 (3).pdf,66,drawing_material_list,medium,runner explicit pump/material pages,,,
test13_centrifugal_pump,Test/Test 13/M-212-M0000011-Centrifugal Pump REV1.1 (3).pdf,67,drawing_material_list,medium,runner explicit pump/material pages,,,
test13_centrifugal_pump,Test/Test 13/M-212-M0000011-Centrifugal Pump REV1.1 (3).pdf,68,drawing_material_list,medium,runner explicit pump/material pages,,,
test13_centrifugal_pump,Test/Test 13/M-212-M0000011-Centrifugal Pump REV1.1 (3).pdf,69,drawing_material_list,medium,runner explicit pump/material pages,,,
test13_centrifugal_pump,Test/Test 13/M-212-M0000011-Centrifugal Pump REV1.1 (3).pdf,70,drawing_material_list,medium,runner explicit pump/material pages,,,
test13_centrifugal_pump,Test/Test 13/M-212-M0000011-Centrifugal Pump REV1.1 (3).pdf,71,drawing_material_list,medium,runner explicit pump/material pages,,,
test13_centrifugal_pump,Test/Test 13/M-212-M0000011-Centrifugal Pump REV1.1 (3).pdf,72,drawing_material_list,medium,runner explicit pump/material pages,,,
test13_centrifugal_pump,Test/Test 13/M-212-M0000011-Centrifugal Pump REV1.1 (3).pdf,73,drawing_material_list,medium,runner explicit pump/material pages,,,
test13_centrifugal_pump,Test/Test 13/M-212-M0000011-Centrifugal Pump REV1.1 (3).pdf,74,drawing_material_list,medium,runner explicit pump/material pages,,,
test13_centrifugal_pump,Test/Test 13/M-212-M0000011-Centrifugal Pump REV1.1 (3).pdf,75,drawing_material_list,medium,runner explicit pump/material pages,,,
test13_centrifugal_pump,Test/Test 13/M-212-M0000011-Centrifugal Pump REV1.1 (3).pdf,76,drawing_material_list,medium,runner explicit pump/material pages,,,
test13_centrifugal_pump,Test/Test 13/M-212-M0000011-Centrifugal Pump REV1.1 (3).pdf,77,drawing_material_list,medium,runner explicit pump/material pages,,,
test13_centrifugal_pump,Test/Test 13/M-212-M0000011-Centrifugal Pump REV1.1 (3).pdf,78,drawing_material_list,medium,runner explicit pump/material pages,,,
test13_centrifugal_pump,Test/Test 13/M-212-M0000011-Centrifugal Pump REV1.1 (3).pdf,79,drawing_material_list,medium,runner explicit pump/material pages,,,
test13_centrifugal_pump,Test/Test 13/M-212-M0000011-Centrifugal Pump REV1.1 (3).pdf,80,drawing_material_list,medium,runner explicit pump/material pages,,,
test13_centrifugal_pump,Test/Test 13/M-212-M0000011-Centrifugal Pump REV1.1 (3).pdf,81,drawing_material_list,medium,runner explicit pump/material pages,,,
test13_centrifugal_pump,Test/Test 13/M-212-M0000011-Centrifugal Pump REV1.1 (3).pdf,82,drawing_material_list,medium,runner explicit pump/material pages,,,
test13_centrifugal_pump,Test/Test 13/M-212-M0000011-Centrifugal Pump REV1.1 (3).pdf,83,drawing_material_list,medium,image heuristic fallback,drawing_material_list,0.56,
test13_centrifugal_pump,Test/Test 13/M-212-M0000011-Centrifugal Pump REV1.1 (3).pdf,84,index_page,medium,image heuristic fallback,index_page,0.58,
test13_centrifugal_pump,Test/Test 13/M-212-M0000011-Centrifugal Pump REV1.1 (3).pdf,85,index_page,medium,image heuristic fallback,index_page,0.58,
test13_centrifugal_pump,Test/Test 13/M-212-M0000011-Centrifugal Pump REV1.1 (3).pdf,86,index_page,medium,image heuristic fallback,index_page,0.58,
test13_centrifugal_pump,Test/Test 13/M-212-M0000011-Centrifugal Pump REV1.1 (3).pdf,87,drawing_material_list,medium,image heuristic fallback,drawing_material_list,0.56,
test13_centrifugal_pump,Test/Test 13/M-212-M0000011-Centrifugal Pump REV1.1 (3).pdf,88,drawing_only,medium,image heuristic fallback,drawing_only,0.56,
test13_centrifugal_pump,Test/Test 13/M-212-M0000011-Centrifugal Pump REV1.1 (3).pdf,89,drawing_only,medium,image heuristic fallback,drawing_only,0.56,
test13_centrifugal_pump,Test/Test 13/M-212-M0000011-Centrifugal Pump REV1.1 (3).pdf,90,spare_parts_table,low,image heuristic fallback,spare_parts_table,0.48,
test13_centrifugal_pump,Test/Test 13/M-212-M0000011-Centrifugal Pump REV1.1 (3).pdf,91,index_page,medium,image heuristic fallback,index_page,0.58,
test13_centrifugal_pump,Test/Test 13/M-212-M0000011-Centrifugal Pump REV1.1 (3).pdf,92,drawing_material_list,medium,image heuristic fallback,drawing_material_list,0.56,
test13_centrifugal_pump,Test/Test 13/M-212-M0000011-Centrifugal Pump REV1.1 (3).pdf,93,index_page,medium,image heuristic fallback,index_page,0.58,
test13_centrifugal_pump,Test/Test 13/M-212-M0000011-Centrifugal Pump REV1.1 (3).pdf,94,drawing_only,medium,image heuristic fallback,drawing_only,0.56,
test13_centrifugal_pump,Test/Test 13/M-212-M0000011-Centrifugal Pump REV1.1 (3).pdf,95,index_page,medium,image heuristic fallback,index_page,0.58,
test13_centrifugal_pump,Test/Test 13/M-212-M0000011-Centrifugal Pump REV1.1 (3).pdf,96,drawing_only,medium,image heuristic fallback,drawing_only,0.56,
test13_centrifugal_pump,Test/Test 13/M-212-M0000011-Centrifugal Pump REV1.1 (3).pdf,97,index_page,medium,image heuristic fallback,index_page,0.58,
test13_centrifugal_pump,Test/Test 13/M-212-M0000011-Centrifugal Pump REV1.1 (3).pdf,98,spare_parts_table,low,image heuristic fallback,spare_parts_table,0.48,
test13_centrifugal_pump,Test/Test 13/M-212-M0000011-Centrifugal Pump REV1.1 (3).pdf,99,drawing_material_list,medium,image heuristic fallback,drawing_material_list,0.56,
test13_centrifugal_pump,Test/Test 13/M-212-M0000011-Centrifugal Pump REV1.1 (3).pdf,100,index_page,medium,image heuristic fallback,index_page,0.58,
test13_centrifugal_pump,Test/Test 13/M-212-M0000011-Centrifugal Pump REV1.1 (3).pdf,101,drawing_only,medium,image heuristic fallback,drawing_only,0.56,
test13_centrifugal_pump,Test/Test 13/M-212-M0000011-Centrifugal Pump REV1.1 (3).pdf,102,spare_parts_table,low,image heuristic fallback,spare_parts_table,0.48,
test13_centrifugal_pump,Test/Test 13/M-212-M0000011-Centrifugal Pump REV1.1 (3).pdf,103,drawing_only,medium,image heuristic fallback,drawing_only,0.56,
test13_centrifugal_pump,Test/Test 13/M-212-M0000011-Centrifugal Pump REV1.1 (3).pdf,104,spare_parts_table,low,image heuristic fallback,spare_parts_table,0.48,
test13_centrifugal_pump,Test/Test 13/M-212-M0000011-Centrifugal Pump REV1.1 (3).pdf,105,drawing_only,medium,image heuristic fallback,drawing_only,0.56,
test13_centrifugal_pump,Test/Test 13/M-212-M0000011-Centrifugal Pump REV1.1 (3).pdf,106,index_page,medium,image heuristic fallback,index_page,0.58,
test13_centrifugal_pump,Test/Test 13/M-212-M0000011-Centrifugal Pump REV1.1 (3).pdf,107,drawing_material_list,medium,image heuristic fallback,drawing_material_list,0.56,
test13_centrifugal_pump,Test/Test 13/M-212-M0000011-Centrifugal Pump REV1.1 (3).pdf,108,index_page,medium,image heuristic fallback,index_page,0.58,
test13_centrifugal_pump,Test/Test 13/M-212-M0000011-Centrifugal Pump REV1.1 (3).pdf,109,drawing_only,medium,image heuristic fallback,drawing_only,0.56,
test13_centrifugal_pump,Test/Test 13/M-212-M0000011-Centrifugal Pump REV1.1 (3).pdf,110,spare_parts_table,low,image heuristic fallback,spare_parts_table,0.48,
test13_centrifugal_pump,Test/Test 13/M-212-M0000011-Centrifugal Pump REV1.1 (3).pdf,111,drawing_only,medium,image heuristic fallback,drawing_only,0.56,
test13_centrifugal_pump,Test/Test 13/M-212-M0000011-Centrifugal Pump REV1.1 (3).pdf,112,index_page,medium,image heuristic fallback,index_page,0.58,
test13_centrifugal_pump,Test/Test 13/M-212-M0000011-Centrifugal Pump REV1.1 (3).pdf,113,drawing_material_list,medium,image heuristic fallback,drawing_material_list,0.56,
test13_centrifugal_pump,Test/Test 13/M-212-M0000011-Centrifugal Pump REV1.1 (3).pdf,114,index_page,medium,image heuristic fallback,index_page,0.58,
test13_centrifugal_pump,Test/Test 13/M-212-M0000011-Centrifugal Pump REV1.1 (3).pdf,115,drawing_only,medium,image heuristic fallback,drawing_only,0.56,
test13_centrifugal_pump,Test/Test 13/M-212-M0000011-Centrifugal Pump REV1.1 (3).pdf,116,spare_parts_table,low,image heuristic fallback,spare_parts_table,0.48,
test13_centrifugal_pump,Test/Test 13/M-212-M0000011-Centrifugal Pump REV1.1 (3).pdf,117,drawing_only,medium,image heuristic fallback,drawing_only,0.56,
test13_centrifugal_pump,Test/Test 13/M-212-M0000011-Centrifugal Pump REV1.1 (3).pdf,118,drawing_only,medium,image heuristic fallback,drawing_only,0.56,
test13_centrifugal_pump,Test/Test 13/M-212-M0000011-Centrifugal Pump REV1.1 (3).pdf,119,spare_parts_table,low,image heuristic fallback,spare_parts_table,0.48,
test13_centrifugal_pump,Test/Test 13/M-212-M0000011-Centrifugal Pump REV1.1 (3).pdf,120,spare_parts_table,low,image heuristic fallback,spare_parts_table,0.48,
test13_centrifugal_pump,Test/Test 13/M-212-M0000011-Centrifugal Pump REV1.1 (3).pdf,121,spare_parts_table,low,image heuristic fallback,spare_parts_table,0.48,
test13_centrifugal_pump,Test/Test 13/M-212-M0000011-Centrifugal Pump REV1.1 (3).pdf,122,index_page,medium,image heuristic fallback,index_page,0.58,
test13_centrifugal_pump,Test/Test 13/M-212-M0000011-Centrifugal Pump REV1.1 (3).pdf,123,index_page,medium,image heuristic fallback,index_page,0.58,
test13_centrifugal_pump,Test/Test 13/M-212-M0000011-Centrifugal Pump REV1.1 (3).pdf,124,index_page,medium,image heuristic fallback,index_page,0.58,
test13_centrifugal_pump,Test/Test 13/M-212-M0000011-Centrifugal Pump REV1.1 (3).pdf,125,index_page,medium,image heuristic fallback,index_page,0.58,
test13_centrifugal_pump,Test/Test 13/M-212-M0000011-Centrifugal Pump REV1.1 (3).pdf,126,index_page,medium,image heuristic fallback,index_page,0.58,
test13_centrifugal_pump,Test/Test 13/M-212-M0000011-Centrifugal Pump REV1.1 (3).pdf,127,index_page,medium,image heuristic fallback,index_page,0.58,
test13_centrifugal_pump,Test/Test 13/M-212-M0000011-Centrifugal Pump REV1.1 (3).pdf,128,index_page,medium,image heuristic fallback,index_page,0.58,
test13_centrifugal_pump,Test/Test 13/M-212-M0000011-Centrifugal Pump REV1.1 (3).pdf,129,index_page,medium,image heuristic fallback,index_page,0.58,
test13_centrifugal_pump,Test/Test 13/M-212-M0000011-Centrifugal Pump REV1.1 (3).pdf,130,drawing_material_list,medium,runner explicit page,,,
test13_centrifugal_pump,Test/Test 13/M-212-M0000011-Centrifugal Pump REV1.1 (3).pdf,131,drawing_only,medium,image heuristic fallback,drawing_only,0.56,
test13_centrifugal_pump,Test/Test 13/M-212-M0000011-Centrifugal Pump REV1.1 (3).pdf,132,spare_parts_table,low,image heuristic fallback,spare_parts_table,0.48,
test13_centrifugal_pump,Test/Test 13/M-212-M0000011-Centrifugal Pump REV1.1 (3).pdf,133,drawing_material_list,medium,image heuristic fallback,drawing_material_list,0.56,
test13_centrifugal_pump,Test/Test 13/M-212-M0000011-Centrifugal Pump REV1.1 (3).pdf,134,drawing_only,medium,image heuristic fallback,drawing_only,0.56,
test13_centrifugal_pump,Test/Test 13/M-212-M0000011-Centrifugal Pump REV1.1 (3).pdf,135,drawing_material_list,medium,image heuristic fallback,drawing_material_list,0.56,
test13_centrifugal_pump,Test/Test 13/M-212-M0000011-Centrifugal Pump REV1.1 (3).pdf,136,drawing_material_list,medium,image heuristic fallback,drawing_material_list,0.56,
test13_centrifugal_pump,Test/Test 13/M-212-M0000011-Centrifugal Pump REV1.1 (3).pdf,137,drawing_material_list,medium,image heuristic fallback,drawing_material_list,0.56,
test13_centrifugal_pump,Test/Test 13/M-212-M0000011-Centrifugal Pump REV1.1 (3).pdf,138,drawing_material_list,medium,image heuristic fallback,drawing_material_list,0.56,
test13_centrifugal_pump,Test/Test 13/M-212-M0000011-Centrifugal Pump REV1.1 (3).pdf,139,drawing_material_list,medium,image heuristic fallback,drawing_material_list,0.56,
test13_centrifugal_pump,Test/Test 13/M-212-M0000011-Centrifugal Pump REV1.1 (3).pdf,140,drawing_material_list,medium,image heuristic fallback,drawing_material_list,0.56,
test13_centrifugal_pump,Test/Test 13/M-212-M0000011-Centrifugal Pump REV1.1 (3).pdf,141,drawing_material_list,medium,image heuristic fallback,drawing_material_list,0.56,
test13_centrifugal_pump,Test/Test 13/M-212-M0000011-Centrifugal Pump REV1.1 (3).pdf,142,drawing_material_list,medium,image heuristic fallback,drawing_material_list,0.56,
test13_centrifugal_pump,Test/Test 13/M-212-M0000011-Centrifugal Pump REV1.1 (3).pdf,143,drawing_material_list,medium,image heuristic fallback,drawing_material_list,0.56,
test13_centrifugal_pump,Test/Test 13/M-212-M0000011-Centrifugal Pump REV1.1 (3).pdf,144,drawing_material_list,medium,image heuristic fallback,drawing_material_list,0.56,
test13_centrifugal_pump,Test/Test 13/M-212-M0000011-Centrifugal Pump REV1.1 (3).pdf,145,drawing_material_list,medium,image heuristic fallback,drawing_material_list,0.56,
test13_centrifugal_pump,Test/Test 13/M-212-M0000011-Centrifugal Pump REV1.1 (3).pdf,146,drawing_material_list,medium,image heuristic fallback,drawing_material_list,0.56,
test13_centrifugal_pump,Test/Test 13/M-212-M0000011-Centrifugal Pump REV1.1 (3).pdf,147,drawing_material_list,medium,image heuristic fallback,drawing_material_list,0.56,
test13_centrifugal_pump,Test/Test 13/M-212-M0000011-Centrifugal Pump REV1.1 (3).pdf,148,drawing_material_list,medium,image heuristic fallback,drawing_material_list,0.56,
test13_centrifugal_pump,Test/Test 13/M-212-M0000011-Centrifugal Pump REV1.1 (3).pdf,149,drawing_material_list,medium,image heuristic fallback,drawing_material_list,0.56,
test13_centrifugal_pump,Test/Test 13/M-212-M0000011-Centrifugal Pump REV1.1 (3).pdf,150,drawing_material_list,medium,image heuristic fallback,drawing_material_list,0.56,
test13_centrifugal_pump,Test/Test 13/M-212-M0000011-Centrifugal Pump REV1.1 (3).pdf,151,drawing_material_list,medium,image heuristic fallback,drawing_material_list,0.56,
test13_centrifugal_pump,Test/Test 13/M-212-M0000011-Centrifugal Pump REV1.1 (3).pdf,152,drawing_only,low,image heuristic fallback,drawing_only,0.5,
test14_obp_spare_full_list,Test/Test 14/13k obp spare - full list rev 4 (2) (1) (1).pdf,1,spare_parts_table,low,image heuristic fallback,spare_parts_table,0.48,PIL 13K TEU NEW BUILDS HUDONG ZHONGHUA SHIPYARD H1933A / H1934A / H1935A / H1936A / H1937A OBP SPARE LIST – REV 4 
test14_obp_spare_full_list,Test/Test 14/13k obp spare - full list rev 4 (2) (1) (1).pdf,2,index_page,medium,image heuristic fallback,index_page,0.58,CONTENT PAGE 1. HATCH COVER – CSSC HUAHAI 2. MOORING WINCH AND WINDLASS – WMMP 3. E/R CRANE & PROVSION CRANE – KAIRONG 4. LIFEBOAT & RESCUE BOAT – JIANGSU BEIHAI 5. BOW THRUSTER – NAKASHIMA 6. ICCP & MGPS – KC LTD 7. FANS – HENYUAN MARINE EQUIPMENT 8. ELEVATOR – GSIE 9. GALLEY & LAUNDRY EQUIPMENT – AKER GL 10. DF MAIN ENGINE – CMD 11. MAIN ENGINE TURBOCHARGER – MHI 12. DF AUXILLIARY ENGINE GENERATOR – WARTSILA CWEC 13. DF AUXILLIARY ENGINE GENERATOR TURBOCHARGER – ABB 14. EMERGENCY GENERATOR  - 
test14_obp_spare_full_list,Test/Test 14/13k obp spare - full list rev 4 (2) (1) (1).pdf,3,index_page,medium,image heuristic fallback,index_page,0.58,21. CO2 FIRE FIGHTING – LINGJACK 22. DRY CHEMICAL POWDER SYSTEM – LINGJACK 23. OILY WATER SEPARATOR – HEISHIN 24. DF BOILER + EXHAUST GAS BOILER – KANGRIM 25. ANTI – HEELING SYSTEM – TANKTECH 26. LEVEL GAUGING SYSTEM – HANLA IMS 27. VALVES REMOTE CONTROL SYSTEM – HANLA IMS 28. INCINERATOR – TEAMTEC 29. FRESH WATER GENERATOR – ALFA LAVAL 30. ME & AE FO SUPPLY UNIT – AURAMARINE 31. FUEL AND LUB OIL COUNTER (FLOW METER) – E+H 32. LOCAL WATER MIST SYSTEM – JCI SEAPLUS 33. AUTOBACKFLUSHING FILTER – K
test14_obp_spare_full_list,Test/Test 14/13k obp spare - full list rev 4 (2) (1) (1).pdf,4,spare_parts_table,low,image heuristic fallback,spare_parts_table,0.48,42. CCTV – DONGXIN 43. BOG COMPRESSOR – DONGHWA PNEUTEC 44. LNG FUEL SUPPLY PUMP – CRYOSTAR 45. LNG TANK LEVEL RADAR & TEMPERATURE MONITORING SYSTEM – EMERSON 46. NITROGEN GENERATOR SYSTEM – AIR PRODUCTS 47. FGSS HYDRAULIC VALVE REMOTE CONTROL SYSTEM – HANLA IMS 48. LNG TANK INSULATION – TI 49. PAINT – JOTUN 50. CARGO FIXED FITTING & LASHING – SEC 
test14_obp_spare_full_list,Test/Test 14/13k obp spare - full list rev 4 (2) (1) (1).pdf,5,drawing_only,low,image heuristic fallback,drawing_only,0.5,1. HATCH COVER – CSSC HUAHAI (OBP SPARE) 
test14_obp_spare_full_list,Test/Test 14/13k obp spare - full list rev 4 (2) (1) (1).pdf,6,spare_parts_table,low,image heuristic fallback,spare_parts_table,0.48,
test14_obp_spare_full_list,Test/Test 14/13k obp spare - full list rev 4 (2) (1) (1).pdf,7,spare_parts_table,low,image heuristic fallback,spare_parts_table,0.48,2. MOORING WINCH AND WINDLASS – WMMP (OBP SPARE) 
test14_obp_spare_full_list,Test/Test 14/13k obp spare - full list rev 4 (2) (1) (1).pdf,8,index_page,medium,image heuristic fallback,index_page,0.58,序号serial number 代号code 名称name 数量quantity 1 CL2-523C 指示灯 indicator light 1 2 CL2-523R 指示灯 indicator light 1 3 CL2-523G 指示灯 indicator light 1 4 MP1-30G 按钮头 Button head 1 5 MP1-30R 按钮头 Button head 1 6 M2SS2-30B 选择开关头部 Selector switch head 1 1 1套 2 2件 3 20件 1 o-ring 67296 1 2 o-ring 67827 7 3 o-ring 67950 4 4 o-ring 68082 1 5 o-ring 85347 1 6 o-ring 21290-2016B 301 1 7 o-ring 21290-2016B 304 1 8 o-ring Y439400B 4 1 9 o-ring Y439400B 7 1 10 o-ring Y235562C 162 1 11 o-ring Y235562C 265 1 12 o-ring Y23
test14_obp_spare_full_list,Test/Test 14/13k obp spare - full list rev 4 (2) (1) (1).pdf,9,spare_parts_table,low,image heuristic fallback,spare_parts_table,0.48,40 o-ring P774 1 41 o-ring P792 1 42 o-ring P703 1 43 o-ring P704 1 44 o-ring P705 1 45 o-ring R707 1 46 o-ring 02380-9068 17-3 1 47 o-ring 02380-9068 17-5 1 48 o-ring 02380-9068 17-6 1 49 o-ring 02380-9068 17-8 1 50 o-ring 20 1 51 o-ring 21 2 52 o-ring 17 1 53 o-ring Y40326798 126A 1 54 o-ring Y40326798 126B 1 55 o-ring Y40326798 125 1 56 o-ring Y40322323 1 57 o-ring Y40322323 1 58 o-ring PTCZ102-1MV 1 59 o-ring 67825 1 
test14_obp_spare_full_list,Test/Test 14/13k obp spare - full list rev 4 (2) (1) (1).pdf,10,drawing_only,low,image heuristic fallback,drawing_only,0.5,3. E/R CRANE & PROVSION CRANE – KAIRONG (OBP SPARE) 
test14_obp_spare_full_list,Test/Test 14/13k obp spare - full list rev 4 (2) (1) (1).pdf,11,spare_parts_table,medium,spare/list keyword,spare_parts_table,0.48,"15T*7.965M E/R Crane Spare Parts List as OB item specification QTY/shipset 轴承  Bearing 6211  2 电缆滑车  Pulley HC041 2 销式油嘴 Pin type grease nipple A-PT1/8 2 熔芯  Fuse Core R054(500V,4A) 4 接触器 Contactor LC1-D12B7C 1 接触器 Contactor LC1-D09B7C 1 热继电器 Relay LRD-08C（2.5-4A） 1 热继电器 Relay LRD-10C（4-6A） 1 "
test14_obp_spare_full_list,Test/Test 14/13k obp spare - full list rev 4 (2) (1) (1).pdf,12,spare_parts_table,medium,spare/list keyword,spare_parts_table,0.48,"4T Provision Crane Spare Parts List as OB item specification QTY/shipset 油嘴 Grease Nipple A-PT1/8 5 断路器 Breaker GV2-PM16C 1 熔芯  Fuse Core R054(500V,4A) 2 指示灯 Lamp AD16-22D/Y31S 1 指示灯 Lamp AD16-22D/W23S 1 "
test14_obp_spare_full_list,Test/Test 14/13k obp spare - full list rev 4 (2) (1) (1).pdf,13,drawing_only,low,image heuristic fallback,drawing_only,0.5,4. LIFEBOAT & RESCUE BOAT – JIANGSU BEIHAI (OBP SPARE) 
test14_obp_spare_full_list,Test/Test 14/13k obp spare - full list rev 4 (2) (1) (1).pdf,14,spare_parts_table,low,image heuristic fallback,spare_parts_table,0.48,S/N Equipment Spare Qty Per Ship Remarks 1 Hook Release Cable (Each type) 1 SET 2 Engine Starter Motor 1 SET 3 Canopy Light 1 PC LifeBoat PIL 13K TEU Hudong Shipyard New Builds (H1933A-H1937A) -  Life Boat & Rescue Boat - OBP Spare List 
test14_obp_spare_full_list,Test/Test 14/13k obp spare - full list rev 4 (2) (1) (1).pdf,15,spare_parts_table,low,image heuristic fallback,spare_parts_table,0.48,5. BOW THRUSTER – NAKASHIMA (OBP SPARE) – TO BE DELIVERED ON H1933A ONLY 
test14_obp_spare_full_list,Test/Test 14/13k obp spare - full list rev 4 (2) (1) (1).pdf,16,spare_parts_table,medium,spare/list keyword,spare_parts_table,0.48,"（　5　SHEETS WITH COVER ) DWGNO. This drawing or document is the property of Nakashima Propeller Co., Ltd. and must not partially or wholly be copied, disclosed or transferred to any third party in any manner without prior written consent of Nakashima Propeller Co., Ltd.. DRAWN TRACED DATE 31st. Jul. ,  2025 APPROVED CHECKED NAKASHIMA PROPELLER CO. , LTD. PROPULISION SYSTEM DESIGN DEPT. SPECIAL SPARE PARTS LIST for SHIP OWNER BOW THRUSTER NT-C120 SNO. H1933A/H1934A/H1935A/H1936A/ H1937A CLASS LR O"
test14_obp_spare_full_list,Test/Test 14/13k obp spare - full list rev 4 (2) (1) (1).pdf,17,spare_parts_table,medium,spare/list keyword,index_page,0.58,"WORK -ING SPA -RE NO. 1 SPECIAL RUBBER 4 1 YP0000 -*** 2 NITRIL RUBBER 1 1 do VR160A 3 NITRIL RUBBER 2 2 do AC4712E0 4 NITRIL RUBBER 1 1 do G145 5 NITRIL RUBBER 1 1 do P385 6 NITRIL RUBBER 1 1 do G360 7 NITRIL RUBBER 24 6 do G58 8 SHEET PACKING 1 1 do 9 STAINLESS STEEL 1 1 do 30m 10 STAINLESS STEEL 1 1 do 3m LOCKING WIRE ロッキングワイヤ 136 MFR'S NAME & ADDRESS NAKASHIMA PROPELLER CO. ,LTD. 688-1,JOTO-KITAGATA ,HIGASHI-KU ,OKAYAMA ，709-0625,JAPAN PACKING パッキン 99 O - RING O - リング 91 LOCKING WIRE ロッキングワイ"
test14_obp_spare_full_list,Test/Test 14/13k obp spare - full list rev 4 (2) (1) (1).pdf,18,spare_parts_table,medium,spare/list keyword,index_page,0.58,WORK -ING SPA -RE NO. 11 SPECIAL RUBBER 1 1 YP0000 -*** 12 STAINLESS STEEL/ NITRIL RUBBER 1 1 do t=1 13 SHEET PACKING 1 1 do t=1 14 STAINLESS STEEL/ NITRIL RUBBER 12 12 do M16用 15 STAINLESS STEEL/ NITRIL RUBBER 12 12 do M20用 NT-C120 SPARE PAGE 2 ／ 3 SPECIAL SPARE PARTS LIST BOX NO. SHIP NO. H1933A/34A/   35A/36A/37A REMARKS NO. NAME DRAWING PART NO. SKETCH MATE- RIAL SUPPLY PER SHIP PACKING パッキン 11 -23 O - RING O - リング 201 SEAL WASHER シールワッシャ 11 -28 PACKING パッキン 11 -25 SEAL WASHER シールワッシャ 11 -29
test14_obp_spare_full_list,Test/Test 14/13k obp spare - full list rev 4 (2) (1) (1).pdf,19,spare_parts_table,medium,spare/list keyword,spare_parts_table,0.48,"WORK -ING SPA -RE NO. 1 FIBER FLEX 2 2 YP6000 -*** COUPLING 1150T10 2 NITRIL RUBBER 2 2 do COUPLING 1150T10 MFR'S NAME & ADDRESS NAKASHIMA PROPELLER CO. ,LTD. 688-1,JOTO-KITAGATA ,HIGASHI-KU ,OKAYAMA ，709-0625,JAPAN GASKET ガスケット 605 SEAL RING シールリング 606 SPECIAL SPARE PARTS LIST BOX NO. PART NO. REMARKS NO. NAME SKETCH MATE- RIAL SUPPLY PER SHIP DRAWING NT-C120 SHIP NO. SPARE PAGE 3 ／ 3 H1933A/34A/   35A/36A/37A 272 92 φ269 "
test14_obp_spare_full_list,Test/Test 14/13k obp spare - full list rev 4 (2) (1) (1).pdf,20,drawing_only,low,image heuristic fallback,drawing_only,0.5,6. ICCP & MGPS – KC LTD (STANDARD + OBP SPARE) 
test14_obp_spare_full_list,Test/Test 14/13k obp spare - full list rev 4 (2) (1) (1).pdf,21,spare_parts_table,low,image heuristic fallback,spare_parts_table,0.48,System Name Type Quantity of Standard Spares Quantity of OBP Spares AFT Anode Fuse 200A 1 PC 5 PCS FWD Anode Fuse 100A 1 PC 5 PCS M.G.P.S Main Fuse 4A 1 PC 5 PCS PIL 13K TEU Hudong Shipyard New Builds (H1933A-H1937A) -  ICCP & MGPS - Spare List I.C.C.P System 
test14_obp_spare_full_list,Test/Test 14/13k obp spare - full list rev 4 (2) (1) (1).pdf,22,drawing_only,low,image heuristic fallback,drawing_only,0.5,7. FANS – HENYUAN MARINE EQUIPMENT (OBP SPARE) 
test14_obp_spare_full_list,Test/Test 14/13k obp spare - full list rev 4 (2) (1) (1).pdf,23,index_page,medium,image heuristic fallback,index_page,0.58,"沪东船厂 PIL 13000TEU  1933A~1937A 风机OB备件清单 PIL 13K TEU Hudong Shipyard  (H1933A-H1937A) - Cargo Hold Fans, Accommodation Fans & E/R Fans - OB Spare List 序号 Item 备件名称 Description 备件型号 Spare part model 数量 Qty. 单位 unit 备注 Remark 1  轴承 Bearings 6206-ZZ 6  个/船 pcs/ship 货仓 Cargo Hold Fans 2  轴承 Bearings 6306-ZZ 2  个/船 pcs/ship 货仓 Cargo Hold Fans 3  轴承 Bearings 6309-ZZ 22  个/船 pcs/ship 货仓 Cargo Hold Fans 4  轴承 Bearings 6311  112  个/船 pcs/ship 货仓 Cargo Hold Fans 5  轴承 Bearings 6204-ZZ 3  个/船 pcs/ship 机舱 E/"
test14_obp_spare_full_list,Test/Test 14/13k obp spare - full list rev 4 (2) (1) (1).pdf,24,drawing_only,low,image heuristic fallback,drawing_only,0.5,8. ELEVATOR – GSIE (OBP SPARE) 
test14_obp_spare_full_list,Test/Test 14/13k obp spare - full list rev 4 (2) (1) (1).pdf,25,spare_parts_table,medium,spare/list keyword,index_page,0.58,船用电梯技术规格书SPECIFICATION FOR MARINE ELEVATOR 备品备件清单 APARE PARTS LIST 序号No. 型号Type 数量Qty 按钮  BUTTON 显示板  DISPLAY BOARD 轿厢导靴靴衬 LININGS FOR GUIDE SHOUE(CAR) 对重导靴靴衬  LININGS FOR GUIDE SHOUE(CWT) 门滑块  DOOR SHOE LEVELING SWITCH DOOR CONTACT KDY2 CONTACTOR LZK  CONTACTOR KFX  CONTACTOR RELAY TRAVEL SWITCH EMERGENCY STOP SWITCH OPTION SWITCH 限位开关 LIMIT SWITCH 层门钥匙 LANDING DOOR KEY 工具箱 TOOL CABINET DX20 DX20 2L1A050062 T4VH 336-11z-M20-1058 三角钥匙 LC1D-258F7C AC110V RXM2LB2BD DC24V 236-ZR11 XB2-BS542C BLA-KH
test14_obp_spare_full_list,Test/Test 14/13k obp spare - full list rev 4 (2) (1) (1).pdf,26,drawing_only,low,image heuristic fallback,drawing_only,0.5,9. GALLEY & LAUNDRY EQUIPMENT – AKER GL (OBP SPARE) 
test14_obp_spare_full_list,Test/Test 14/13k obp spare - full list rev 4 (2) (1) (1).pdf,27,spare_parts_table,medium,spare/list keyword,index_page,0.58,               AKER MARINE & OFFSHORE (UK) LIMITED  Project No.: Vessel Type: 13K TEU                       Equipment: Galley & Laundry Equipment Hull No.: H1933A-H1937A Consignee: Hudong Zhonghua Shipyard Offer No.:   Address:  Spare Parts List Item Equipment Spare Parts      Specification Quantity 1 电灶+烤箱备件         SPARES FOR  Range+oven ACRZ- 30 断路器  Breaker DZ47s  C 3P-63A 2 绿指示灯 Indicator Light White AD16-22 2 指示灯白 Indicator Light White AD16-22 2 断路器  Breaker DZ47s   C 3P-10A 2 烤箱加热管 Oven H
test14_obp_spare_full_list,Test/Test 14/13k obp spare - full list rev 4 (2) (1) (1).pdf,28,drawing_only,low,image heuristic fallback,drawing_only,0.5,10. DF MAIN ENGINE – CMD (OBP SPARE) 
test14_obp_spare_full_list,Test/Test 14/13k obp spare - full list rev 4 (2) (1) (1).pdf,29,spare_parts_table,low,image heuristic fallback,spare_parts_table,0.48,11. MAIN ENGINE TURBOCHARGER – MHI (OBP SPARE) NOTE: ONLY TURBOCHARGER ROTOR COMPLETE IS DELIVERED TO PIL WAREHOUSE 
test14_obp_spare_full_list,Test/Test 14/13k obp spare - full list rev 4 (2) (1) (1).pdf,30,spare_parts_table,low,image heuristic fallback,spare_parts_table,0.48,S/N DESCRIPTION QTY / SHIPSET REMARKS 1 Turbocharger rotor complete 1 (per series of vessel) 2 Bearings (journal bearings and thrust bearings) 1 3 ITEM 362: O-RING 1 Overhaul Kit C1 4 ITEM 373: O-RING 1 Overhaul Kit C1 5 ITEM 449: O-RING 1 Overhaul Kit C1 6 ITEM 472: O-RING 1 Overhaul Kit C1 7 ITEM 225: BOLT 1 Overhaul Kit C1 8 ITEM 226: DOUBLE TOUNGED WASHER 1 Overhaul Kit C1 9 ITEM 351: SPRING WASHER 1 Overhaul Kit C1 10 ITEM 354: O-RING 1 Overhaul Kit C1 11 ITEM 831: PACKING 1 Overhaul Kit C1
test14_obp_spare_full_list,Test/Test 14/13k obp spare - full list rev 4 (2) (1) (1).pdf,31,drawing_only,low,image heuristic fallback,drawing_only,0.5,12. DF AUXILLIARY ENGINE GENERATOR – WARTSILA CWEC (OBP SPARE) 
test14_obp_spare_full_list,Test/Test 14/13k obp spare - full list rev 4 (2) (1) (1).pdf,32,spare_parts_table,low,image heuristic fallback,spare_parts_table,0.48,"S/N DESCRIPTION QTY / SHIPSET 1  Cylinder head complete include inlet/outlet valve 9 2  Cylinder liner 9 3  Piston 9 4 Piston pin complete 9 5 Retaining pin for piston 18 6 Piston ring set 9 7 Connecting rod, lower part 9 8 Connecting rod, upper part 9 9 Big end bearing Kit 9 10 Shim plate for Con-rod 9 11 Main bearing kit 9 12 Gas admission valve 9 13 Fuel injection pump 9 14 Plunger assembly for fuel injection pump 9 15 Fuel injection valve 9 16 Nozzle 9 PIL 13K TEU Hudong Shipyard New Builds "
test14_obp_spare_full_list,Test/Test 14/13k obp spare - full list rev 4 (2) (1) (1).pdf,33,spare_parts_table,low,image heuristic fallback,spare_parts_table,0.48,13. DF AUXILLIARY ENGINE GENERATOR TURBOCHARGER – ABB (OBP SPARE) – DELIVERED TO PIL WAREHOUSE 
test14_obp_spare_full_list,Test/Test 14/13k obp spare - full list rev 4 (2) (1) (1).pdf,34,spare_parts_table,low,image heuristic fallback,spare_parts_table,0.48,S/N DESCRIPTION QTY / SHIPSET 1 Complete AE TC A150-M 1 PIL 13K TEU Hudong Shipyard New Builds (H1933A-H1937A) - Auxilliary Engine Turbocharger - OBP Spares PER SERIES 
test14_obp_spare_full_list,Test/Test 14/13k obp spare - full list rev 4 (2) (1) (1).pdf,35,drawing_only,low,image heuristic fallback,drawing_only,0.5,14. EMERGENCY GENERATOR  - CMXD (OBP SPARE) 
test14_obp_spare_full_list,Test/Test 14/13k obp spare - full list rev 4 (2) (1) (1).pdf,36,spare_parts_table,low,image heuristic fallback,spare_parts_table,0.48,
test14_obp_spare_full_list,Test/Test 14/13k obp spare - full list rev 4 (2) (1) (1).pdf,37,drawing_only,low,image heuristic fallback,drawing_only,0.5,15. PLATE COOLER – LHE (OBP SPARE) 
test14_obp_spare_full_list,Test/Test 14/13k obp spare - full list rev 4 (2) (1) (1).pdf,38,spare_parts_table,medium,spare/list keyword,spare_parts_table,0.48,"WORKING SPARE SPARE PART LIST   HULL NO. PLATE HEAT EXCHANGER NO. NAME SKETCH MATERIAL SUPPLY/SHIP REMARK   620 2 GASKET (SH232) 1416 NBR 84   465 1 GASKET (HT316) 1607 NBR 92 387 4 GASKET (SH103) 1757 NBR 8   310 3 GASKET (XT201D) 1017 NBR 10 MANUFACTURER'S NAME & ADDRESS #1089 JANGBANG-RI, HALLIM-MYUN, GIMHAE-SI, GYUNGNAM, KOREA TEL  : +82-55-340-0626, FAX :  +82-55-340-0629 H1933A~H1934A "
test14_obp_spare_full_list,Test/Test 14/13k obp spare - full list rev 4 (2) (1) (1).pdf,39,drawing_only,low,image heuristic fallback,drawing_only,0.5,16. AIR COMPRESSORS – JP SAUER (OBP SPARE) 
test14_obp_spare_full_list,Test/Test 14/13k obp spare - full list rev 4 (2) (1) (1).pdf,40,drawing_only,low,image heuristic fallback,drawing_only,0.5,17. PUMPS – NANIWA (STANDARD + OBP SPARE) 
test14_obp_spare_full_list,Test/Test 14/13k obp spare - full list rev 4 (2) (1) (1).pdf,41,index_page,medium,image heuristic fallback,index_page,0.58,
test14_obp_spare_full_list,Test/Test 14/13k obp spare - full list rev 4 (2) (1) (1).pdf,42,index_page,medium,image heuristic fallback,index_page,0.58,
test14_obp_spare_full_list,Test/Test 14/13k obp spare - full list rev 4 (2) (1) (1).pdf,43,drawing_only,low,image heuristic fallback,drawing_only,0.5,18. STEERING GEAR – YOOWOON (STANDARD + OBP SPARE) - PENDING STANDARD ELECTRICAL  SPARES 
test14_obp_spare_full_list,Test/Test 14/13k obp spare - full list rev 4 (2) (1) (1).pdf,44,drawing_only,low,drawing keyword,spare_parts_table,0.48, SERIAL No.:  DRAWING No.                               YS-RDT1933-MS000-0 REV. NO. YOOWON INDUSTRIES LTD.       DATE 15. NOV.2024 ISSUED STANDARD + ADDITIONAL                                        12 sheets with cover  APPROVED            H.D.H YDFT-760-3 ELEC. HYDR. STEERING GEAR LIST OF SPARE AND TOOL  CHECKED              K.D.H  DRAWN                  L.J.H CLASS  SCALE 
test14_obp_spare_full_list,Test/Test 14/13k obp spare - full list rev 4 (2) (1) (1).pdf,45,index_page,medium,image heuristic fallback,index_page,0.58,
test14_obp_spare_full_list,Test/Test 14/13k obp spare - full list rev 4 (2) (1) (1).pdf,46,index_page,medium,image heuristic fallback,index_page,0.58,
test14_obp_spare_full_list,Test/Test 14/13k obp spare - full list rev 4 (2) (1) (1).pdf,47,index_page,medium,image heuristic fallback,index_page,0.58,
test14_obp_spare_full_list,Test/Test 14/13k obp spare - full list rev 4 (2) (1) (1).pdf,48,index_page,medium,image heuristic fallback,index_page,0.58,
test14_obp_spare_full_list,Test/Test 14/13k obp spare - full list rev 4 (2) (1) (1).pdf,49,drawing_material_list,medium,image heuristic fallback,drawing_material_list,0.56,
test14_obp_spare_full_list,Test/Test 14/13k obp spare - full list rev 4 (2) (1) (1).pdf,50,index_page,medium,image heuristic fallback,index_page,0.58,
test14_obp_spare_full_list,Test/Test 14/13k obp spare - full list rev 4 (2) (1) (1).pdf,51,index_page,medium,image heuristic fallback,index_page,0.58,
test14_obp_spare_full_list,Test/Test 14/13k obp spare - full list rev 4 (2) (1) (1).pdf,52,index_page,medium,image heuristic fallback,index_page,0.58,
test14_obp_spare_full_list,Test/Test 14/13k obp spare - full list rev 4 (2) (1) (1).pdf,53,index_page,medium,image heuristic fallback,index_page,0.58,
test14_obp_spare_full_list,Test/Test 14/13k obp spare - full list rev 4 (2) (1) (1).pdf,54,drawing_only,medium,image heuristic fallback,drawing_only,0.56,
test14_obp_spare_full_list,Test/Test 14/13k obp spare - full list rev 4 (2) (1) (1).pdf,55,drawing_material_list,medium,image heuristic fallback,drawing_material_list,0.56,
test14_obp_spare_full_list,Test/Test 14/13k obp spare - full list rev 4 (2) (1) (1).pdf,56,drawing_only,low,image heuristic fallback,drawing_only,0.5,19. PURIFIERS – MKK (OBP SPARE) 
test14_obp_spare_full_list,Test/Test 14/13k obp spare - full list rev 4 (2) (1) (1).pdf,57,spare_parts_table,medium,spare/list keyword,index_page,0.58,SPARE PARTS LIST for 1 (One) YEARS NORMAL OPERATION Model : SJ110HH　　　(For HFO purifiers) For 1 year Supply Qt'y 102 O ring 1 455871002 2 107 O ring 1 463751002 2 111 disc (1) 1 set 184616102 1 114 O ring 1 A30130B 2 116 O ring 1 465269001 2 117 O ring 1 465275001 2 118 main seal ring 1 463754001 1 126 O ring 4 A11205F 16 127 O ring 4 A42019F 16 129 O ring 2 A42019F 8 130 valve sheet 2 436385001 4 131 O ring 2 A41014F 8 133 packing 1 455888001 2 220 O ring 1 A10048A 1 227 O ring 2 A10048A 4 303 
test14_obp_spare_full_list,Test/Test 14/13k obp spare - full list rev 4 (2) (1) (1).pdf,58,spare_parts_table,medium,spare/list keyword,index_page,0.58,SPARE PARTS LIST for 1 (One) YEARS NORMAL OPERATION Model : SJ60HH　　　(For M/E LO purifiers) For 1 year Supply Qt'y 102 O ring 1 465265001 2 107 O ring 1 463638002 2 111 disc (1) 1 set 254184102 1 114 O ring 1 A30100B 2 116 O ring 1 465268001 2 117 O ring 1 465273001 2 118 main seal ring 1 463641001 1 126 O ring 4 A10011F 16 127 O ring 4 A42017F 16 129 O ring 2 A42017F 8 130 valve sheet 2 436000001 4 131 O ring 2 A41013F 8 133 packing 1 455808001 2 220 O ring 1 A10032A 1 227 O ring 2 A10034A 4 30
test14_obp_spare_full_list,Test/Test 14/13k obp spare - full list rev 4 (2) (1) (1).pdf,59,spare_parts_table,medium,spare/list keyword,index_page,0.58,SPARE PARTS LIST for 1 (One) YEARS NORMAL OPERATION Model : SJ25HH　　　(For AUX LO purifiers) For 1 year Supply Qt'y 102 O ring 1 465264001 2 107 O ring 1 463596002 2 111 disc (1) 1 set 254180102 1 114 O ring 1 A30070B 2 116 O ring 1 465267001 2 117 O ring 1 465271001 2 118 main seal ring 1 463598001 1 126 O ring 4 A10011F 16 127 O ring 4 A42017F 16 129 O ring 2 A42017F 8 130 valve sheet 2 436000001 4 131 O ring 2 A41013F 8 133 packing 1 455812001 2 220 O ring 1 A10032A 1 227 O ring 2 A10028A 4 30
test14_obp_spare_full_list,Test/Test 14/13k obp spare - full list rev 4 (2) (1) (1).pdf,60,spare_parts_table,low,image heuristic fallback,spare_parts_table,0.48,20. SEWAGE TREATMENT PLANT – NANJING LUZHOU (OBP SPARE) 
test14_obp_spare_full_list,Test/Test 14/13k obp spare - full list rev 4 (2) (1) (1).pdf,61,index_page,medium,image heuristic fallback,index_page,0.58,
test14_obp_spare_full_list,Test/Test 14/13k obp spare - full list rev 4 (2) (1) (1).pdf,62,spare_parts_table,low,image heuristic fallback,spare_parts_table,0.48,
test14_obp_spare_full_list,Test/Test 14/13k obp spare - full list rev 4 (2) (1) (1).pdf,63,drawing_only,low,image heuristic fallback,drawing_only,0.5,21. CO2 FIRE FIGHTING – LINGJACK (OBP SPARE) 
test14_obp_spare_full_list,Test/Test 14/13k obp spare - full list rev 4 (2) (1) (1).pdf,64,index_page,medium,image heuristic fallback,index_page,0.58,
test14_obp_spare_full_list,Test/Test 14/13k obp spare - full list rev 4 (2) (1) (1).pdf,65,drawing_only,low,image heuristic fallback,drawing_only,0.5,22. DRY CHEMICAL POWDER SYSTEM – LINGJACK (OBP SPARE) 
test14_obp_spare_full_list,Test/Test 14/13k obp spare - full list rev 4 (2) (1) (1).pdf,66,spare_parts_table,medium,spare/list keyword,index_page,0.58,"GOOD QUALITY ●GREAT SERVICE WWW.LINGJACK.COM 林杰技术发展（新加坡）有限公司 Lingjack Technology Development Pte Ltd 上海办：上海市浦东新区康杉路151 弄康馨花园28 号 电话：(86 21) 20960301 邮箱：info@ljsafe.com Headquarter: No. 1 Woodlands Terrace, Lingjack Industrial Building, Singapore 738471 Tel.: (65) 6759 4163 3 YEAR SPARE PARTS LIST FOR DRY CHEMICAL POWDER SYSTEM DRY CHEMICAL POWDER SYSTEM S/N Component name Description Unit Qty. 1 Torque wrench 扭力扳手 PCS 2 2 HIGH PRESSURE HOSE 释放软管 L=460mm,Ø13 PCS 1 3 SAFETY DISC OF 68L CYLINDER 68"
test14_obp_spare_full_list,Test/Test 14/13k obp spare - full list rev 4 (2) (1) (1).pdf,67,spare_parts_table,low,image heuristic fallback,spare_parts_table,0.48,23. OILY WATER SEPARATOR – HEISHIN (STANDARD + OBP SPARE) 
test14_obp_spare_full_list,Test/Test 14/13k obp spare - full list rev 4 (2) (1) (1).pdf,68,spare_parts_table,low,image heuristic fallback,spare_parts_table,0.48,
test14_obp_spare_full_list,Test/Test 14/13k obp spare - full list rev 4 (2) (1) (1).pdf,69,spare_parts_table,low,image heuristic fallback,spare_parts_table,0.48,
test14_obp_spare_full_list,Test/Test 14/13k obp spare - full list rev 4 (2) (1) (1).pdf,70,spare_parts_table,low,image heuristic fallback,spare_parts_table,0.48,24. DF BOILER + EXHAUST GAS BOILER – KANGRIM (STANDARD+ OBP SPARE) 
test14_obp_spare_full_list,Test/Test 14/13k obp spare - full list rev 4 (2) (1) (1).pdf,71,repair_kit,medium,kit/accessory/equipment keyword,index_page,0.58,"Owner : PIL Project : 13,000TEU CNTR Shipyard : HUDONG Hull no. : H1933A~1937A Product : Aux. Boiler STANDARD SPARE PART LIST Kangrim Changwon Factory (Head office) 76, Yeondeok-ro, Sungsan-gu, Changwon city, Korea Tel : +82-55-269-7700(ref), Home : www.kangrim.com Rev.00 (Updated : 2025.07.29) Head office & Changwon factory 76, Yeondeok-ro, Seongsan-gu, Changwon-si, Korea Tel : +82-55-269-7700(rep), E-mail : business4@kangrim.com Pohang factory 1111, Haean-ro, Heunghae-eup, Buk-gu, Pohang-si, K"
test14_obp_spare_full_list,Test/Test 14/13k obp spare - full list rev 4 (2) (1) (1).pdf,72,index_page,medium,image heuristic fallback,index_page,0.58,
test14_obp_spare_full_list,Test/Test 14/13k obp spare - full list rev 4 (2) (1) (1).pdf,73,drawing_material_list,medium,image heuristic fallback,drawing_material_list,0.56,
test14_obp_spare_full_list,Test/Test 14/13k obp spare - full list rev 4 (2) (1) (1).pdf,74,spare_parts_table,low,image heuristic fallback,spare_parts_table,0.48,
test14_obp_spare_full_list,Test/Test 14/13k obp spare - full list rev 4 (2) (1) (1).pdf,75,spare_parts_table,low,image heuristic fallback,spare_parts_table,0.48,
test14_obp_spare_full_list,Test/Test 14/13k obp spare - full list rev 4 (2) (1) (1).pdf,76,drawing_material_list,medium,image heuristic fallback,drawing_material_list,0.56,
test14_obp_spare_full_list,Test/Test 14/13k obp spare - full list rev 4 (2) (1) (1).pdf,77,drawing_material_list,medium,image heuristic fallback,drawing_material_list,0.56,
test14_obp_spare_full_list,Test/Test 14/13k obp spare - full list rev 4 (2) (1) (1).pdf,78,repair_kit,medium,kit/accessory/equipment keyword,index_page,0.58,"Owner : PIL Project : 13,000TEU CNTR Shipyard : HUDONG Hull no. : H1933A~1937A Product : Aux. Boiler ADDITIONAL SPARE PART LIST Rev.02 (Updated : 2024.11.01) Kangrim Changwon Factory (Head office) 76, Yeondeok-ro, Sungsan-gu, Changwon city, Korea Tel : +82-55-269-7700(ref), Home : www.kangrim.com Head office & Changwon factory 76, Yeondeok-ro, Seongsan-gu, Changwon-si, Korea Tel : +82-55-269-7700(rep), E-mail : business4@kangrim.com Pohang factory 1111, Haean-ro, Heunghae-eup, Buk-gu, Pohang-si,"
test14_obp_spare_full_list,Test/Test 14/13k obp spare - full list rev 4 (2) (1) (1).pdf,79,repair_kit,medium,kit/accessory/equipment keyword,index_page,0.58,"Boiler 6 Handhole Manhole Glass Level gauge Gasket Gasket 2 Level gauge Gasket 2 7 Ignition electorde (Right/left) 1 Burner ADDITIONAL SPARE PARTS LIST Aux. Boiler 1  of  3 H1933A~1937A HUDONG Project 13,000TEU CNTR Page Hull no. Shipyard Safety v/v Description Sketch Q'ty Remark 6 No Spring 2 1 3 2 1 5 4 Press.gauge 1 Head office & Changwon factory 76, Yeondeok-ro, Seongsan-gu, Changwon-si, Korea Tel : +82-55-269-7700(rep), E-mail : business4@kangrim.com Pohang factory 1111, Haean-ro, Heunghae-"
test14_obp_spare_full_list,Test/Test 14/13k obp spare - full list rev 4 (2) (1) (1).pdf,80,repair_kit,medium,kit/accessory/equipment keyword,index_page,0.58,"Aux. Boiler Hull no. H1933A~1937A Page 2  of  3 ADDITIONAL SPARE PARTS LIST Project 13,000TEU CNTR Shipyard HUDONG 2 Burner 9 No Description Sketch Q'ty Remark 8 Atomizer 1 Burner Flame eye sensor 1 13 14 Idec relay 1 Timer 1 Control panel Control panel Control panel Burner 12 11 Timer 1 Mag contactor 1 Control panel 10 Igniton Transformer Head office & Changwon factory 76, Yeondeok-ro, Seongsan-gu, Changwon-si, Korea Tel : +82-55-269-7700(rep), E-mail : business4@kangrim.com Pohang factory 1111"
test14_obp_spare_full_list,Test/Test 14/13k obp spare - full list rev 4 (2) (1) (1).pdf,81,repair_kit,medium,kit/accessory/equipment keyword,drawing_material_list,0.56,"Aux. Boiler Hull no. H1933A~1937A Page 3  of  3 ADDITIONAL SPARE PARTS LIST Project 13,000TEU CNTR Shipyard HUDONG Remark 15 Idec aux relay 1 Control panel 16 No Description Sketch Q'ty 17 Bulb 5 Control panel 19 Spare box 1 18 Fuse 2 Control panel Idec relay Control panel Head office & Changwon factory 76, Yeondeok-ro, Seongsan-gu, Changwon-si, Korea Tel : +82-55-269-7700(rep), E-mail : business4@kangrim.com Pohang factory 1111, Haean-ro, Heunghae-eup, Buk-gu, Pohang-si, Korea Tel : +82-54-230-"
test14_obp_spare_full_list,Test/Test 14/13k obp spare - full list rev 4 (2) (1) (1).pdf,82,repair_kit,medium,kit/accessory/equipment keyword,index_page,0.58,"Owner : PIL Project : 13,000TEU CNTR Shipyard : HUDONG Hull no. : H1933A~1937A Product : Exhaust Gas Boiler (Smoke Tube) STANDARD SPARE PART LIST Kangrim Changwon Factory (Head office) 76, Yeondeok-ro, Sungsan-gu, Changwon city, Korea Tel : +82-55-269-7700(ref), Home : www.kangrim.com Rev.00 (Updated : 2025.07.29) Head office & Changwon factory 76, Yeondeok-ro, Seongsan-gu, Changwon-si, Korea Tel : +82-55-269-7700(rep), E-mail : business4@kangrim.com Pohang factory 1111, Haean-ro, Heunghae-eup, "
test14_obp_spare_full_list,Test/Test 14/13k obp spare - full list rev 4 (2) (1) (1).pdf,83,index_page,medium,image heuristic fallback,index_page,0.58,
test14_obp_spare_full_list,Test/Test 14/13k obp spare - full list rev 4 (2) (1) (1).pdf,84,repair_kit,high,runner explicit OBP standard/additional spare pages,,,
test14_obp_spare_full_list,Test/Test 14/13k obp spare - full list rev 4 (2) (1) (1).pdf,85,repair_kit,high,runner explicit OBP standard/additional spare pages,,,
test14_obp_spare_full_list,Test/Test 14/13k obp spare - full list rev 4 (2) (1) (1).pdf,86,repair_kit,high,runner explicit OBP standard/additional spare pages,,,
test14_obp_spare_full_list,Test/Test 14/13k obp spare - full list rev 4 (2) (1) (1).pdf,87,repair_kit,high,runner explicit OBP standard/additional spare pages,,,
test14_obp_spare_full_list,Test/Test 14/13k obp spare - full list rev 4 (2) (1) (1).pdf,88,repair_kit,high,runner explicit OBP standard/additional spare pages,,,
test14_obp_spare_full_list,Test/Test 14/13k obp spare - full list rev 4 (2) (1) (1).pdf,89,repair_kit,high,runner explicit OBP standard/additional spare pages,,,
test14_obp_spare_full_list,Test/Test 14/13k obp spare - full list rev 4 (2) (1) (1).pdf,90,repair_kit,high,runner explicit OBP standard/additional spare pages,,,
test14_obp_spare_full_list,Test/Test 14/13k obp spare - full list rev 4 (2) (1) (1).pdf,91,repair_kit,high,runner explicit OBP standard/additional spare pages,,,
test14_obp_spare_full_list,Test/Test 14/13k obp spare - full list rev 4 (2) (1) (1).pdf,92,repair_kit,high,runner explicit OBP standard/additional spare pages,,,
test14_obp_spare_full_list,Test/Test 14/13k obp spare - full list rev 4 (2) (1) (1).pdf,93,repair_kit,high,runner explicit OBP standard/additional spare pages,,,
test14_obp_spare_full_list,Test/Test 14/13k obp spare - full list rev 4 (2) (1) (1).pdf,94,repair_kit,high,runner explicit OBP standard/additional spare pages,,,
test14_obp_spare_full_list,Test/Test 14/13k obp spare - full list rev 4 (2) (1) (1).pdf,95,repair_kit,high,runner explicit OBP standard/additional spare pages,,,
test14_obp_spare_full_list,Test/Test 14/13k obp spare - full list rev 4 (2) (1) (1).pdf,96,repair_kit,high,runner explicit OBP standard/additional spare pages,,,
test14_obp_spare_full_list,Test/Test 14/13k obp spare - full list rev 4 (2) (1) (1).pdf,97,repair_kit,high,runner explicit OBP standard/additional spare pages,,,
test14_obp_spare_full_list,Test/Test 14/13k obp spare - full list rev 4 (2) (1) (1).pdf,98,repair_kit,high,runner explicit OBP standard/additional spare pages,,,
test14_obp_spare_full_list,Test/Test 14/13k obp spare - full list rev 4 (2) (1) (1).pdf,99,repair_kit,high,runner explicit OBP standard/additional spare pages,,,
test14_obp_spare_full_list,Test/Test 14/13k obp spare - full list rev 4 (2) (1) (1).pdf,100,repair_kit,high,runner explicit OBP standard/additional spare pages,,,
test14_obp_spare_full_list,Test/Test 14/13k obp spare - full list rev 4 (2) (1) (1).pdf,101,repair_kit,high,runner explicit OBP standard/additional spare pages,,,
test14_obp_spare_full_list,Test/Test 14/13k obp spare - full list rev 4 (2) (1) (1).pdf,102,repair_kit,high,runner explicit OBP standard/additional spare pages,,,
test14_obp_spare_full_list,Test/Test 14/13k obp spare - full list rev 4 (2) (1) (1).pdf,103,repair_kit,high,runner explicit OBP standard/additional spare pages,,,
test14_obp_spare_full_list,Test/Test 14/13k obp spare - full list rev 4 (2) (1) (1).pdf,104,repair_kit,high,runner explicit OBP standard/additional spare pages,,,
test14_obp_spare_full_list,Test/Test 14/13k obp spare - full list rev 4 (2) (1) (1).pdf,105,repair_kit,high,runner explicit OBP standard/additional spare pages,,,
test14_obp_spare_full_list,Test/Test 14/13k obp spare - full list rev 4 (2) (1) (1).pdf,106,repair_kit,high,runner explicit OBP standard/additional spare pages,,,
test14_obp_spare_full_list,Test/Test 14/13k obp spare - full list rev 4 (2) (1) (1).pdf,107,repair_kit,high,runner explicit OBP standard/additional spare pages,,,
test14_obp_spare_full_list,Test/Test 14/13k obp spare - full list rev 4 (2) (1) (1).pdf,108,repair_kit,high,runner explicit OBP standard/additional spare pages,,,
test14_obp_spare_full_list,Test/Test 14/13k obp spare - full list rev 4 (2) (1) (1).pdf,109,repair_kit,high,runner explicit OBP standard/additional spare pages,,,
test14_obp_spare_full_list,Test/Test 14/13k obp spare - full list rev 4 (2) (1) (1).pdf,110,repair_kit,high,runner explicit OBP standard/additional spare pages,,,
test14_obp_spare_full_list,Test/Test 14/13k obp spare - full list rev 4 (2) (1) (1).pdf,111,repair_kit,high,runner explicit OBP standard/additional spare pages,,,
test14_obp_spare_full_list,Test/Test 14/13k obp spare - full list rev 4 (2) (1) (1).pdf,112,repair_kit,high,runner explicit OBP standard/additional spare pages,,,
test14_obp_spare_full_list,Test/Test 14/13k obp spare - full list rev 4 (2) (1) (1).pdf,113,repair_kit,high,runner explicit OBP standard/additional spare pages,,,
test14_obp_spare_full_list,Test/Test 14/13k obp spare - full list rev 4 (2) (1) (1).pdf,114,repair_kit,high,runner explicit OBP standard/additional spare pages,,,
test14_obp_spare_full_list,Test/Test 14/13k obp spare - full list rev 4 (2) (1) (1).pdf,115,repair_kit,high,runner explicit OBP standard/additional spare pages,,,
test14_obp_spare_full_list,Test/Test 14/13k obp spare - full list rev 4 (2) (1) (1).pdf,116,repair_kit,high,runner explicit OBP standard/additional spare pages,,,
test14_obp_spare_full_list,Test/Test 14/13k obp spare - full list rev 4 (2) (1) (1).pdf,117,repair_kit,high,runner explicit OBP standard/additional spare pages,,,
test14_obp_spare_full_list,Test/Test 14/13k obp spare - full list rev 4 (2) (1) (1).pdf,118,repair_kit,high,runner explicit OBP standard/additional spare pages,,,
test14_obp_spare_full_list,Test/Test 14/13k obp spare - full list rev 4 (2) (1) (1).pdf,119,repair_kit,high,runner explicit OBP standard/additional spare pages,,,
test14_obp_spare_full_list,Test/Test 14/13k obp spare - full list rev 4 (2) (1) (1).pdf,120,repair_kit,high,runner explicit OBP standard/additional spare pages,,,
test14_obp_spare_full_list,Test/Test 14/13k obp spare - full list rev 4 (2) (1) (1).pdf,121,repair_kit,high,runner explicit OBP standard/additional spare pages,,,
test14_obp_spare_full_list,Test/Test 14/13k obp spare - full list rev 4 (2) (1) (1).pdf,122,repair_kit,high,runner explicit OBP standard/additional spare pages,,,
test14_obp_spare_full_list,Test/Test 14/13k obp spare - full list rev 4 (2) (1) (1).pdf,123,repair_kit,high,runner explicit OBP standard/additional spare pages,,,
test14_obp_spare_full_list,Test/Test 14/13k obp spare - full list rev 4 (2) (1) (1).pdf,124,repair_kit,high,runner explicit OBP standard/additional spare pages,,,
test14_obp_spare_full_list,Test/Test 14/13k obp spare - full list rev 4 (2) (1) (1).pdf,125,repair_kit,high,runner explicit OBP standard/additional spare pages,,,
test14_obp_spare_full_list,Test/Test 14/13k obp spare - full list rev 4 (2) (1) (1).pdf,126,repair_kit,high,runner explicit OBP standard/additional spare pages,,,
test14_obp_spare_full_list,Test/Test 14/13k obp spare - full list rev 4 (2) (1) (1).pdf,127,repair_kit,high,runner explicit OBP standard/additional spare pages,,,
test14_obp_spare_full_list,Test/Test 14/13k obp spare - full list rev 4 (2) (1) (1).pdf,128,repair_kit,high,runner explicit OBP standard/additional spare pages,,,
test14_obp_spare_full_list,Test/Test 14/13k obp spare - full list rev 4 (2) (1) (1).pdf,129,repair_kit,high,runner explicit OBP standard/additional spare pages,,,
test14_obp_spare_full_list,Test/Test 14/13k obp spare - full list rev 4 (2) (1) (1).pdf,130,repair_kit,high,runner explicit OBP standard/additional spare pages,,,
test14_obp_spare_full_list,Test/Test 14/13k obp spare - full list rev 4 (2) (1) (1).pdf,131,repair_kit,high,runner explicit OBP standard/additional spare pages,,,
test14_obp_spare_full_list,Test/Test 14/13k obp spare - full list rev 4 (2) (1) (1).pdf,132,repair_kit,high,runner explicit OBP standard/additional spare pages,,,
test14_obp_spare_full_list,Test/Test 14/13k obp spare - full list rev 4 (2) (1) (1).pdf,133,repair_kit,high,runner explicit OBP standard/additional spare pages,,,
test14_obp_spare_full_list,Test/Test 14/13k obp spare - full list rev 4 (2) (1) (1).pdf,134,repair_kit,high,runner explicit OBP standard/additional spare pages,,,
test14_obp_spare_full_list,Test/Test 14/13k obp spare - full list rev 4 (2) (1) (1).pdf,135,repair_kit,high,runner explicit OBP standard/additional spare pages,,,
test14_obp_spare_full_list,Test/Test 14/13k obp spare - full list rev 4 (2) (1) (1).pdf,136,repair_kit,high,runner explicit OBP standard/additional spare pages,,,
test14_obp_spare_full_list,Test/Test 14/13k obp spare - full list rev 4 (2) (1) (1).pdf,137,repair_kit,high,runner explicit OBP standard/additional spare pages,,,
test14_obp_spare_full_list,Test/Test 14/13k obp spare - full list rev 4 (2) (1) (1).pdf,138,repair_kit,high,runner explicit OBP standard/additional spare pages,,,
test14_obp_spare_full_list,Test/Test 14/13k obp spare - full list rev 4 (2) (1) (1).pdf,139,repair_kit,high,runner explicit OBP standard/additional spare pages,,,
test14_obp_spare_full_list,Test/Test 14/13k obp spare - full list rev 4 (2) (1) (1).pdf,140,repair_kit,high,runner explicit OBP standard/additional spare pages,,,
test14_obp_spare_full_list,Test/Test 14/13k obp spare - full list rev 4 (2) (1) (1).pdf,141,repair_kit,high,runner explicit OBP standard/additional spare pages,,,
test14_obp_spare_full_list,Test/Test 14/13k obp spare - full list rev 4 (2) (1) (1).pdf,142,repair_kit,high,runner explicit OBP standard/additional spare pages,,,
test14_obp_spare_full_list,Test/Test 14/13k obp spare - full list rev 4 (2) (1) (1).pdf,143,repair_kit,high,runner explicit OBP standard/additional spare pages,,,
test14_obp_spare_full_list,Test/Test 14/13k obp spare - full list rev 4 (2) (1) (1).pdf,144,repair_kit,high,runner explicit OBP standard/additional spare pages,,,
test14_obp_spare_full_list,Test/Test 14/13k obp spare - full list rev 4 (2) (1) (1).pdf,145,repair_kit,high,runner explicit OBP standard/additional spare pages,,,
test14_obp_spare_full_list,Test/Test 14/13k obp spare - full list rev 4 (2) (1) (1).pdf,146,repair_kit,high,runner explicit OBP standard/additional spare pages,,,
test14_obp_spare_full_list,Test/Test 14/13k obp spare - full list rev 4 (2) (1) (1).pdf,147,repair_kit,high,runner explicit OBP standard/additional spare pages,,,
test14_obp_spare_full_list,Test/Test 14/13k obp spare - full list rev 4 (2) (1) (1).pdf,148,repair_kit,high,runner explicit OBP standard/additional spare pages,,,
test14_obp_spare_full_list,Test/Test 14/13k obp spare - full list rev 4 (2) (1) (1).pdf,149,repair_kit,high,runner explicit OBP standard/additional spare pages,,,
test14_obp_spare_full_list,Test/Test 14/13k obp spare - full list rev 4 (2) (1) (1).pdf,150,repair_kit,high,runner explicit OBP standard/additional spare pages,,,
test14_obp_spare_full_list,Test/Test 14/13k obp spare - full list rev 4 (2) (1) (1).pdf,151,drawing_only,low,image heuristic fallback,drawing_only,0.5,49. PAINT – JOTUN (OBP SPARE) – SEA STOCK PAINT 
test14_obp_spare_full_list,Test/Test 14/13k obp spare - full list rev 4 (2) (1) (1).pdf,152,spare_parts_table,low,image heuristic fallback,spare_parts_table,0.48,Numbe Paint code and name Unit Volume Remarks 1 HARDTOP XP STD2217 RED L 40 We will supply as per description 2 HARDTOP XP STD1621 BUFF L 400 include smart package 100L 3 HARDTOP XP WHITE L 180 include smart package 40L 4 HARDTOP XP STD2343 RB L 300 include smart package 60L 5 PILOT QD PRIMER PLUS GREY L 180 We will supply as per description 6 PILOT II WHITE L 100 We will supply as per description 7 PILOT II STD2343 RB L 100 We will supply as per description 8 JOTAPRIME 510 ALU RT L 60 We will s
test14_obp_spare_full_list,Test/Test 14/13k obp spare - full list rev 4 (2) (1) (1).pdf,153,spare_parts_table,low,image heuristic fallback,spare_parts_table,0.48,1 HARDTOP XP STD2217 RED PU red of TS 2 HARDTOP XP STD1621 BUFF PU buff of LB 3 HARDTOP XP WHITE PU white of AC 4 HARDTOP XP STD2343 RB PU red of DK 5 JOTAPRIME 510 ALU RT EP primer RT Alu 6 JOTAPRIME 510 GREY EP  topcoat Grey 7 PILOT QD PRIMER PLUS GREY AK primer of ER 8 PILOT II WHITE AK topcoat of ER 9 PILOT II STD2343 RB AK red of ER floor 10 JOTACOTE F60 WHITE EP funnel inside 11 SOLVALITT 600 HT silver 12 SEAQUANTUM X200-3 DR Anti-fouling 13 PENGUARD FC EP topcoat swim pool 
test14_obp_spare_full_list,Test/Test 14/13k obp spare - full list rev 4 (2) (1) (1).pdf,154,spare_parts_table,low,image heuristic fallback,spare_parts_table,0.48,50. CARGO FIXED FITTING & LASHING – SEC (OBP SPARE) – TO BE DELIVERED TOGETHER WITH LOOSE LASHING EQUIPMENT 
test14_obp_spare_full_list,Test/Test 14/13k obp spare - full list rev 4 (2) (1) (1).pdf,155,spare_parts_table,low,image heuristic fallback,spare_parts_table,0.48,S/N Item Code Qty / Shipset 1 SF -C1120 .004.56 2 2 SF -C2136A.008.56 2 3 SF -C1124 .002.56 1 4 SF -C1246 .003.56 1 5 SF -C1120 .001.56 6 6 SF -C2136A.010.56 10 7 SF -C1091A.000.56 4 8 WC -C2012 .000.99 20 9 GF -C1245 .000.99 4 10 LAP-C1003G.000.11 20 PIL 13K TEU (H1933A-H1937A) Hudong Shipyard New Builds - Fixed Lashing Equipment - OBP Spare List 
test15_hydraulic_winch,Test/Test 15/Extracted pages from Hydraulic winch.pdf,1,index_page,medium,image heuristic fallback,index_page,0.58,
test15_hydraulic_winch,Test/Test 15/Extracted pages from Hydraulic winch.pdf,2,index_page,medium,image heuristic fallback,index_page,0.58,
test15_hydraulic_winch,Test/Test 15/Extracted pages from Hydraulic winch.pdf,3,index_page,medium,image heuristic fallback,index_page,0.58,
test15_hydraulic_winch,Test/Test 15/Extracted pages from Hydraulic winch.pdf,4,index_page,medium,image heuristic fallback,index_page,0.58,
test15_hydraulic_winch,Test/Test 15/Extracted pages from Hydraulic winch.pdf,5,drawing_material_list,medium,image heuristic fallback,drawing_material_list,0.56,
test15_hydraulic_winch,Test/Test 15/Extracted pages from Hydraulic winch.pdf,6,index_page,medium,image heuristic fallback,index_page,0.58,
test15_hydraulic_winch,Test/Test 15/Extracted pages from Hydraulic winch.pdf,7,drawing_material_list,medium,image heuristic fallback,drawing_material_list,0.56,
test15_hydraulic_winch,Test/Test 15/Extracted pages from Hydraulic winch.pdf,8,index_page,medium,image heuristic fallback,index_page,0.58,
test15_hydraulic_winch,Test/Test 15/Extracted pages from Hydraulic winch.pdf,9,drawing_material_list,medium,image heuristic fallback,drawing_material_list,0.56,
test15_hydraulic_winch,Test/Test 15/Extracted pages from Hydraulic winch.pdf,10,index_page,medium,image heuristic fallback,index_page,0.58,
test15_hydraulic_winch,Test/Test 15/Extracted pages from Hydraulic winch.pdf,11,drawing_material_list,medium,image heuristic fallback,drawing_material_list,0.56,
test15_hydraulic_winch,Test/Test 15/Extracted pages from Hydraulic winch.pdf,12,index_page,medium,image heuristic fallback,index_page,0.58,
test15_hydraulic_winch,Test/Test 15/Extracted pages from Hydraulic winch.pdf,13,drawing_material_list,medium,image heuristic fallback,drawing_material_list,0.56,
test15_hydraulic_winch,Test/Test 15/Extracted pages from Hydraulic winch.pdf,14,drawing_material_list,medium,image heuristic fallback,drawing_material_list,0.56,
test15_hydraulic_winch,Test/Test 15/Extracted pages from Hydraulic winch.pdf,15,drawing_material_list,medium,image heuristic fallback,drawing_material_list,0.56,
test15_hydraulic_winch,Test/Test 15/Extracted pages from Hydraulic winch.pdf,16,drawing_material_list,medium,image heuristic fallback,drawing_material_list,0.56,
test15_hydraulic_winch,Test/Test 15/Extracted pages from Hydraulic winch.pdf,17,drawing_material_list,medium,image heuristic fallback,drawing_material_list,0.56,
test15_hydraulic_winch,Test/Test 15/Extracted pages from Hydraulic winch.pdf,18,drawing_material_list,medium,image heuristic fallback,drawing_material_list,0.56,
test15_hydraulic_winch,Test/Test 15/Extracted pages from Hydraulic winch.pdf,19,drawing_material_list,medium,image heuristic fallback,drawing_material_list,0.56,
test15_hydraulic_winch,Test/Test 15/Extracted pages from Hydraulic winch.pdf,20,drawing_material_list,medium,image heuristic fallback,drawing_material_list,0.56,
test15_hydraulic_winch,Test/Test 15/Extracted pages from Hydraulic winch.pdf,21,drawing_material_list,medium,image heuristic fallback,drawing_material_list,0.56,
test15_hydraulic_winch,Test/Test 15/Extracted pages from Hydraulic winch.pdf,22,drawing_material_list,medium,image heuristic fallback,drawing_material_list,0.56,
test15_hydraulic_winch,Test/Test 15/Extracted pages from Hydraulic winch.pdf,23,drawing_material_list,medium,image heuristic fallback,drawing_material_list,0.56,
test15_hydraulic_winch,Test/Test 15/Extracted pages from Hydraulic winch.pdf,24,drawing_material_list,medium,image heuristic fallback,drawing_material_list,0.56,
test15_hydraulic_winch,Test/Test 15/Extracted pages from Hydraulic winch.pdf,25,drawing_material_list,medium,image heuristic fallback,drawing_material_list,0.56,
test15_hydraulic_winch,Test/Test 15/Extracted pages from Hydraulic winch.pdf,26,index_page,medium,image heuristic fallback,index_page,0.58,
test15_hydraulic_winch,Test/Test 15/Extracted pages from Hydraulic winch.pdf,27,drawing_material_list,medium,image heuristic fallback,drawing_material_list,0.56,
test15_hydraulic_winch,Test/Test 15/Extracted pages from Hydraulic winch.pdf,28,index_page,medium,image heuristic fallback,index_page,0.58,
test15_hydraulic_winch,Test/Test 15/Extracted pages from Hydraulic winch.pdf,29,drawing_material_list,medium,image heuristic fallback,drawing_material_list,0.56,
test15_hydraulic_winch,Test/Test 15/Extracted pages from Hydraulic winch.pdf,30,index_page,medium,image heuristic fallback,index_page,0.58,
test15_hydraulic_winch,Test/Test 15/Extracted pages from Hydraulic winch.pdf,31,drawing_material_list,medium,image heuristic fallback,drawing_material_list,0.56,
test15_hydraulic_winch,Test/Test 15/Extracted pages from Hydraulic winch.pdf,32,drawing_material_list,medium,image heuristic fallback,drawing_material_list,0.56,
test15_hydraulic_winch,Test/Test 15/Extracted pages from Hydraulic winch.pdf,33,drawing_material_list,medium,image heuristic fallback,drawing_material_list,0.56,
test15_hydraulic_winch,Test/Test 15/Extracted pages from Hydraulic winch.pdf,34,drawing_material_list,medium,image heuristic fallback,drawing_material_list,0.56,
test15_hydraulic_winch,Test/Test 15/Extracted pages from Hydraulic winch.pdf,35,drawing_material_list,medium,image heuristic fallback,drawing_material_list,0.56,
test15_hydraulic_winch,Test/Test 15/Extracted pages from Hydraulic winch.pdf,36,drawing_material_list,medium,image heuristic fallback,drawing_material_list,0.56,
test15_hydraulic_winch,Test/Test 15/Extracted pages from Hydraulic winch.pdf,37,drawing_material_list,medium,image heuristic fallback,drawing_material_list,0.56,
test15_hydraulic_winch,Test/Test 15/Extracted pages from Hydraulic winch.pdf,38,drawing_material_list,medium,image heuristic fallback,drawing_material_list,0.56,
test15_hydraulic_winch,Test/Test 15/Extracted pages from Hydraulic winch.pdf,39,drawing_material_list,medium,image heuristic fallback,drawing_material_list,0.56,
test15_hydraulic_winch,Test/Test 15/Extracted pages from Hydraulic winch.pdf,40,drawing_material_list,medium,image heuristic fallback,drawing_material_list,0.56,
test15_hydraulic_winch,Test/Test 15/Extracted pages from Hydraulic winch.pdf,41,drawing_material_list,medium,image heuristic fallback,drawing_material_list,0.56,
test15_hydraulic_winch,Test/Test 15/Extracted pages from Hydraulic winch.pdf,42,drawing_material_list,medium,image heuristic fallback,drawing_material_list,0.56,
test15_hydraulic_winch,Test/Test 15/Extracted pages from Hydraulic winch.pdf,43,drawing_material_list,medium,image heuristic fallback,drawing_material_list,0.56,
test15_hydraulic_winch,Test/Test 15/Extracted pages from Hydraulic winch.pdf,44,drawing_material_list,medium,image heuristic fallback,drawing_material_list,0.56,
test15_hydraulic_winch,Test/Test 15/Extracted pages from Hydraulic winch.pdf,45,drawing_material_list,medium,image heuristic fallback,drawing_material_list,0.56,
test15_hydraulic_winch,Test/Test 15/Extracted pages from Hydraulic winch.pdf,46,drawing_material_list,medium,image heuristic fallback,drawing_material_list,0.56,
test15_hydraulic_winch,Test/Test 15/Extracted pages from Hydraulic winch.pdf,47,drawing_material_list,medium,image heuristic fallback,drawing_material_list,0.56,
test15_hydraulic_winch,Test/Test 15/Extracted pages from Hydraulic winch.pdf,48,drawing_material_list,medium,image heuristic fallback,drawing_material_list,0.56,
test15_hydraulic_winch,Test/Test 15/Extracted pages from Hydraulic winch.pdf,49,drawing_material_list,medium,image heuristic fallback,drawing_material_list,0.56,
test15_hydraulic_winch,Test/Test 15/Extracted pages from Hydraulic winch.pdf,50,drawing_material_list,medium,image heuristic fallback,drawing_material_list,0.56,
test15_hydraulic_winch,Test/Test 15/Extracted pages from Hydraulic winch.pdf,51,drawing_material_list,medium,image heuristic fallback,drawing_material_list,0.56,
test15_hydraulic_winch,Test/Test 15/Extracted pages from Hydraulic winch.pdf,52,drawing_material_list,medium,image heuristic fallback,drawing_material_list,0.56,
test16_carrier_5h_blowup_diagram,Test/Test 16/5H _blowUpDiagram (1).pdf,1,drawing_material_list,medium,image heuristic fallback,drawing_material_list,0.56,
test16_carrier_5h_blowup_diagram,Test/Test 16/5H _blowUpDiagram (1).pdf,2,index_page,medium,image heuristic fallback,index_page,0.58,
test16_carrier_5h_blowup_diagram,Test/Test 16/5H _blowUpDiagram (1).pdf,3,index_page,medium,image heuristic fallback,index_page,0.58,
test16_carrier_5h_blowup_diagram,Test/Test 16/5H _blowUpDiagram (1).pdf,4,index_page,medium,image heuristic fallback,index_page,0.58,
test16_carrier_5h_blowup_diagram,Test/Test 16/5H _blowUpDiagram (1).pdf,5,index_page,medium,image heuristic fallback,index_page,0.58,
test16_carrier_5h_blowup_diagram,Test/Test 16/5H _blowUpDiagram (1).pdf,6,index_page,medium,image heuristic fallback,index_page,0.58,
test16_carrier_5h_blowup_diagram,Test/Test 16/5H _blowUpDiagram (1).pdf,7,index_page,medium,image heuristic fallback,index_page,0.58,
test16_carrier_5h_blowup_diagram,Test/Test 16/5H _blowUpDiagram (1).pdf,8,index_page,medium,image heuristic fallback,index_page,0.58,
test16_carrier_5h_blowup_diagram,Test/Test 16/5H _blowUpDiagram (1).pdf,9,index_page,medium,image heuristic fallback,index_page,0.58,
test16_carrier_5h_blowup_diagram,Test/Test 16/5H _blowUpDiagram (1).pdf,10,index_page,medium,image heuristic fallback,index_page,0.58,
test16_carrier_5h_blowup_diagram,Test/Test 16/5H _blowUpDiagram (1).pdf,11,index_page,medium,image heuristic fallback,index_page,0.58,
test16_carrier_5h_blowup_diagram,Test/Test 16/5H _blowUpDiagram (1).pdf,12,index_page,medium,image heuristic fallback,index_page,0.58,
test16_carrier_5h_blowup_diagram,Test/Test 16/5H _blowUpDiagram (1).pdf,13,index_page,medium,image heuristic fallback,index_page,0.58,
test16_carrier_5h_blowup_diagram,Test/Test 16/5H _blowUpDiagram (1).pdf,14,index_page,medium,image heuristic fallback,index_page,0.58,
test16_carrier_5h_blowup_diagram,Test/Test 16/5H _blowUpDiagram (1).pdf,15,index_page,medium,image heuristic fallback,index_page,0.58,
test16_carrier_5h_blowup_diagram,Test/Test 16/5H _blowUpDiagram (1).pdf,16,spare_parts_table,low,image heuristic fallback,spare_parts_table,0.48,
test16_carrier_5h_blowup_diagram,Test/Test 16/5H _blowUpDiagram (1).pdf,17,spare_parts_table,medium,image heuristic fallback,spare_parts_table,0.55,
test16_carrier_5h_blowup_diagram,Test/Test 16/5H _blowUpDiagram (1).pdf,18,index_page,medium,image heuristic fallback,index_page,0.58,
test16_carrier_5h_blowup_diagram,Test/Test 16/5H _blowUpDiagram (1).pdf,19,index_page,medium,image heuristic fallback,index_page,0.58,
test16_carrier_5h_blowup_diagram,Test/Test 16/5H _blowUpDiagram (1).pdf,20,index_page,medium,image heuristic fallback,index_page,0.58,
test16_carrier_5h_blowup_diagram,Test/Test 16/5H _blowUpDiagram (1).pdf,21,index_page,medium,image heuristic fallback,index_page,0.58,
test16_carrier_5h_blowup_diagram,Test/Test 16/5H _blowUpDiagram (1).pdf,22,index_page,medium,image heuristic fallback,index_page,0.58,
test16_carrier_5h_blowup_diagram,Test/Test 16/5H _blowUpDiagram (1).pdf,23,index_page,medium,image heuristic fallback,index_page,0.58,
test16_carrier_5h_blowup_diagram,Test/Test 16/5H _blowUpDiagram (1).pdf,24,index_page,medium,image heuristic fallback,index_page,0.58,
test16_carrier_5h_blowup_diagram,Test/Test 16/5H _blowUpDiagram (1).pdf,25,index_page,medium,image heuristic fallback,index_page,0.58,
test16_carrier_5h_blowup_diagram,Test/Test 16/5H _blowUpDiagram (1).pdf,26,index_page,medium,image heuristic fallback,index_page,0.58,
test16_carrier_5h_blowup_diagram,Test/Test 16/5H _blowUpDiagram (1).pdf,27,index_page,medium,image heuristic fallback,index_page,0.58,
test16_carrier_5h_blowup_diagram,Test/Test 16/5H _blowUpDiagram (1).pdf,28,index_page,medium,image heuristic fallback,index_page,0.58,
test16_carrier_5h_blowup_diagram,Test/Test 16/5H _blowUpDiagram (1).pdf,29,index_page,medium,image heuristic fallback,index_page,0.58,
test16_carrier_5h_blowup_diagram,Test/Test 16/5H _blowUpDiagram (1).pdf,30,index_page,medium,image heuristic fallback,index_page,0.58,
test16_carrier_5h_blowup_diagram,Test/Test 16/5H _blowUpDiagram (1).pdf,31,index_page,medium,image heuristic fallback,index_page,0.58,
test16_carrier_5h_blowup_diagram,Test/Test 16/5H _blowUpDiagram (1).pdf,32,index_page,medium,image heuristic fallback,index_page,0.58,
test16_carrier_5h_blowup_diagram,Test/Test 16/5H _blowUpDiagram (1).pdf,33,index_page,medium,image heuristic fallback,index_page,0.58,
test16_carrier_5h_blowup_diagram,Test/Test 16/5H _blowUpDiagram (1).pdf,34,index_page,medium,image heuristic fallback,index_page,0.58,
test16_carrier_5h_blowup_diagram,Test/Test 16/5H _blowUpDiagram (1).pdf,35,index_page,medium,image heuristic fallback,index_page,0.58,
test16_carrier_5h_blowup_diagram,Test/Test 16/5H _blowUpDiagram (1).pdf,36,index_page,medium,image heuristic fallback,index_page,0.58,
test17_emergency_diesel_engine,Test/Test 17/Emergency diesel engine 1 1.pdf,1,index_page,medium,image heuristic fallback,index_page,0.58,
test17_emergency_diesel_engine,Test/Test 17/Emergency diesel engine 1 1.pdf,2,index_page,medium,image heuristic fallback,index_page,0.58,
test17_emergency_diesel_engine,Test/Test 17/Emergency diesel engine 1 1.pdf,3,index_page,medium,image heuristic fallback,index_page,0.58,
test17_emergency_diesel_engine,Test/Test 17/Emergency diesel engine 1 1.pdf,4,index_page,medium,image heuristic fallback,index_page,0.58,
test17_emergency_diesel_engine,Test/Test 17/Emergency diesel engine 1 1.pdf,5,index_page,medium,image heuristic fallback,index_page,0.58,
test17_emergency_diesel_engine,Test/Test 17/Emergency diesel engine 1 1.pdf,6,index_page,medium,image heuristic fallback,index_page,0.58,
test17_emergency_diesel_engine,Test/Test 17/Emergency diesel engine 1 1.pdf,7,index_page,medium,image heuristic fallback,index_page,0.58,
test17_emergency_diesel_engine,Test/Test 17/Emergency diesel engine 1 1.pdf,8,spare_parts_table,low,image heuristic fallback,spare_parts_table,0.48,
test17_emergency_diesel_engine,Test/Test 17/Emergency diesel engine 1 1.pdf,9,drawing_material_list,high,user/test17 requested extraction range,,,
test17_emergency_diesel_engine,Test/Test 17/Emergency diesel engine 1 1.pdf,10,drawing_material_list,high,user/test17 requested extraction range,,,
test17_emergency_diesel_engine,Test/Test 17/Emergency diesel engine 1 1.pdf,11,drawing_material_list,high,user/test17 requested extraction range,,,
test17_emergency_diesel_engine,Test/Test 17/Emergency diesel engine 1 1.pdf,12,drawing_material_list,high,user/test17 requested extraction range,,,
test17_emergency_diesel_engine,Test/Test 17/Emergency diesel engine 1 1.pdf,13,drawing_material_list,high,user/test17 requested extraction range,,,
test17_emergency_diesel_engine,Test/Test 17/Emergency diesel engine 1 1.pdf,14,drawing_material_list,high,user/test17 requested extraction range,,,
test17_emergency_diesel_engine,Test/Test 17/Emergency diesel engine 1 1.pdf,15,drawing_material_list,high,user/test17 requested extraction range,,,
test17_emergency_diesel_engine,Test/Test 17/Emergency diesel engine 1 1.pdf,16,drawing_material_list,high,user/test17 requested extraction range,,,
test17_emergency_diesel_engine,Test/Test 17/Emergency diesel engine 1 1.pdf,17,drawing_material_list,high,user/test17 requested extraction range,,,
test17_emergency_diesel_engine,Test/Test 17/Emergency diesel engine 1 1.pdf,18,drawing_material_list,high,user/test17 requested extraction range,,,
test17_emergency_diesel_engine,Test/Test 17/Emergency diesel engine 1 1.pdf,19,drawing_material_list,high,user/test17 requested extraction range,,,
test17_emergency_diesel_engine,Test/Test 17/Emergency diesel engine 1 1.pdf,20,drawing_material_list,high,user/test17 requested extraction range,,,
test17_emergency_diesel_engine,Test/Test 17/Emergency diesel engine 1 1.pdf,21,drawing_material_list,high,user/test17 requested extraction range,,,
test17_emergency_diesel_engine,Test/Test 17/Emergency diesel engine 1 1.pdf,22,drawing_material_list,high,user/test17 requested extraction range,,,
test17_emergency_diesel_engine,Test/Test 17/Emergency diesel engine 1 1.pdf,23,drawing_material_list,high,user/test17 requested extraction range,,,
test17_emergency_diesel_engine,Test/Test 17/Emergency diesel engine 1 1.pdf,24,drawing_material_list,high,user/test17 requested extraction range,,,
test17_emergency_diesel_engine,Test/Test 17/Emergency diesel engine 1 1.pdf,25,drawing_material_list,high,user/test17 requested extraction range,,,
test17_emergency_diesel_engine,Test/Test 17/Emergency diesel engine 1 1.pdf,26,drawing_material_list,high,user/test17 requested extraction range,,,
test17_emergency_diesel_engine,Test/Test 17/Emergency diesel engine 1 1.pdf,27,drawing_material_list,high,user/test17 requested extraction range,,,
test17_emergency_diesel_engine,Test/Test 17/Emergency diesel engine 1 1.pdf,28,drawing_material_list,high,user/test17 requested extraction range,,,
test17_emergency_diesel_engine,Test/Test 17/Emergency diesel engine 1 1.pdf,29,drawing_material_list,high,user/test17 requested extraction range,,,
test17_emergency_diesel_engine,Test/Test 17/Emergency diesel engine 1 1.pdf,30,drawing_material_list,high,user/test17 requested extraction range,,,
test17_emergency_diesel_engine,Test/Test 17/Emergency diesel engine 1 1.pdf,31,drawing_material_list,high,user/test17 requested extraction range,,,
test17_emergency_diesel_engine,Test/Test 17/Emergency diesel engine 1 1.pdf,32,drawing_material_list,high,user/test17 requested extraction range,,,
test17_emergency_diesel_engine,Test/Test 17/Emergency diesel engine 1 1.pdf,33,drawing_material_list,high,user/test17 requested extraction range,,,
test17_emergency_diesel_engine,Test/Test 17/Emergency diesel engine 1 1.pdf,34,drawing_material_list,high,user/test17 requested extraction range,,,
test17_emergency_diesel_engine,Test/Test 17/Emergency diesel engine 1 1.pdf,35,drawing_material_list,high,user/test17 requested extraction range,,,
test17_emergency_diesel_engine,Test/Test 17/Emergency diesel engine 1 1.pdf,36,drawing_material_list,high,user/test17 requested extraction range,,,
test17_emergency_diesel_engine,Test/Test 17/Emergency diesel engine 1 1.pdf,37,drawing_material_list,high,user/test17 requested extraction range,,,
test17_emergency_diesel_engine,Test/Test 17/Emergency diesel engine 1 1.pdf,38,drawing_material_list,high,user/test17 requested extraction range,,,
test17_emergency_diesel_engine,Test/Test 17/Emergency diesel engine 1 1.pdf,39,drawing_material_list,high,user/test17 requested extraction range,,,
test17_emergency_diesel_engine,Test/Test 17/Emergency diesel engine 1 1.pdf,40,drawing_material_list,high,user/test17 requested extraction range,,,
test17_emergency_diesel_engine,Test/Test 17/Emergency diesel engine 1 1.pdf,41,drawing_material_list,high,user/test17 requested extraction range,,,
test17_emergency_diesel_engine,Test/Test 17/Emergency diesel engine 1 1.pdf,42,drawing_material_list,high,user/test17 requested extraction range,,,
test17_emergency_diesel_engine,Test/Test 17/Emergency diesel engine 1 1.pdf,43,drawing_material_list,high,user/test17 requested extraction range,,,
test17_emergency_diesel_engine,Test/Test 17/Emergency diesel engine 1 1.pdf,44,drawing_material_list,high,user/test17 requested extraction range,,,
test17_emergency_diesel_engine,Test/Test 17/Emergency diesel engine 1 1.pdf,45,drawing_material_list,high,user/test17 requested extraction range,,,
test17_emergency_diesel_engine,Test/Test 17/Emergency diesel engine 1 1.pdf,46,drawing_material_list,high,user/test17 requested extraction range,,,
test17_emergency_diesel_engine,Test/Test 17/Emergency diesel engine 1 1.pdf,47,drawing_material_list,high,user/test17 requested extraction range,,,
test17_emergency_diesel_engine,Test/Test 17/Emergency diesel engine 1 1.pdf,48,drawing_material_list,high,user/test17 requested extraction range,,,
test17_emergency_diesel_engine,Test/Test 17/Emergency diesel engine 1 1.pdf,49,drawing_material_list,high,user/test17 requested extraction range,,,
test17_emergency_diesel_engine,Test/Test 17/Emergency diesel engine 1 1.pdf,50,drawing_material_list,high,user/test17 requested extraction range,,,
test17_emergency_diesel_engine,Test/Test 17/Emergency diesel engine 1 1.pdf,51,drawing_material_list,high,user/test17 requested extraction range,,,
test17_emergency_diesel_engine,Test/Test 17/Emergency diesel engine 1 1.pdf,52,drawing_material_list,high,user/test17 requested extraction range,,,
test17_emergency_diesel_engine,Test/Test 17/Emergency diesel engine 1 1.pdf,53,drawing_material_list,high,user/test17 requested extraction range,,,
test17_emergency_diesel_engine,Test/Test 17/Emergency diesel engine 1 1.pdf,54,drawing_material_list,high,user/test17 requested extraction range,,,
test17_emergency_diesel_engine,Test/Test 17/Emergency diesel engine 1 1.pdf,55,drawing_material_list,high,user/test17 requested extraction range,,,
test17_emergency_diesel_engine,Test/Test 17/Emergency diesel engine 1 1.pdf,56,drawing_material_list,high,user/test17 requested extraction range,,,
test17_emergency_diesel_engine,Test/Test 17/Emergency diesel engine 1 1.pdf,57,drawing_material_list,high,user/test17 requested extraction range,,,
test17_emergency_diesel_engine,Test/Test 17/Emergency diesel engine 1 1.pdf,58,drawing_material_list,high,user/test17 requested extraction range,,,
test17_emergency_diesel_engine,Test/Test 17/Emergency diesel engine 1 1.pdf,59,drawing_material_list,high,user/test17 requested extraction range,,,
test17_emergency_diesel_engine,Test/Test 17/Emergency diesel engine 1 1.pdf,60,drawing_material_list,high,user/test17 requested extraction range,,,
test17_emergency_diesel_engine,Test/Test 17/Emergency diesel engine 1 1.pdf,61,drawing_material_list,high,user/test17 requested extraction range,,,
test17_emergency_diesel_engine,Test/Test 17/Emergency diesel engine 1 1.pdf,62,drawing_material_list,high,user/test17 requested extraction range,,,
test17_emergency_diesel_engine,Test/Test 17/Emergency diesel engine 1 1.pdf,63,drawing_material_list,high,user/test17 requested extraction range,,,
test17_emergency_diesel_engine,Test/Test 17/Emergency diesel engine 1 1.pdf,64,drawing_material_list,high,user/test17 requested extraction range,,,
test17_emergency_diesel_engine,Test/Test 17/Emergency diesel engine 1 1.pdf,65,drawing_material_list,high,user/test17 requested extraction range,,,
test17_emergency_diesel_engine,Test/Test 17/Emergency diesel engine 1 1.pdf,66,drawing_material_list,high,user/test17 requested extraction range,,,
test17_emergency_diesel_engine,Test/Test 17/Emergency diesel engine 1 1.pdf,67,drawing_material_list,high,user/test17 requested extraction range,,,
test17_emergency_diesel_engine,Test/Test 17/Emergency diesel engine 1 1.pdf,68,drawing_material_list,high,user/test17 requested extraction range,,,
test17_emergency_diesel_engine,Test/Test 17/Emergency diesel engine 1 1.pdf,69,drawing_material_list,high,user/test17 requested extraction range,,,
test17_emergency_diesel_engine,Test/Test 17/Emergency diesel engine 1 1.pdf,70,drawing_material_list,high,user/test17 requested extraction range,,,
test17_emergency_diesel_engine,Test/Test 17/Emergency diesel engine 1 1.pdf,71,drawing_material_list,high,user/test17 requested extraction range,,,
test17_emergency_diesel_engine,Test/Test 17/Emergency diesel engine 1 1.pdf,72,drawing_material_list,high,user/test17 requested extraction range,,,
test17_emergency_diesel_engine,Test/Test 17/Emergency diesel engine 1 1.pdf,73,drawing_material_list,high,user/test17 requested extraction range,,,
test17_emergency_diesel_engine,Test/Test 17/Emergency diesel engine 1 1.pdf,74,drawing_material_list,high,user/test17 requested extraction range,,,
test17_emergency_diesel_engine,Test/Test 17/Emergency diesel engine 1 1.pdf,75,drawing_material_list,high,user/test17 requested extraction range,,,
test17_emergency_diesel_engine,Test/Test 17/Emergency diesel engine 1 1.pdf,76,drawing_material_list,high,user/test17 requested extraction range,,,
test17_emergency_diesel_engine,Test/Test 17/Emergency diesel engine 1 1.pdf,77,drawing_material_list,high,user/test17 requested extraction range,,,
test17_emergency_diesel_engine,Test/Test 17/Emergency diesel engine 1 1.pdf,78,drawing_material_list,high,user/test17 requested extraction range,,,
test17_emergency_diesel_engine,Test/Test 17/Emergency diesel engine 1 1.pdf,79,drawing_material_list,high,user/test17 requested extraction range,,,
test17_emergency_diesel_engine,Test/Test 17/Emergency diesel engine 1 1.pdf,80,drawing_material_list,high,user/test17 requested extraction range,,,
test17_emergency_diesel_engine,Test/Test 17/Emergency diesel engine 1 1.pdf,81,drawing_material_list,high,user/test17 requested extraction range,,,
test17_emergency_diesel_engine,Test/Test 17/Emergency diesel engine 1 1.pdf,82,drawing_material_list,high,user/test17 requested extraction range,,,
test17_emergency_diesel_engine,Test/Test 17/Emergency diesel engine 1 1.pdf,83,drawing_material_list,high,user/test17 requested extraction range,,,
test17_emergency_diesel_engine,Test/Test 17/Emergency diesel engine 1 1.pdf,84,drawing_material_list,high,user/test17 requested extraction range,,,
test17_emergency_diesel_engine,Test/Test 17/Emergency diesel engine 1 1.pdf,85,drawing_material_list,high,user/test17 requested extraction range,,,
test17_emergency_diesel_engine,Test/Test 17/Emergency diesel engine 1 1.pdf,86,drawing_material_list,high,user/test17 requested extraction range,,,
test17_emergency_diesel_engine,Test/Test 17/Emergency diesel engine 1 1.pdf,87,drawing_material_list,high,user/test17 requested extraction range,,,
test17_emergency_diesel_engine,Test/Test 17/Emergency diesel engine 1 1.pdf,88,drawing_material_list,high,user/test17 requested extraction range,,,
test17_emergency_diesel_engine,Test/Test 17/Emergency diesel engine 1 1.pdf,89,drawing_material_list,high,user/test17 requested extraction range,,,
test17_emergency_diesel_engine,Test/Test 17/Emergency diesel engine 1 1.pdf,90,drawing_material_list,high,user/test17 requested extraction range,,,
test17_emergency_diesel_engine,Test/Test 17/Emergency diesel engine 1 1.pdf,91,drawing_material_list,high,user/test17 requested extraction range,,,
test17_emergency_diesel_engine,Test/Test 17/Emergency diesel engine 1 1.pdf,92,drawing_material_list,high,user/test17 requested extraction range,,,
test17_emergency_diesel_engine,Test/Test 17/Emergency diesel engine 1 1.pdf,93,drawing_material_list,high,user/test17 requested extraction range,,,
test17_emergency_diesel_engine,Test/Test 17/Emergency diesel engine 1 1.pdf,94,drawing_material_list,high,user/test17 requested extraction range,,,
test17_emergency_diesel_engine,Test/Test 17/Emergency diesel engine 1 1.pdf,95,drawing_material_list,high,user/test17 requested extraction range,,,
test17_emergency_diesel_engine,Test/Test 17/Emergency diesel engine 1 1.pdf,96,drawing_material_list,high,user/test17 requested extraction range,,,
test17_emergency_diesel_engine,Test/Test 17/Emergency diesel engine 1 1.pdf,97,drawing_material_list,high,user/test17 requested extraction range,,,
test17_emergency_diesel_engine,Test/Test 17/Emergency diesel engine 1 1.pdf,98,drawing_material_list,high,user/test17 requested extraction range,,,
test17_emergency_diesel_engine,Test/Test 17/Emergency diesel engine 1 1.pdf,99,drawing_material_list,high,user/test17 requested extraction range,,,
test17_emergency_diesel_engine,Test/Test 17/Emergency diesel engine 1 1.pdf,100,drawing_material_list,high,user/test17 requested extraction range,,,
test17_emergency_diesel_engine,Test/Test 17/Emergency diesel engine 1 1.pdf,101,drawing_material_list,high,user/test17 requested extraction range,,,
test17_emergency_diesel_engine,Test/Test 17/Emergency diesel engine 1 1.pdf,102,drawing_material_list,high,user/test17 requested extraction range,,,
test17_emergency_diesel_engine,Test/Test 17/Emergency diesel engine 1 1.pdf,103,drawing_material_list,high,user/test17 requested extraction range,,,
test17_emergency_diesel_engine,Test/Test 17/Emergency diesel engine 1 1.pdf,104,drawing_material_list,high,user/test17 requested extraction range,,,
test17_emergency_diesel_engine,Test/Test 17/Emergency diesel engine 1 1.pdf,105,drawing_material_list,high,user/test17 requested extraction range,,,
test17_emergency_diesel_engine,Test/Test 17/Emergency diesel engine 1 1.pdf,106,drawing_material_list,high,user/test17 requested extraction range,,,
test17_emergency_diesel_engine,Test/Test 17/Emergency diesel engine 1 1.pdf,107,drawing_material_list,high,user/test17 requested extraction range,,,
test17_emergency_diesel_engine,Test/Test 17/Emergency diesel engine 1 1.pdf,108,drawing_material_list,high,user/test17 requested extraction range,,,
test17_emergency_diesel_engine,Test/Test 17/Emergency diesel engine 1 1.pdf,109,drawing_material_list,high,user/test17 requested extraction range,,,
test17_emergency_diesel_engine,Test/Test 17/Emergency diesel engine 1 1.pdf,110,drawing_material_list,high,user/test17 requested extraction range,,,
test17_emergency_diesel_engine,Test/Test 17/Emergency diesel engine 1 1.pdf,111,drawing_material_list,high,user/test17 requested extraction range,,,
test17_emergency_diesel_engine,Test/Test 17/Emergency diesel engine 1 1.pdf,112,drawing_material_list,high,user/test17 requested extraction range,,,
test17_emergency_diesel_engine,Test/Test 17/Emergency diesel engine 1 1.pdf,113,drawing_material_list,high,user/test17 requested extraction range,,,
test17_emergency_diesel_engine,Test/Test 17/Emergency diesel engine 1 1.pdf,114,drawing_material_list,high,user/test17 requested extraction range,,,
test17_emergency_diesel_engine,Test/Test 17/Emergency diesel engine 1 1.pdf,115,drawing_material_list,high,user/test17 requested extraction range,,,
test17_emergency_diesel_engine,Test/Test 17/Emergency diesel engine 1 1.pdf,116,drawing_material_list,high,user/test17 requested extraction range,,,
test17_emergency_diesel_engine,Test/Test 17/Emergency diesel engine 1 1.pdf,117,drawing_material_list,high,user/test17 requested extraction range,,,
test17_emergency_diesel_engine,Test/Test 17/Emergency diesel engine 1 1.pdf,118,drawing_material_list,high,user/test17 requested extraction range,,,
test17_emergency_diesel_engine,Test/Test 17/Emergency diesel engine 1 1.pdf,119,drawing_material_list,high,user/test17 requested extraction range,,,
test17_emergency_diesel_engine,Test/Test 17/Emergency diesel engine 1 1.pdf,120,drawing_material_list,high,user/test17 requested extraction range,,,
test17_emergency_diesel_engine,Test/Test 17/Emergency diesel engine 1 1.pdf,121,drawing_material_list,high,user/test17 requested extraction range,,,
test17_emergency_diesel_engine,Test/Test 17/Emergency diesel engine 1 1.pdf,122,drawing_material_list,high,user/test17 requested extraction range,,,
test17_emergency_diesel_engine,Test/Test 17/Emergency diesel engine 1 1.pdf,123,drawing_material_list,high,user/test17 requested extraction range,,,
test17_emergency_diesel_engine,Test/Test 17/Emergency diesel engine 1 1.pdf,124,drawing_material_list,high,user/test17 requested extraction range,,,
test17_emergency_diesel_engine,Test/Test 17/Emergency diesel engine 1 1.pdf,125,drawing_material_list,high,user/test17 requested extraction range,,,
test17_emergency_diesel_engine,Test/Test 17/Emergency diesel engine 1 1.pdf,126,drawing_material_list,high,user/test17 requested extraction range,,,
test17_emergency_diesel_engine,Test/Test 17/Emergency diesel engine 1 1.pdf,127,drawing_material_list,high,user/test17 requested extraction range,,,
test17_emergency_diesel_engine,Test/Test 17/Emergency diesel engine 1 1.pdf,128,drawing_material_list,high,user/test17 requested extraction range,,,
test17_emergency_diesel_engine,Test/Test 17/Emergency diesel engine 1 1.pdf,129,drawing_material_list,high,user/test17 requested extraction range,,,
test17_emergency_diesel_engine,Test/Test 17/Emergency diesel engine 1 1.pdf,130,drawing_material_list,high,user/test17 requested extraction range,,,
test17_emergency_diesel_engine,Test/Test 17/Emergency diesel engine 1 1.pdf,131,drawing_material_list,high,user/test17 requested extraction range,,,
test17_emergency_diesel_engine,Test/Test 17/Emergency diesel engine 1 1.pdf,132,drawing_material_list,high,user/test17 requested extraction range,,,
test17_emergency_diesel_engine,Test/Test 17/Emergency diesel engine 1 1.pdf,133,drawing_material_list,high,user/test17 requested extraction range,,,
test17_emergency_diesel_engine,Test/Test 17/Emergency diesel engine 1 1.pdf,134,drawing_material_list,high,user/test17 requested extraction range,,,
test17_emergency_diesel_engine,Test/Test 17/Emergency diesel engine 1 1.pdf,135,drawing_material_list,high,user/test17 requested extraction range,,,
test17_emergency_diesel_engine,Test/Test 17/Emergency diesel engine 1 1.pdf,136,drawing_material_list,high,user/test17 requested extraction range,,,
test17_emergency_diesel_engine,Test/Test 17/Emergency diesel engine 1 1.pdf,137,drawing_material_list,high,user/test17 requested extraction range,,,
test17_emergency_diesel_engine,Test/Test 17/Emergency diesel engine 1 1.pdf,138,drawing_material_list,high,user/test17 requested extraction range,,,
test17_emergency_diesel_engine,Test/Test 17/Emergency diesel engine 1 1.pdf,139,drawing_material_list,high,user/test17 requested extraction range,,,
test17_emergency_diesel_engine,Test/Test 17/Emergency diesel engine 1 1.pdf,140,drawing_material_list,high,user/test17 requested extraction range,,,
test17_emergency_diesel_engine,Test/Test 17/Emergency diesel engine 1 1.pdf,141,drawing_material_list,high,user/test17 requested extraction range,,,
test17_emergency_diesel_engine,Test/Test 17/Emergency diesel engine 1 1.pdf,142,drawing_material_list,high,user/test17 requested extraction range,,,
test17_emergency_diesel_engine,Test/Test 17/Emergency diesel engine 1 1.pdf,143,drawing_material_list,high,user/test17 requested extraction range,,,
test17_emergency_diesel_engine,Test/Test 17/Emergency diesel engine 1 1.pdf,144,drawing_material_list,high,user/test17 requested extraction range,,,
test17_emergency_diesel_engine,Test/Test 17/Emergency diesel engine 1 1.pdf,145,drawing_material_list,high,user/test17 requested extraction range,,,
test17_emergency_diesel_engine,Test/Test 17/Emergency diesel engine 1 1.pdf,146,drawing_material_list,high,user/test17 requested extraction range,,,
test17_emergency_diesel_engine,Test/Test 17/Emergency diesel engine 1 1.pdf,147,drawing_material_list,high,user/test17 requested extraction range,,,
test17_emergency_diesel_engine,Test/Test 17/Emergency diesel engine 1 1.pdf,148,drawing_material_list,high,user/test17 requested extraction range,,,
test17_emergency_diesel_engine,Test/Test 17/Emergency diesel engine 1 1.pdf,149,drawing_material_list,high,user/test17 requested extraction range,,,
test17_emergency_diesel_engine,Test/Test 17/Emergency diesel engine 1 1.pdf,150,drawing_material_list,high,user/test17 requested extraction range,,,
test17_emergency_diesel_engine,Test/Test 17/Emergency diesel engine 1 1.pdf,151,drawing_material_list,high,user/test17 requested extraction range,,,
test17_emergency_diesel_engine,Test/Test 17/Emergency diesel engine 1 1.pdf,152,drawing_material_list,high,user/test17 requested extraction range,,,
test17_emergency_diesel_engine,Test/Test 17/Emergency diesel engine 1 1.pdf,153,drawing_material_list,high,user/test17 requested extraction range,,,
test17_emergency_diesel_engine,Test/Test 17/Emergency diesel engine 1 1.pdf,154,drawing_material_list,high,user/test17 requested extraction range,,,
test17_emergency_diesel_engine,Test/Test 17/Emergency diesel engine 1 1.pdf,155,drawing_material_list,high,user/test17 requested extraction range,,,
test17_emergency_diesel_engine,Test/Test 17/Emergency diesel engine 1 1.pdf,156,drawing_material_list,high,user/test17 requested extraction range,,,
test17_emergency_diesel_engine,Test/Test 17/Emergency diesel engine 1 1.pdf,157,drawing_material_list,high,user/test17 requested extraction range,,,
test17_emergency_diesel_engine,Test/Test 17/Emergency diesel engine 1 1.pdf,158,drawing_material_list,high,user/test17 requested extraction range,,,
test17_emergency_diesel_engine,Test/Test 17/Emergency diesel engine 1 1.pdf,159,drawing_material_list,high,user/test17 requested extraction range,,,
test17_emergency_diesel_engine,Test/Test 17/Emergency diesel engine 1 1.pdf,160,drawing_material_list,high,user/test17 requested extraction range,,,
test17_emergency_diesel_engine,Test/Test 17/Emergency diesel engine 1 1.pdf,161,drawing_material_list,high,user/test17 requested extraction range,,,
test17_emergency_diesel_engine,Test/Test 17/Emergency diesel engine 1 1.pdf,162,drawing_material_list,high,user/test17 requested extraction range,,,
test17_emergency_diesel_engine,Test/Test 17/Emergency diesel engine 1 1.pdf,163,drawing_material_list,high,user/test17 requested extraction range,,,
test17_emergency_diesel_engine,Test/Test 17/Emergency diesel engine 1 1.pdf,164,drawing_material_list,high,user/test17 requested extraction range,,,
test17_emergency_diesel_engine,Test/Test 17/Emergency diesel engine 1 1.pdf,165,drawing_material_list,high,user/test17 requested extraction range,,,
test17_emergency_diesel_engine,Test/Test 17/Emergency diesel engine 1 1.pdf,166,drawing_material_list,high,user/test17 requested extraction range,,,
test17_emergency_diesel_engine,Test/Test 17/Emergency diesel engine 1 1.pdf,167,drawing_material_list,high,user/test17 requested extraction range,,,
test17_emergency_diesel_engine,Test/Test 17/Emergency diesel engine 1 1.pdf,168,drawing_material_list,high,user/test17 requested extraction range,,,
test17_emergency_diesel_engine,Test/Test 17/Emergency diesel engine 1 1.pdf,169,drawing_material_list,high,user/test17 requested extraction range,,,
test17_emergency_diesel_engine,Test/Test 17/Emergency diesel engine 1 1.pdf,170,drawing_material_list,high,user/test17 requested extraction range,,,
test17_emergency_diesel_engine,Test/Test 17/Emergency diesel engine 1 1.pdf,171,drawing_material_list,high,user/test17 requested extraction range,,,
test17_emergency_diesel_engine,Test/Test 17/Emergency diesel engine 1 1.pdf,172,drawing_material_list,high,user/test17 requested extraction range,,,
test17_emergency_diesel_engine,Test/Test 17/Emergency diesel engine 1 1.pdf,173,drawing_material_list,high,user/test17 requested extraction range,,,
test17_emergency_diesel_engine,Test/Test 17/Emergency diesel engine 1 1.pdf,174,drawing_material_list,high,user/test17 requested extraction range,,,
test17_emergency_diesel_engine,Test/Test 17/Emergency diesel engine 1 1.pdf,175,drawing_material_list,high,user/test17 requested extraction range,,,
test17_emergency_diesel_engine,Test/Test 17/Emergency diesel engine 1 1.pdf,176,drawing_material_list,high,user/test17 requested extraction range,,,
test17_emergency_diesel_engine,Test/Test 17/Emergency diesel engine 1 1.pdf,177,drawing_material_list,high,user/test17 requested extraction range,,,
test17_emergency_diesel_engine,Test/Test 17/Emergency diesel engine 1 1.pdf,178,drawing_material_list,high,user/test17 requested extraction range,,,
test17_emergency_diesel_engine,Test/Test 17/Emergency diesel engine 1 1.pdf,179,drawing_material_list,high,user/test17 requested extraction range,,,
test17_emergency_diesel_engine,Test/Test 17/Emergency diesel engine 1 1.pdf,180,drawing_material_list,high,user/test17 requested extraction range,,,
test17_emergency_diesel_engine,Test/Test 17/Emergency diesel engine 1 1.pdf,181,drawing_material_list,high,user/test17 requested extraction range,,,
test18_main_engine_accessories,Test/Test 18/Extracted pages from Main engine assessories (1).pdf,1,drawing_only,medium,dimension/spec/drawing pages audited,,,
test18_main_engine_accessories,Test/Test 18/Extracted pages from Main engine assessories (1).pdf,2,drawing_only,medium,dimension/spec/drawing pages audited,,,
test18_main_engine_accessories,Test/Test 18/Extracted pages from Main engine assessories (1).pdf,3,drawing_only,medium,dimension/spec/drawing pages audited,,,
test18_main_engine_accessories,Test/Test 18/Extracted pages from Main engine assessories (1).pdf,4,drawing_only,medium,dimension/spec/drawing pages audited,,,
test18_main_engine_accessories,Test/Test 18/Extracted pages from Main engine assessories (1).pdf,5,spare_parts_table,high,Pleiger spare list pages,,,
test18_main_engine_accessories,Test/Test 18/Extracted pages from Main engine assessories (1).pdf,6,spare_parts_table,high,Pleiger spare list pages,,,
test18_main_engine_accessories,Test/Test 18/Extracted pages from Main engine assessories (1).pdf,7,spare_parts_table,high,Pleiger spare list pages,,,
test18_main_engine_accessories,Test/Test 18/Extracted pages from Main engine assessories (1).pdf,8,drawing_only,medium,drawing/title pages audited,,,
test18_main_engine_accessories,Test/Test 18/Extracted pages from Main engine assessories (1).pdf,9,drawing_only,medium,drawing/title pages audited,,,
test18_main_engine_accessories,Test/Test 18/Extracted pages from Main engine assessories (1).pdf,10,spare_parts_table,high,Pleiger spare list pages,,,
test18_main_engine_accessories,Test/Test 18/Extracted pages from Main engine assessories (1).pdf,11,spare_parts_table,high,Pleiger spare list pages,,,
test18_main_engine_accessories,Test/Test 18/Extracted pages from Main engine assessories (1).pdf,12,spare_parts_table,high,Pleiger spare list pages,,,
test18_main_engine_accessories,Test/Test 18/Extracted pages from Main engine assessories (1).pdf,13,spare_parts_table,high,Pleiger spare list pages,,,
test18_main_engine_accessories,Test/Test 18/Extracted pages from Main engine assessories (1).pdf,14,drawing_only,medium,drawing page audited,,,
test18_main_engine_accessories,Test/Test 18/Extracted pages from Main engine assessories (1).pdf,15,spare_parts_table,high,Pleiger actuator spare list pages,,,
test18_main_engine_accessories,Test/Test 18/Extracted pages from Main engine assessories (1).pdf,16,spare_parts_table,high,Pleiger actuator spare list pages,,,
test18_main_engine_accessories,Test/Test 18/Extracted pages from Main engine assessories (1).pdf,17,spare_parts_table,high,Pleiger actuator spare list pages,,,
test18_main_engine_accessories,Test/Test 18/Extracted pages from Main engine assessories (1).pdf,18,spare_parts_table,high,Pleiger actuator spare list pages,,,
test18_main_engine_accessories,Test/Test 18/Extracted pages from Main engine assessories (1).pdf,19,spare_parts_table,high,Pleiger actuator spare list pages,,,
test18_main_engine_accessories,Test/Test 18/Extracted pages from Main engine assessories (1).pdf,20,spare_parts_table,high,Pleiger actuator spare list pages,,,
test18_main_engine_accessories,Test/Test 18/Extracted pages from Main engine assessories (1).pdf,21,spare_parts_table,high,Pleiger actuator spare list pages,,,
test18_main_engine_accessories,Test/Test 18/Extracted pages from Main engine assessories (1).pdf,22,spare_parts_table,high,Pleiger actuator spare list pages,,,
test18_main_engine_accessories,Test/Test 18/Extracted pages from Main engine assessories (1).pdf,23,spare_parts_table,high,Pleiger actuator spare list pages,,,
test18_main_engine_accessories,Test/Test 18/Extracted pages from Main engine assessories (1).pdf,24,spare_parts_table,high,Pleiger annex table pages,,,
test18_main_engine_accessories,Test/Test 18/Extracted pages from Main engine assessories (1).pdf,25,spare_parts_table,high,Pleiger annex table pages,,,
test18_main_engine_accessories,Test/Test 18/Extracted pages from Main engine assessories (1).pdf,26,spare_parts_table,high,Pleiger annex table pages,,,
test18_main_engine_accessories,Test/Test 18/Extracted pages from Main engine assessories (1).pdf,27,repair_kit,medium,heat exchanger embedded list of parts,,,
test18_main_engine_accessories,Test/Test 18/Extracted pages from Main engine assessories (1).pdf,28,drawing_only,medium,EDUR section drawing,,,
test18_main_engine_accessories,Test/Test 18/Extracted pages from Main engine assessories (1).pdf,29,spare_parts_table,high,EDUR parts list,,,
test18_main_engine_accessories,Test/Test 18/Extracted pages from Main engine assessories (1).pdf,30,spare_parts_table,high,Boll standard parts list pages,,,
test18_main_engine_accessories,Test/Test 18/Extracted pages from Main engine assessories (1).pdf,31,spare_parts_table,high,Boll standard parts list pages,,,
test18_main_engine_accessories,Test/Test 18/Extracted pages from Main engine assessories (1).pdf,32,spare_parts_table,high,Boll standard parts list pages,,,
test18_main_engine_accessories,Test/Test 18/Extracted pages from Main engine assessories (1).pdf,33,spare_parts_table,high,Boll standard parts list pages,,,
test18_main_engine_accessories,Test/Test 18/Extracted pages from Main engine assessories (1).pdf,34,spare_parts_table,high,Boll standard parts list pages,,,
test18_main_engine_accessories,Test/Test 18/Extracted pages from Main engine assessories (1).pdf,35,spare_parts_table,high,Boll standard parts list pages,,,
test18_main_engine_accessories,Test/Test 18/Extracted pages from Main engine assessories (1).pdf,36,spare_parts_table,high,Boll standard parts list pages,,,
test18_main_engine_accessories,Test/Test 18/Extracted pages from Main engine assessories (1).pdf,37,spare_parts_table,high,Boll standard parts list pages,,,
test18_main_engine_accessories,Test/Test 18/Extracted pages from Main engine assessories (1).pdf,38,spare_parts_table,high,Boll standard parts list pages,,,
test18_main_engine_accessories,Test/Test 18/Extracted pages from Main engine assessories (1).pdf,39,spare_parts_table,high,Boll standard parts list pages,,,
test18_main_engine_accessories,Test/Test 18/Extracted pages from Main engine assessories (1).pdf,40,spare_parts_table,high,Boll standard parts list pages,,,
test18_main_engine_accessories,Test/Test 18/Extracted pages from Main engine assessories (1).pdf,41,spare_parts_table,high,Boll standard parts list pages,,,
test18_main_engine_accessories,Test/Test 18/Extracted pages from Main engine assessories (1).pdf,42,spare_parts_table,high,Boll standard parts list pages,,,
test18_main_engine_accessories,Test/Test 18/Extracted pages from Main engine assessories (1).pdf,43,spare_parts_table,high,Boll standard parts list pages,,,
test18_main_engine_accessories,Test/Test 18/Extracted pages from Main engine assessories (1).pdf,44,spare_parts_table,high,Boll standard parts list pages,,,
test18_main_engine_accessories,Test/Test 18/Extracted pages from Main engine assessories (1).pdf,45,spare_parts_table,high,Boll standard parts list pages,,,
test18_main_engine_accessories,Test/Test 18/Extracted pages from Main engine assessories (1).pdf,46,spare_parts_table,high,Boll standard parts list pages,,,
test18_main_engine_accessories,Test/Test 18/Extracted pages from Main engine assessories (1).pdf,47,spare_parts_table,high,Boll standard parts list pages,,,
test18_main_engine_accessories,Test/Test 18/Extracted pages from Main engine assessories (1).pdf,48,spare_parts_table,high,Boll standard parts list pages,,,
test18_main_engine_accessories,Test/Test 18/Extracted pages from Main engine assessories (1).pdf,49,spare_parts_table,high,Boll standard parts list pages,,,
test18_main_engine_accessories,Test/Test 18/Extracted pages from Main engine assessories (1).pdf,50,spare_parts_table,high,Boll standard parts list pages,,,
test18_main_engine_accessories,Test/Test 18/Extracted pages from Main engine assessories (1).pdf,51,spare_parts_table,high,Boll standard parts list pages,,,
test18_main_engine_accessories,Test/Test 18/Extracted pages from Main engine assessories (1).pdf,52,spare_parts_table,high,Boll standard parts list pages,,,
test18_main_engine_accessories,Test/Test 18/Extracted pages from Main engine assessories (1).pdf,53,spare_parts_table,high,Boll standard parts list pages,,,
test18_main_engine_accessories,Test/Test 18/Extracted pages from Main engine assessories (1).pdf,54,spare_parts_table,high,Boll standard parts list pages,,,
test18_main_engine_accessories,Test/Test 18/Extracted pages from Main engine assessories (1).pdf,55,spare_parts_table,high,Boll standard parts list pages,,,
test18_main_engine_accessories,Test/Test 18/Extracted pages from Main engine assessories (1).pdf,56,drawing_only,medium,differential pressure spec/drawing pages,,,
test18_main_engine_accessories,Test/Test 18/Extracted pages from Main engine assessories (1).pdf,57,drawing_only,medium,differential pressure spec/drawing pages,,,
test18_main_engine_accessories,Test/Test 18/Extracted pages from Main engine assessories (1).pdf,58,drawing_only,medium,Boll drawing page,,,
test18_main_engine_accessories,Test/Test 18/Extracted pages from Main engine assessories (1).pdf,59,spare_parts_table,medium,Boll list pages,,,
test18_main_engine_accessories,Test/Test 18/Extracted pages from Main engine assessories (1).pdf,60,spare_parts_table,medium,Boll list pages,,,
test18_main_engine_accessories,Test/Test 18/Extracted pages from Main engine assessories (1).pdf,61,index_page,high,rotated Boll matrix/cross-reference list,,,
test18_main_engine_accessories,Test/Test 18/Extracted pages from Main engine assessories (1).pdf,62,index_page,high,rotated Boll matrix/cross-reference list,,,
test18_main_engine_accessories,Test/Test 18/Extracted pages from Main engine assessories (1).pdf,63,spare_parts_table,high,Boll parts list pages,,,
test18_main_engine_accessories,Test/Test 18/Extracted pages from Main engine assessories (1).pdf,64,spare_parts_table,high,Boll parts list pages,,,
test18_main_engine_accessories,Test/Test 18/Extracted pages from Main engine assessories (1).pdf,65,spare_parts_table,high,Boll parts list pages,,,
test18_main_engine_accessories,Test/Test 18/Extracted pages from Main engine assessories (1).pdf,66,spare_parts_table,high,Boll parts list pages,,,
test18_main_engine_accessories,Test/Test 18/Extracted pages from Main engine assessories (1).pdf,67,spare_parts_table,high,Boll parts list pages,,,
test18_main_engine_accessories,Test/Test 18/Extracted pages from Main engine assessories (1).pdf,68,spare_parts_table,high,Boll parts list pages,,,
test18_main_engine_accessories,Test/Test 18/Extracted pages from Main engine assessories (1).pdf,69,spare_parts_table,high,Boll parts list pages,,,
test18_main_engine_accessories,Test/Test 18/Extracted pages from Main engine assessories (1).pdf,70,spare_parts_table,high,Boll parts list pages,,,
test18_main_engine_accessories,Test/Test 18/Extracted pages from Main engine assessories (1).pdf,71,spare_parts_table,high,Boll parts list pages,,,
test18_main_engine_accessories,Test/Test 18/Extracted pages from Main engine assessories (1).pdf,72,spare_parts_table,high,Boll parts list pages,,,
test18_main_engine_accessories,Test/Test 18/Extracted pages from Main engine assessories (1).pdf,73,spare_parts_table,high,Boll parts list pages,,,
test18_main_engine_accessories,Test/Test 18/Extracted pages from Main engine assessories (1).pdf,74,spare_parts_table,high,Boll parts list pages,,,
test18_main_engine_accessories,Test/Test 18/Extracted pages from Main engine assessories (1).pdf,75,spare_parts_table,high,Boll parts list pages,,,
test18_main_engine_accessories,Test/Test 18/Extracted pages from Main engine assessories (1).pdf,76,drawing_only,medium,drawing-only pages audited,,,
test18_main_engine_accessories,Test/Test 18/Extracted pages from Main engine assessories (1).pdf,77,drawing_only,medium,drawing-only pages audited,,,
test18_main_engine_accessories,Test/Test 18/Extracted pages from Main engine assessories (1).pdf,78,index_page,high,Boll NW matrix pages,,,
test18_main_engine_accessories,Test/Test 18/Extracted pages from Main engine assessories (1).pdf,79,index_page,high,Boll NW matrix pages,,,
test18_main_engine_accessories,Test/Test 18/Extracted pages from Main engine assessories (1).pdf,80,index_page,high,Boll NW matrix pages,,,
test18_main_engine_accessories,Test/Test 18/Extracted pages from Main engine assessories (1).pdf,81,index_page,high,Boll NW matrix pages,,,
test18_main_engine_accessories,Test/Test 18/Extracted pages from Main engine assessories (1).pdf,82,index_page,high,Boll NW matrix pages,,,
test18_main_engine_accessories,Test/Test 18/Extracted pages from Main engine assessories (1).pdf,83,index_page,high,Boll NW matrix pages,,,
test18_main_engine_accessories,Test/Test 18/Extracted pages from Main engine assessories (1).pdf,84,index_page,high,Boll NW matrix pages,,,
test18_main_engine_accessories,Test/Test 18/Extracted pages from Main engine assessories (1).pdf,85,spare_parts_table,high,Boll list pages,,,
test18_main_engine_accessories,Test/Test 18/Extracted pages from Main engine assessories (1).pdf,86,spare_parts_table,high,Boll list pages,,,
test18_main_engine_accessories,Test/Test 18/Extracted pages from Main engine assessories (1).pdf,87,spare_parts_table,high,Boll list pages,,,
test18_main_engine_accessories,Test/Test 18/Extracted pages from Main engine assessories (1).pdf,88,spare_parts_table,high,Boll list pages,,,
test18_main_engine_accessories,Test/Test 18/Extracted pages from Main engine assessories (1).pdf,89,drawing_only,medium,spec/drawing pages audited,,,
test18_main_engine_accessories,Test/Test 18/Extracted pages from Main engine assessories (1).pdf,90,drawing_only,medium,spec/drawing pages audited,,,
test19_life_boat_bukh_diesel,Test/Test 19/Life boat spares 1 (1).pdf,1,repair_kit,low,image heuristic fallback,repair_kit,0.52,
test19_life_boat_bukh_diesel,Test/Test 19/Life boat spares 1 (1).pdf,2,drawing_material_list,medium,image heuristic fallback,drawing_material_list,0.56,
test19_life_boat_bukh_diesel,Test/Test 19/Life boat spares 1 (1).pdf,3,spare_parts_table,high,user/test19 requested extraction range,,,
test19_life_boat_bukh_diesel,Test/Test 19/Life boat spares 1 (1).pdf,4,spare_parts_table,high,user/test19 requested extraction range,,,
test19_life_boat_bukh_diesel,Test/Test 19/Life boat spares 1 (1).pdf,5,spare_parts_table,high,user/test19 requested extraction range,,,
test19_life_boat_bukh_diesel,Test/Test 19/Life boat spares 1 (1).pdf,6,spare_parts_table,high,user/test19 requested extraction range,,,
test19_life_boat_bukh_diesel,Test/Test 19/Life boat spares 1 (1).pdf,7,spare_parts_table,high,user/test19 requested extraction range,,,
test19_life_boat_bukh_diesel,Test/Test 19/Life boat spares 1 (1).pdf,8,spare_parts_table,high,user/test19 requested extraction range,,,
test19_life_boat_bukh_diesel,Test/Test 19/Life boat spares 1 (1).pdf,9,spare_parts_table,high,user/test19 requested extraction range,,,
test19_life_boat_bukh_diesel,Test/Test 19/Life boat spares 1 (1).pdf,10,spare_parts_table,high,user/test19 requested extraction range,,,
test19_life_boat_bukh_diesel,Test/Test 19/Life boat spares 1 (1).pdf,11,spare_parts_table,high,user/test19 requested extraction range,,,
test19_life_boat_bukh_diesel,Test/Test 19/Life boat spares 1 (1).pdf,12,spare_parts_table,high,user/test19 requested extraction range,,,
test19_life_boat_bukh_diesel,Test/Test 19/Life boat spares 1 (1).pdf,13,spare_parts_table,high,user/test19 requested extraction range,,,
test19_life_boat_bukh_diesel,Test/Test 19/Life boat spares 1 (1).pdf,14,spare_parts_table,high,user/test19 requested extraction range,,,
test19_life_boat_bukh_diesel,Test/Test 19/Life boat spares 1 (1).pdf,15,spare_parts_table,high,user/test19 requested extraction range,,,
test19_life_boat_bukh_diesel,Test/Test 19/Life boat spares 1 (1).pdf,16,spare_parts_table,high,user/test19 requested extraction range,,,
test19_life_boat_bukh_diesel,Test/Test 19/Life boat spares 1 (1).pdf,17,spare_parts_table,high,user/test19 requested extraction range,,,
test19_life_boat_bukh_diesel,Test/Test 19/Life boat spares 1 (1).pdf,18,spare_parts_table,high,user/test19 requested extraction range,,,
test19_life_boat_bukh_diesel,Test/Test 19/Life boat spares 1 (1).pdf,19,spare_parts_table,high,user/test19 requested extraction range,,,
test19_life_boat_bukh_diesel,Test/Test 19/Life boat spares 1 (1).pdf,20,spare_parts_table,high,user/test19 requested extraction range,,,
test19_life_boat_bukh_diesel,Test/Test 19/Life boat spares 1 (1).pdf,21,spare_parts_table,high,user/test19 requested extraction range,,,
test19_life_boat_bukh_diesel,Test/Test 19/Life boat spares 1 (1).pdf,22,spare_parts_table,high,user/test19 requested extraction range,,,
test19_life_boat_bukh_diesel,Test/Test 19/Life boat spares 1 (1).pdf,23,spare_parts_table,high,user/test19 requested extraction range,,,
test19_life_boat_bukh_diesel,Test/Test 19/Life boat spares 1 (1).pdf,24,spare_parts_table,high,user/test19 requested extraction range,,,
test19_life_boat_bukh_diesel,Test/Test 19/Life boat spares 1 (1).pdf,25,spare_parts_table,high,user/test19 requested extraction range,,,
test19_life_boat_bukh_diesel,Test/Test 19/Life boat spares 1 (1).pdf,26,spare_parts_table,high,user/test19 requested extraction range,,,
test19_life_boat_bukh_diesel,Test/Test 19/Life boat spares 1 (1).pdf,27,spare_parts_table,high,user/test19 requested extraction range,,,
test19_life_boat_bukh_diesel,Test/Test 19/Life boat spares 1 (1).pdf,28,spare_parts_table,high,user/test19 requested extraction range,,,
test19_life_boat_bukh_diesel,Test/Test 19/Life boat spares 1 (1).pdf,29,spare_parts_table,high,user/test19 requested extraction range,,,
test19_life_boat_bukh_diesel,Test/Test 19/Life boat spares 1 (1).pdf,30,spare_parts_table,high,user/test19 requested extraction range,,,
test19_life_boat_bukh_diesel,Test/Test 19/Life boat spares 1 (1).pdf,31,spare_parts_table,high,user/test19 requested extraction range,,,
test19_life_boat_bukh_diesel,Test/Test 19/Life boat spares 1 (1).pdf,32,spare_parts_table,high,user/test19 requested extraction range,,,
test19_life_boat_bukh_diesel,Test/Test 19/Life boat spares 1 (1).pdf,33,spare_parts_table,high,user/test19 requested extraction range,,,
test19_life_boat_bukh_diesel,Test/Test 19/Life boat spares 1 (1).pdf,34,spare_parts_table,high,user/test19 requested extraction range,,,
test19_life_boat_bukh_diesel,Test/Test 19/Life boat spares 1 (1).pdf,35,spare_parts_table,high,user/test19 requested extraction range,,,
test19_life_boat_bukh_diesel,Test/Test 19/Life boat spares 1 (1).pdf,36,spare_parts_table,high,user/test19 requested extraction range,,,
test19_life_boat_bukh_diesel,Test/Test 19/Life boat spares 1 (1).pdf,37,spare_parts_table,high,user/test19 requested extraction range,,,
test19_life_boat_bukh_diesel,Test/Test 19/Life boat spares 1 (1).pdf,38,spare_parts_table,high,user/test19 requested extraction range,,,
test19_life_boat_bukh_diesel,Test/Test 19/Life boat spares 1 (1).pdf,39,spare_parts_table,high,user/test19 requested extraction range,,,
