fixture_id,pdf,page_no,layout,confidence,reason
test1_main_distribution_board,Test/Test 1/23000143 11L REV 1 AS BUILT 5-12-2013 Pg No 47-53.pdf,1,drawing_only,medium,electrical drawing/manual page
test1_main_distribution_board,Test/Test 1/23000143 11L REV 1 AS BUILT 5-12-2013 Pg No 47-53.pdf,2,index_page,high,table of contents pages
test1_main_distribution_board,Test/Test 1/23000143 11L REV 1 AS BUILT 5-12-2013 Pg No 47-53.pdf,3,index_page,high,table of contents pages
test1_main_distribution_board,Test/Test 1/23000143 11L REV 1 AS BUILT 5-12-2013 Pg No 47-53.pdf,4,drawing_only,medium,electrical drawing/manual page
test1_main_distribution_board,Test/Test 1/23000143 11L REV 1 AS BUILT 5-12-2013 Pg No 47-53.pdf,5,drawing_only,medium,electrical drawing/manual page
test1_main_distribution_board,Test/Test 1/23000143 11L REV 1 AS BUILT 5-12-2013 Pg No 47-53.pdf,6,drawing_only,medium,electrical drawing/manual page
test1_main_distribution_board,Test/Test 1/23000143 11L REV 1 AS BUILT 5-12-2013 Pg No 47-53.pdf,7,drawing_only,medium,electrical drawing/manual page
test1_main_distribution_board,Test/Test 1/23000143 11L REV 1 AS BUILT 5-12-2013 Pg No 47-53.pdf,8,drawing_only,medium,electrical drawing/manual page
test1_main_distribution_board,Test/Test 1/23000143 11L REV 1 AS BUILT 5-12-2013 Pg No 47-53.pdf,9,drawing_only,medium,electrical drawing/manual page
test1_main_distribution_board,Test/Test 1/23000143 11L REV 1 AS BUILT 5-12-2013 Pg No 47-53.pdf,10,drawing_only,medium,electrical drawing/manual page
test1_main_distribution_board,Test/Test 1/23000143 11L REV 1 AS BUILT 5-12-2013 Pg No 47-53.pdf,11,drawing_only,medium,electrical drawing/manual page
test1_main_distribution_board,Test/Test 1/23000143 11L REV 1 AS BUILT 5-12-2013 Pg No 47-53.pdf,12,drawing_only,medium,electrical drawing/manual page
test1_main_distribution_board,Test/Test 1/23000143 11L REV 1 AS BUILT 5-12-2013 Pg No 47-53.pdf,13,drawing_only,medium,electrical drawing/manual page
test1_main_distribution_board,Test/Test 1/23000143 11L REV 1 AS BUILT 5-12-2013 Pg No 47-53.pdf,14,drawing_only,medium,electrical drawing/manual page
test1_main_distribution_board,Test/Test 1/23000143 11L REV 1 AS BUILT 5-12-2013 Pg No 47-53.pdf,15,drawing_only,medium,electrical drawing/manual page
test1_main_distribution_board,Test/Test 1/23000143 11L REV 1 AS BUILT 5-12-2013 Pg No 47-53.pdf,16,drawing_only,medium,electrical drawing/manual page
test1_main_distribution_board,Test/Test 1/23000143 11L REV 1 AS BUILT 5-12-2013 Pg No 47-53.pdf,17,drawing_only,medium,electrical drawing/manual page
test1_main_distribution_board,Test/Test 1/23000143 11L REV 1 AS BUILT 5-12-2013 Pg No 47-53.pdf,18,drawing_only,medium,electrical drawing/manual page
test1_main_distribution_board,Test/Test 1/23000143 11L REV 1 AS BUILT 5-12-2013 Pg No 47-53.pdf,19,drawing_only,medium,electrical drawing/manual page
test1_main_distribution_board,Test/Test 1/23000143 11L REV 1 AS BUILT 5-12-2013 Pg No 47-53.pdf,20,drawing_only,medium,electrical drawing/manual page
test1_main_distribution_board,Test/Test 1/23000143 11L REV 1 AS BUILT 5-12-2013 Pg No 47-53.pdf,21,drawing_only,medium,electrical drawing/manual page
test1_main_distribution_board,Test/Test 1/23000143 11L REV 1 AS BUILT 5-12-2013 Pg No 47-53.pdf,22,drawing_only,medium,electrical drawing/manual page
test1_main_distribution_board,Test/Test 1/23000143 11L REV 1 AS BUILT 5-12-2013 Pg No 47-53.pdf,23,drawing_only,medium,electrical drawing/manual page
test1_main_distribution_board,Test/Test 1/23000143 11L REV 1 AS BUILT 5-12-2013 Pg No 47-53.pdf,24,drawing_only,medium,electrical drawing/manual page
test1_main_distribution_board,Test/Test 1/23000143 11L REV 1 AS BUILT 5-12-2013 Pg No 47-53.pdf,25,drawing_only,medium,electrical drawing/manual page
test1_main_distribution_board,Test/Test 1/23000143 11L REV 1 AS BUILT 5-12-2013 Pg No 47-53.pdf,26,drawing_only,medium,electrical drawing/manual page
test1_main_distribution_board,Test/Test 1/23000143 11L REV 1 AS BUILT 5-12-2013 Pg No 47-53.pdf,27,drawing_only,medium,electrical drawing/manual page
test1_main_distribution_board,Test/Test 1/23000143 11L REV 1 AS BUILT 5-12-2013 Pg No 47-53.pdf,28,drawing_only,medium,electrical drawing/manual page
test1_main_distribution_board,Test/Test 1/23000143 11L REV 1 AS BUILT 5-12-2013 Pg No 47-53.pdf,29,drawing_only,medium,electrical drawing/manual page
test1_main_distribution_board,Test/Test 1/23000143 11L REV 1 AS BUILT 5-12-2013 Pg No 47-53.pdf,30,drawing_only,medium,electrical drawing/manual page
test1_main_distribution_board,Test/Test 1/23000143 11L REV 1 AS BUILT 5-12-2013 Pg No 47-53.pdf,31,drawing_only,medium,electrical drawing/manual page
test1_main_distribution_board,Test/Test 1/23000143 11L REV 1 AS BUILT 5-12-2013 Pg No 47-53.pdf,32,drawing_only,medium,electrical drawing/manual page
test1_main_distribution_board,Test/Test 1/23000143 11L REV 1 AS BUILT 5-12-2013 Pg No 47-53.pdf,33,drawing_only,medium,electrical drawing/manual page
test1_main_distribution_board,Test/Test 1/23000143 11L REV 1 AS BUILT 5-12-2013 Pg No 47-53.pdf,34,drawing_only,medium,electrical drawing/manual page
test1_main_distribution_board,Test/Test 1/23000143 11L REV 1 AS BUILT 5-12-2013 Pg No 47-53.pdf,35,drawing_only,medium,electrical drawing/manual page
test1_main_distribution_board,Test/Test 1/23000143 11L REV 1 AS BUILT 5-12-2013 Pg No 47-53.pdf,36,drawing_only,medium,electrical drawing/manual page
test1_main_distribution_board,Test/Test 1/23000143 11L REV 1 AS BUILT 5-12-2013 Pg No 47-53.pdf,37,drawing_only,medium,electrical drawing/manual page
test1_main_distribution_board,Test/Test 1/23000143 11L REV 1 AS BUILT 5-12-2013 Pg No 47-53.pdf,38,drawing_only,medium,electrical drawing/manual page
test1_main_distribution_board,Test/Test 1/23000143 11L REV 1 AS BUILT 5-12-2013 Pg No 47-53.pdf,39,drawing_only,medium,electrical drawing/manual page
test1_main_distribution_board,Test/Test 1/23000143 11L REV 1 AS BUILT 5-12-2013 Pg No 47-53.pdf,40,drawing_only,medium,electrical drawing/manual page
test1_main_distribution_board,Test/Test 1/23000143 11L REV 1 AS BUILT 5-12-2013 Pg No 47-53.pdf,41,drawing_only,medium,electrical drawing/manual page
test1_main_distribution_board,Test/Test 1/23000143 11L REV 1 AS BUILT 5-12-2013 Pg No 47-53.pdf,42,drawing_only,medium,electrical drawing/manual page
test1_main_distribution_board,Test/Test 1/23000143 11L REV 1 AS BUILT 5-12-2013 Pg No 47-53.pdf,43,drawing_only,medium,electrical drawing/manual page
test1_main_distribution_board,Test/Test 1/23000143 11L REV 1 AS BUILT 5-12-2013 Pg No 47-53.pdf,44,drawing_only,medium,electrical drawing/manual page
test1_main_distribution_board,Test/Test 1/23000143 11L REV 1 AS BUILT 5-12-2013 Pg No 47-53.pdf,45,drawing_only,medium,electrical drawing/manual page
test1_main_distribution_board,Test/Test 1/23000143 11L REV 1 AS BUILT 5-12-2013 Pg No 47-53.pdf,46,drawing_only,medium,electrical drawing/manual page
test1_main_distribution_board,Test/Test 1/23000143 11L REV 1 AS BUILT 5-12-2013 Pg No 47-53.pdf,47,spare_parts_table,high,known-good output rows
test1_main_distribution_board,Test/Test 1/23000143 11L REV 1 AS BUILT 5-12-2013 Pg No 47-53.pdf,48,spare_parts_table,high,known-good output rows
test1_main_distribution_board,Test/Test 1/23000143 11L REV 1 AS BUILT 5-12-2013 Pg No 47-53.pdf,49,spare_parts_table,high,known-good output rows
test1_main_distribution_board,Test/Test 1/23000143 11L REV 1 AS BUILT 5-12-2013 Pg No 47-53.pdf,50,spare_parts_table,high,known-good output rows
test1_main_distribution_board,Test/Test 1/23000143 11L REV 1 AS BUILT 5-12-2013 Pg No 47-53.pdf,51,spare_parts_table,high,known-good output rows
test1_main_distribution_board,Test/Test 1/23000143 11L REV 1 AS BUILT 5-12-2013 Pg No 47-53.pdf,52,drawing_only,medium,electrical drawing/manual page
test1_main_distribution_board,Test/Test 1/23000143 11L REV 1 AS BUILT 5-12-2013 Pg No 47-53.pdf,53,drawing_only,medium,electrical drawing/manual page
test2_distribution_board_fixture_only,Test/Test 2/23000143 12EP REV 1 AS BUILT 5-12-2013 Pg No 45-54 .pdf,1,drawing_only,medium,electrical drawing/manual page
test2_distribution_board_fixture_only,Test/Test 2/23000143 12EP REV 1 AS BUILT 5-12-2013 Pg No 45-54 .pdf,2,index_page,high,table of contents pages
test2_distribution_board_fixture_only,Test/Test 2/23000143 12EP REV 1 AS BUILT 5-12-2013 Pg No 45-54 .pdf,3,index_page,high,table of contents pages
test2_distribution_board_fixture_only,Test/Test 2/23000143 12EP REV 1 AS BUILT 5-12-2013 Pg No 45-54 .pdf,4,drawing_only,medium,electrical drawing/manual page
test2_distribution_board_fixture_only,Test/Test 2/23000143 12EP REV 1 AS BUILT 5-12-2013 Pg No 45-54 .pdf,5,drawing_only,medium,electrical drawing/manual page
test2_distribution_board_fixture_only,Test/Test 2/23000143 12EP REV 1 AS BUILT 5-12-2013 Pg No 45-54 .pdf,6,drawing_only,medium,electrical drawing/manual page
test2_distribution_board_fixture_only,Test/Test 2/23000143 12EP REV 1 AS BUILT 5-12-2013 Pg No 45-54 .pdf,7,drawing_only,medium,electrical drawing/manual page
test2_distribution_board_fixture_only,Test/Test 2/23000143 12EP REV 1 AS BUILT 5-12-2013 Pg No 45-54 .pdf,8,drawing_only,medium,electrical drawing/manual page
test2_distribution_board_fixture_only,Test/Test 2/23000143 12EP REV 1 AS BUILT 5-12-2013 Pg No 45-54 .pdf,9,drawing_only,medium,electrical drawing/manual page
test2_distribution_board_fixture_only,Test/Test 2/23000143 12EP REV 1 AS BUILT 5-12-2013 Pg No 45-54 .pdf,10,drawing_only,medium,electrical drawing/manual page
test2_distribution_board_fixture_only,Test/Test 2/23000143 12EP REV 1 AS BUILT 5-12-2013 Pg No 45-54 .pdf,11,drawing_only,medium,electrical drawing/manual page
test2_distribution_board_fixture_only,Test/Test 2/23000143 12EP REV 1 AS BUILT 5-12-2013 Pg No 45-54 .pdf,12,drawing_only,medium,electrical drawing/manual page
test2_distribution_board_fixture_only,Test/Test 2/23000143 12EP REV 1 AS BUILT 5-12-2013 Pg No 45-54 .pdf,13,drawing_only,medium,electrical drawing/manual page
test2_distribution_board_fixture_only,Test/Test 2/23000143 12EP REV 1 AS BUILT 5-12-2013 Pg No 45-54 .pdf,14,drawing_only,medium,electrical drawing/manual page
test2_distribution_board_fixture_only,Test/Test 2/23000143 12EP REV 1 AS BUILT 5-12-2013 Pg No 45-54 .pdf,15,drawing_only,medium,electrical drawing/manual page
test2_distribution_board_fixture_only,Test/Test 2/23000143 12EP REV 1 AS BUILT 5-12-2013 Pg No 45-54 .pdf,16,drawing_only,medium,electrical drawing/manual page
test2_distribution_board_fixture_only,Test/Test 2/23000143 12EP REV 1 AS BUILT 5-12-2013 Pg No 45-54 .pdf,17,drawing_only,medium,electrical drawing/manual page
test2_distribution_board_fixture_only,Test/Test 2/23000143 12EP REV 1 AS BUILT 5-12-2013 Pg No 45-54 .pdf,18,drawing_only,medium,electrical drawing/manual page
test2_distribution_board_fixture_only,Test/Test 2/23000143 12EP REV 1 AS BUILT 5-12-2013 Pg No 45-54 .pdf,19,drawing_only,medium,electrical drawing/manual page
test2_distribution_board_fixture_only,Test/Test 2/23000143 12EP REV 1 AS BUILT 5-12-2013 Pg No 45-54 .pdf,20,drawing_only,medium,electrical drawing/manual page
test2_distribution_board_fixture_only,Test/Test 2/23000143 12EP REV 1 AS BUILT 5-12-2013 Pg No 45-54 .pdf,21,drawing_only,medium,electrical drawing/manual page
test2_distribution_board_fixture_only,Test/Test 2/23000143 12EP REV 1 AS BUILT 5-12-2013 Pg No 45-54 .pdf,22,drawing_only,medium,electrical drawing/manual page
test2_distribution_board_fixture_only,Test/Test 2/23000143 12EP REV 1 AS BUILT 5-12-2013 Pg No 45-54 .pdf,23,drawing_only,medium,electrical drawing/manual page
test2_distribution_board_fixture_only,Test/Test 2/23000143 12EP REV 1 AS BUILT 5-12-2013 Pg No 45-54 .pdf,24,drawing_only,medium,electrical drawing/manual page
test2_distribution_board_fixture_only,Test/Test 2/23000143 12EP REV 1 AS BUILT 5-12-2013 Pg No 45-54 .pdf,25,drawing_only,medium,electrical drawing/manual page
test2_distribution_board_fixture_only,Test/Test 2/23000143 12EP REV 1 AS BUILT 5-12-2013 Pg No 45-54 .pdf,26,drawing_only,medium,electrical drawing/manual page
test2_distribution_board_fixture_only,Test/Test 2/23000143 12EP REV 1 AS BUILT 5-12-2013 Pg No 45-54 .pdf,27,drawing_only,medium,electrical drawing/manual page
test2_distribution_board_fixture_only,Test/Test 2/23000143 12EP REV 1 AS BUILT 5-12-2013 Pg No 45-54 .pdf,28,drawing_only,medium,electrical drawing/manual page
test2_distribution_board_fixture_only,Test/Test 2/23000143 12EP REV 1 AS BUILT 5-12-2013 Pg No 45-54 .pdf,29,drawing_only,medium,electrical drawing/manual page
test2_distribution_board_fixture_only,Test/Test 2/23000143 12EP REV 1 AS BUILT 5-12-2013 Pg No 45-54 .pdf,30,drawing_only,medium,electrical drawing/manual page
test2_distribution_board_fixture_only,Test/Test 2/23000143 12EP REV 1 AS BUILT 5-12-2013 Pg No 45-54 .pdf,31,drawing_only,medium,electrical drawing/manual page
test2_distribution_board_fixture_only,Test/Test 2/23000143 12EP REV 1 AS BUILT 5-12-2013 Pg No 45-54 .pdf,32,drawing_only,medium,electrical drawing/manual page
test2_distribution_board_fixture_only,Test/Test 2/23000143 12EP REV 1 AS BUILT 5-12-2013 Pg No 45-54 .pdf,33,drawing_only,medium,electrical drawing/manual page
test2_distribution_board_fixture_only,Test/Test 2/23000143 12EP REV 1 AS BUILT 5-12-2013 Pg No 45-54 .pdf,34,drawing_only,medium,electrical drawing/manual page
test2_distribution_board_fixture_only,Test/Test 2/23000143 12EP REV 1 AS BUILT 5-12-2013 Pg No 45-54 .pdf,35,drawing_only,medium,electrical drawing/manual page
test2_distribution_board_fixture_only,Test/Test 2/23000143 12EP REV 1 AS BUILT 5-12-2013 Pg No 45-54 .pdf,36,drawing_only,medium,electrical drawing/manual page
test2_distribution_board_fixture_only,Test/Test 2/23000143 12EP REV 1 AS BUILT 5-12-2013 Pg No 45-54 .pdf,37,drawing_only,medium,electrical drawing/manual page
test2_distribution_board_fixture_only,Test/Test 2/23000143 12EP REV 1 AS BUILT 5-12-2013 Pg No 45-54 .pdf,38,drawing_only,medium,electrical drawing/manual page
test2_distribution_board_fixture_only,Test/Test 2/23000143 12EP REV 1 AS BUILT 5-12-2013 Pg No 45-54 .pdf,39,drawing_only,medium,electrical drawing/manual page
test2_distribution_board_fixture_only,Test/Test 2/23000143 12EP REV 1 AS BUILT 5-12-2013 Pg No 45-54 .pdf,40,drawing_only,medium,electrical drawing/manual page
test2_distribution_board_fixture_only,Test/Test 2/23000143 12EP REV 1 AS BUILT 5-12-2013 Pg No 45-54 .pdf,41,drawing_only,medium,electrical drawing/manual page
test2_distribution_board_fixture_only,Test/Test 2/23000143 12EP REV 1 AS BUILT 5-12-2013 Pg No 45-54 .pdf,42,drawing_only,medium,electrical drawing/manual page
test2_distribution_board_fixture_only,Test/Test 2/23000143 12EP REV 1 AS BUILT 5-12-2013 Pg No 45-54 .pdf,43,drawing_only,medium,electrical drawing/manual page
test2_distribution_board_fixture_only,Test/Test 2/23000143 12EP REV 1 AS BUILT 5-12-2013 Pg No 45-54 .pdf,44,drawing_only,medium,electrical drawing/manual page
test2_distribution_board_fixture_only,Test/Test 2/23000143 12EP REV 1 AS BUILT 5-12-2013 Pg No 45-54 .pdf,45,spare_parts_table,high,known-good output rows
test2_distribution_board_fixture_only,Test/Test 2/23000143 12EP REV 1 AS BUILT 5-12-2013 Pg No 45-54 .pdf,46,spare_parts_table,high,known-good output rows
test2_distribution_board_fixture_only,Test/Test 2/23000143 12EP REV 1 AS BUILT 5-12-2013 Pg No 45-54 .pdf,47,spare_parts_table,high,known-good output rows
test2_distribution_board_fixture_only,Test/Test 2/23000143 12EP REV 1 AS BUILT 5-12-2013 Pg No 45-54 .pdf,48,spare_parts_table,high,known-good output rows
test2_distribution_board_fixture_only,Test/Test 2/23000143 12EP REV 1 AS BUILT 5-12-2013 Pg No 45-54 .pdf,49,spare_parts_table,high,known-good output rows
test2_distribution_board_fixture_only,Test/Test 2/23000143 12EP REV 1 AS BUILT 5-12-2013 Pg No 45-54 .pdf,50,spare_parts_table,high,known-good output rows
test2_distribution_board_fixture_only,Test/Test 2/23000143 12EP REV 1 AS BUILT 5-12-2013 Pg No 45-54 .pdf,51,spare_parts_table,high,known-good output rows
test2_distribution_board_fixture_only,Test/Test 2/23000143 12EP REV 1 AS BUILT 5-12-2013 Pg No 45-54 .pdf,52,spare_parts_table,high,known-good output rows
test2_distribution_board_fixture_only,Test/Test 2/23000143 12EP REV 1 AS BUILT 5-12-2013 Pg No 45-54 .pdf,53,spare_parts_table,high,known-good output rows
test2_distribution_board_fixture_only,Test/Test 2/23000143 12EP REV 1 AS BUILT 5-12-2013 Pg No 45-54 .pdf,54,spare_parts_table,high,known-good output rows
test3_final_drawings_reference,Test/Test 3/FINAL DRAWINGS Pg No 69-197.pdf,1,drawing_only,high,reference drawing/title-block pages
test3_final_drawings_reference,Test/Test 3/FINAL DRAWINGS Pg No 69-197.pdf,2,drawing_only,high,reference drawing/title-block pages
test3_final_drawings_reference,Test/Test 3/FINAL DRAWINGS Pg No 69-197.pdf,3,drawing_only,high,reference drawing/title-block pages
test3_final_drawings_reference,Test/Test 3/FINAL DRAWINGS Pg No 69-197.pdf,4,drawing_only,high,reference drawing/title-block pages
test3_final_drawings_reference,Test/Test 3/FINAL DRAWINGS Pg No 69-197.pdf,5,drawing_only,high,reference drawing/title-block pages
test3_final_drawings_reference,Test/Test 3/FINAL DRAWINGS Pg No 69-197.pdf,6,drawing_only,high,reference drawing/title-block pages
test3_final_drawings_reference,Test/Test 3/FINAL DRAWINGS Pg No 69-197.pdf,7,drawing_only,high,reference drawing/title-block pages
test3_final_drawings_reference,Test/Test 3/FINAL DRAWINGS Pg No 69-197.pdf,8,drawing_only,high,reference drawing/title-block pages
test3_final_drawings_reference,Test/Test 3/FINAL DRAWINGS Pg No 69-197.pdf,9,drawing_only,high,reference drawing/title-block pages
test3_final_drawings_reference,Test/Test 3/FINAL DRAWINGS Pg No 69-197.pdf,10,drawing_only,high,reference drawing/title-block pages
test3_final_drawings_reference,Test/Test 3/FINAL DRAWINGS Pg No 69-197.pdf,11,drawing_only,high,reference drawing/title-block pages
test3_final_drawings_reference,Test/Test 3/FINAL DRAWINGS Pg No 69-197.pdf,12,drawing_only,high,reference drawing/title-block pages
test3_final_drawings_reference,Test/Test 3/FINAL DRAWINGS Pg No 69-197.pdf,13,drawing_only,high,reference drawing/title-block pages
test3_final_drawings_reference,Test/Test 3/FINAL DRAWINGS Pg No 69-197.pdf,14,drawing_only,high,reference drawing/title-block pages
test3_final_drawings_reference,Test/Test 3/FINAL DRAWINGS Pg No 69-197.pdf,15,drawing_only,high,reference drawing/title-block pages
test3_final_drawings_reference,Test/Test 3/FINAL DRAWINGS Pg No 69-197.pdf,16,drawing_only,high,reference drawing/title-block pages
test3_final_drawings_reference,Test/Test 3/FINAL DRAWINGS Pg No 69-197.pdf,17,drawing_only,high,reference drawing/title-block pages
test3_final_drawings_reference,Test/Test 3/FINAL DRAWINGS Pg No 69-197.pdf,18,drawing_only,high,reference drawing/title-block pages
test3_final_drawings_reference,Test/Test 3/FINAL DRAWINGS Pg No 69-197.pdf,19,drawing_only,high,reference drawing/title-block pages
test3_final_drawings_reference,Test/Test 3/FINAL DRAWINGS Pg No 69-197.pdf,20,drawing_only,high,reference drawing/title-block pages
test3_final_drawings_reference,Test/Test 3/FINAL DRAWINGS Pg No 69-197.pdf,21,drawing_only,high,reference drawing/title-block pages
test3_final_drawings_reference,Test/Test 3/FINAL DRAWINGS Pg No 69-197.pdf,22,drawing_only,high,reference drawing/title-block pages
test3_final_drawings_reference,Test/Test 3/FINAL DRAWINGS Pg No 69-197.pdf,23,drawing_only,high,reference drawing/title-block pages
test3_final_drawings_reference,Test/Test 3/FINAL DRAWINGS Pg No 69-197.pdf,24,drawing_only,high,reference drawing/title-block pages
test3_final_drawings_reference,Test/Test 3/FINAL DRAWINGS Pg No 69-197.pdf,25,drawing_only,high,reference drawing/title-block pages
test3_final_drawings_reference,Test/Test 3/FINAL DRAWINGS Pg No 69-197.pdf,26,drawing_only,high,reference drawing/title-block pages
test3_final_drawings_reference,Test/Test 3/FINAL DRAWINGS Pg No 69-197.pdf,27,drawing_only,high,reference drawing/title-block pages
test3_final_drawings_reference,Test/Test 3/FINAL DRAWINGS Pg No 69-197.pdf,28,drawing_only,high,reference drawing/title-block pages
test3_final_drawings_reference,Test/Test 3/FINAL DRAWINGS Pg No 69-197.pdf,29,drawing_only,high,reference drawing/title-block pages
test3_final_drawings_reference,Test/Test 3/FINAL DRAWINGS Pg No 69-197.pdf,30,drawing_only,high,reference drawing/title-block pages
test3_final_drawings_reference,Test/Test 3/FINAL DRAWINGS Pg No 69-197.pdf,31,drawing_only,high,reference drawing/title-block pages
test3_final_drawings_reference,Test/Test 3/FINAL DRAWINGS Pg No 69-197.pdf,32,drawing_only,high,reference drawing/title-block pages
test3_final_drawings_reference,Test/Test 3/FINAL DRAWINGS Pg No 69-197.pdf,33,drawing_only,high,reference drawing/title-block pages
test3_final_drawings_reference,Test/Test 3/FINAL DRAWINGS Pg No 69-197.pdf,34,drawing_only,high,reference drawing/title-block pages
test3_final_drawings_reference,Test/Test 3/FINAL DRAWINGS Pg No 69-197.pdf,35,drawing_only,high,reference drawing/title-block pages
test3_final_drawings_reference,Test/Test 3/FINAL DRAWINGS Pg No 69-197.pdf,36,drawing_only,high,reference drawing/title-block pages
test3_final_drawings_reference,Test/Test 3/FINAL DRAWINGS Pg No 69-197.pdf,37,drawing_only,high,reference drawing/title-block pages
test3_final_drawings_reference,Test/Test 3/FINAL DRAWINGS Pg No 69-197.pdf,38,drawing_only,high,reference drawing/title-block pages
test3_final_drawings_reference,Test/Test 3/FINAL DRAWINGS Pg No 69-197.pdf,39,drawing_only,high,reference drawing/title-block pages
test3_final_drawings_reference,Test/Test 3/FINAL DRAWINGS Pg No 69-197.pdf,40,drawing_only,high,reference drawing/title-block pages
test3_final_drawings_reference,Test/Test 3/FINAL DRAWINGS Pg No 69-197.pdf,41,drawing_only,high,reference drawing/title-block pages
test3_final_drawings_reference,Test/Test 3/FINAL DRAWINGS Pg No 69-197.pdf,42,drawing_only,high,reference drawing/title-block pages
test3_final_drawings_reference,Test/Test 3/FINAL DRAWINGS Pg No 69-197.pdf,43,drawing_only,high,reference drawing/title-block pages
test3_final_drawings_reference,Test/Test 3/FINAL DRAWINGS Pg No 69-197.pdf,44,drawing_only,high,reference drawing/title-block pages
test3_final_drawings_reference,Test/Test 3/FINAL DRAWINGS Pg No 69-197.pdf,45,drawing_only,high,reference drawing/title-block pages
test3_final_drawings_reference,Test/Test 3/FINAL DRAWINGS Pg No 69-197.pdf,46,drawing_only,high,reference drawing/title-block pages
test3_final_drawings_reference,Test/Test 3/FINAL DRAWINGS Pg No 69-197.pdf,47,drawing_only,high,reference drawing/title-block pages
test3_final_drawings_reference,Test/Test 3/FINAL DRAWINGS Pg No 69-197.pdf,48,drawing_only,high,reference drawing/title-block pages
test3_final_drawings_reference,Test/Test 3/FINAL DRAWINGS Pg No 69-197.pdf,49,drawing_only,high,reference drawing/title-block pages
test3_final_drawings_reference,Test/Test 3/FINAL DRAWINGS Pg No 69-197.pdf,50,drawing_only,high,reference drawing/title-block pages
test3_final_drawings_reference,Test/Test 3/FINAL DRAWINGS Pg No 69-197.pdf,51,drawing_only,high,reference drawing/title-block pages
test3_final_drawings_reference,Test/Test 3/FINAL DRAWINGS Pg No 69-197.pdf,52,drawing_only,high,reference drawing/title-block pages
test3_final_drawings_reference,Test/Test 3/FINAL DRAWINGS Pg No 69-197.pdf,53,drawing_only,high,reference drawing/title-block pages
test3_final_drawings_reference,Test/Test 3/FINAL DRAWINGS Pg No 69-197.pdf,54,drawing_only,high,reference drawing/title-block pages
test3_final_drawings_reference,Test/Test 3/FINAL DRAWINGS Pg No 69-197.pdf,55,drawing_only,high,reference drawing/title-block pages
test3_final_drawings_reference,Test/Test 3/FINAL DRAWINGS Pg No 69-197.pdf,56,drawing_only,high,reference drawing/title-block pages
test3_final_drawings_reference,Test/Test 3/FINAL DRAWINGS Pg No 69-197.pdf,57,drawing_only,high,reference drawing/title-block pages
test3_final_drawings_reference,Test/Test 3/FINAL DRAWINGS Pg No 69-197.pdf,58,drawing_only,high,reference drawing/title-block pages
test3_final_drawings_reference,Test/Test 3/FINAL DRAWINGS Pg No 69-197.pdf,59,drawing_only,high,reference drawing/title-block pages
test3_final_drawings_reference,Test/Test 3/FINAL DRAWINGS Pg No 69-197.pdf,60,drawing_only,high,reference drawing/title-block pages
test3_final_drawings_reference,Test/Test 3/FINAL DRAWINGS Pg No 69-197.pdf,61,drawing_only,high,reference drawing/title-block pages
test3_final_drawings_reference,Test/Test 3/FINAL DRAWINGS Pg No 69-197.pdf,62,drawing_only,high,reference drawing/title-block pages
test3_final_drawings_reference,Test/Test 3/FINAL DRAWINGS Pg No 69-197.pdf,63,drawing_only,high,reference drawing/title-block pages
test3_final_drawings_reference,Test/Test 3/FINAL DRAWINGS Pg No 69-197.pdf,64,drawing_only,high,reference drawing/title-block pages
test3_final_drawings_reference,Test/Test 3/FINAL DRAWINGS Pg No 69-197.pdf,65,drawing_only,high,reference drawing/title-block pages
test3_final_drawings_reference,Test/Test 3/FINAL DRAWINGS Pg No 69-197.pdf,66,drawing_only,high,reference drawing/title-block pages
test3_final_drawings_reference,Test/Test 3/FINAL DRAWINGS Pg No 69-197.pdf,67,drawing_only,high,reference drawing/title-block pages
test3_final_drawings_reference,Test/Test 3/FINAL DRAWINGS Pg No 69-197.pdf,68,drawing_only,high,reference drawing/title-block pages
test3_final_drawings_reference,Test/Test 3/FINAL DRAWINGS Pg No 69-197.pdf,69,drawing_only,high,reference drawing/title-block pages
test3_final_drawings_reference,Test/Test 3/FINAL DRAWINGS Pg No 69-197.pdf,70,drawing_only,high,reference drawing/title-block pages
test3_final_drawings_reference,Test/Test 3/FINAL DRAWINGS Pg No 69-197.pdf,71,drawing_only,high,reference drawing/title-block pages
test3_final_drawings_reference,Test/Test 3/FINAL DRAWINGS Pg No 69-197.pdf,72,drawing_only,high,reference drawing/title-block pages
test3_final_drawings_reference,Test/Test 3/FINAL DRAWINGS Pg No 69-197.pdf,73,drawing_only,high,reference drawing/title-block pages
test3_final_drawings_reference,Test/Test 3/FINAL DRAWINGS Pg No 69-197.pdf,74,drawing_only,high,reference drawing/title-block pages
test3_final_drawings_reference,Test/Test 3/FINAL DRAWINGS Pg No 69-197.pdf,75,drawing_only,high,reference drawing/title-block pages
test3_final_drawings_reference,Test/Test 3/FINAL DRAWINGS Pg No 69-197.pdf,76,drawing_only,high,reference drawing/title-block pages
test3_final_drawings_reference,Test/Test 3/FINAL DRAWINGS Pg No 69-197.pdf,77,drawing_only,high,reference drawing/title-block pages
test3_final_drawings_reference,Test/Test 3/FINAL DRAWINGS Pg No 69-197.pdf,78,drawing_only,high,reference drawing/title-block pages
test3_final_drawings_reference,Test/Test 3/FINAL DRAWINGS Pg No 69-197.pdf,79,drawing_only,high,reference drawing/title-block pages
test3_final_drawings_reference,Test/Test 3/FINAL DRAWINGS Pg No 69-197.pdf,80,drawing_only,high,reference drawing/title-block pages
test3_final_drawings_reference,Test/Test 3/FINAL DRAWINGS Pg No 69-197.pdf,81,drawing_only,high,reference drawing/title-block pages
test3_final_drawings_reference,Test/Test 3/FINAL DRAWINGS Pg No 69-197.pdf,82,drawing_only,high,reference drawing/title-block pages
test3_final_drawings_reference,Test/Test 3/FINAL DRAWINGS Pg No 69-197.pdf,83,drawing_only,high,reference drawing/title-block pages
test3_final_drawings_reference,Test/Test 3/FINAL DRAWINGS Pg No 69-197.pdf,84,drawing_only,high,reference drawing/title-block pages
test3_final_drawings_reference,Test/Test 3/FINAL DRAWINGS Pg No 69-197.pdf,85,drawing_only,high,reference drawing/title-block pages
test3_final_drawings_reference,Test/Test 3/FINAL DRAWINGS Pg No 69-197.pdf,86,drawing_only,high,reference drawing/title-block pages
test3_final_drawings_reference,Test/Test 3/FINAL DRAWINGS Pg No 69-197.pdf,87,drawing_only,high,reference drawing/title-block pages
test3_final_drawings_reference,Test/Test 3/FINAL DRAWINGS Pg No 69-197.pdf,88,drawing_only,high,reference drawing/title-block pages
test3_final_drawings_reference,Test/Test 3/FINAL DRAWINGS Pg No 69-197.pdf,89,drawing_only,high,reference drawing/title-block pages
test3_final_drawings_reference,Test/Test 3/FINAL DRAWINGS Pg No 69-197.pdf,90,drawing_only,high,reference drawing/title-block pages
test3_final_drawings_reference,Test/Test 3/FINAL DRAWINGS Pg No 69-197.pdf,91,drawing_only,high,reference drawing/title-block pages
test3_final_drawings_reference,Test/Test 3/FINAL DRAWINGS Pg No 69-197.pdf,92,drawing_only,high,reference drawing/title-block pages
test3_final_drawings_reference,Test/Test 3/FINAL DRAWINGS Pg No 69-197.pdf,93,drawing_only,high,reference drawing/title-block pages
test3_final_drawings_reference,Test/Test 3/FINAL DRAWINGS Pg No 69-197.pdf,94,drawing_only,high,reference drawing/title-block pages
test3_final_drawings_reference,Test/Test 3/FINAL DRAWINGS Pg No 69-197.pdf,95,drawing_only,high,reference drawing/title-block pages
test3_final_drawings_reference,Test/Test 3/FINAL DRAWINGS Pg No 69-197.pdf,96,drawing_only,high,reference drawing/title-block pages
test3_final_drawings_reference,Test/Test 3/FINAL DRAWINGS Pg No 69-197.pdf,97,drawing_only,high,reference drawing/title-block pages
test3_final_drawings_reference,Test/Test 3/FINAL DRAWINGS Pg No 69-197.pdf,98,drawing_only,high,reference drawing/title-block pages
test3_final_drawings_reference,Test/Test 3/FINAL DRAWINGS Pg No 69-197.pdf,99,drawing_only,high,reference drawing/title-block pages
test3_final_drawings_reference,Test/Test 3/FINAL DRAWINGS Pg No 69-197.pdf,100,drawing_only,high,reference drawing/title-block pages
test3_final_drawings_reference,Test/Test 3/FINAL DRAWINGS Pg No 69-197.pdf,101,drawing_only,high,reference drawing/title-block pages
test3_final_drawings_reference,Test/Test 3/FINAL DRAWINGS Pg No 69-197.pdf,102,drawing_only,high,reference drawing/title-block pages
test3_final_drawings_reference,Test/Test 3/FINAL DRAWINGS Pg No 69-197.pdf,103,drawing_only,high,reference drawing/title-block pages
test3_final_drawings_reference,Test/Test 3/FINAL DRAWINGS Pg No 69-197.pdf,104,drawing_only,high,reference drawing/title-block pages
test3_final_drawings_reference,Test/Test 3/FINAL DRAWINGS Pg No 69-197.pdf,105,drawing_only,high,reference drawing/title-block pages
test3_final_drawings_reference,Test/Test 3/FINAL DRAWINGS Pg No 69-197.pdf,106,drawing_only,high,reference drawing/title-block pages
test3_final_drawings_reference,Test/Test 3/FINAL DRAWINGS Pg No 69-197.pdf,107,drawing_only,high,reference drawing/title-block pages
test3_final_drawings_reference,Test/Test 3/FINAL DRAWINGS Pg No 69-197.pdf,108,drawing_only,high,reference drawing/title-block pages
test3_final_drawings_reference,Test/Test 3/FINAL DRAWINGS Pg No 69-197.pdf,109,drawing_only,high,reference drawing/title-block pages
test3_final_drawings_reference,Test/Test 3/FINAL DRAWINGS Pg No 69-197.pdf,110,drawing_only,high,reference drawing/title-block pages
test3_final_drawings_reference,Test/Test 3/FINAL DRAWINGS Pg No 69-197.pdf,111,drawing_only,high,reference drawing/title-block pages
test3_final_drawings_reference,Test/Test 3/FINAL DRAWINGS Pg No 69-197.pdf,112,drawing_only,high,reference drawing/title-block pages
test3_final_drawings_reference,Test/Test 3/FINAL DRAWINGS Pg No 69-197.pdf,113,drawing_only,high,reference drawing/title-block pages
test3_final_drawings_reference,Test/Test 3/FINAL DRAWINGS Pg No 69-197.pdf,114,drawing_only,high,reference drawing/title-block pages
test3_final_drawings_reference,Test/Test 3/FINAL DRAWINGS Pg No 69-197.pdf,115,drawing_only,high,reference drawing/title-block pages
test3_final_drawings_reference,Test/Test 3/FINAL DRAWINGS Pg No 69-197.pdf,116,drawing_only,high,reference drawing/title-block pages
test3_final_drawings_reference,Test/Test 3/FINAL DRAWINGS Pg No 69-197.pdf,117,drawing_only,high,reference drawing/title-block pages
test3_final_drawings_reference,Test/Test 3/FINAL DRAWINGS Pg No 69-197.pdf,118,drawing_only,high,reference drawing/title-block pages
test3_final_drawings_reference,Test/Test 3/FINAL DRAWINGS Pg No 69-197.pdf,119,drawing_only,high,reference drawing/title-block pages
test3_final_drawings_reference,Test/Test 3/FINAL DRAWINGS Pg No 69-197.pdf,120,drawing_only,high,reference drawing/title-block pages
test3_final_drawings_reference,Test/Test 3/FINAL DRAWINGS Pg No 69-197.pdf,121,drawing_only,high,reference drawing/title-block pages
test3_final_drawings_reference,Test/Test 3/FINAL DRAWINGS Pg No 69-197.pdf,122,drawing_only,high,reference drawing/title-block pages
test3_final_drawings_reference,Test/Test 3/FINAL DRAWINGS Pg No 69-197.pdf,123,drawing_only,high,reference drawing/title-block pages
test3_final_drawings_reference,Test/Test 3/FINAL DRAWINGS Pg No 69-197.pdf,124,drawing_only,high,reference drawing/title-block pages
test3_final_drawings_reference,Test/Test 3/FINAL DRAWINGS Pg No 69-197.pdf,125,drawing_only,high,reference drawing/title-block pages
test3_final_drawings_reference,Test/Test 3/FINAL DRAWINGS Pg No 69-197.pdf,126,drawing_only,high,reference drawing/title-block pages
test3_final_drawings_reference,Test/Test 3/FINAL DRAWINGS Pg No 69-197.pdf,127,drawing_only,high,reference drawing/title-block pages
test3_final_drawings_reference,Test/Test 3/FINAL DRAWINGS Pg No 69-197.pdf,128,drawing_only,high,reference drawing/title-block pages
test3_final_drawings_reference,Test/Test 3/FINAL DRAWINGS Pg No 69-197.pdf,129,drawing_only,high,reference drawing/title-block pages
test3_final_drawings_reference,Test/Test 3/FINAL DRAWINGS Pg No 69-197.pdf,130,drawing_only,high,reference drawing/title-block pages
test3_final_drawings_reference,Test/Test 3/FINAL DRAWINGS Pg No 69-197.pdf,131,drawing_only,high,reference drawing/title-block pages
test3_final_drawings_reference,Test/Test 3/FINAL DRAWINGS Pg No 69-197.pdf,132,drawing_only,high,reference drawing/title-block pages
test3_final_drawings_reference,Test/Test 3/FINAL DRAWINGS Pg No 69-197.pdf,133,drawing_only,high,reference drawing/title-block pages
test3_final_drawings_reference,Test/Test 3/FINAL DRAWINGS Pg No 69-197.pdf,134,drawing_only,high,reference drawing/title-block pages
test3_final_drawings_reference,Test/Test 3/FINAL DRAWINGS Pg No 69-197.pdf,135,drawing_only,high,reference drawing/title-block pages
test3_final_drawings_reference,Test/Test 3/FINAL DRAWINGS Pg No 69-197.pdf,136,drawing_only,high,reference drawing/title-block pages
test3_final_drawings_reference,Test/Test 3/FINAL DRAWINGS Pg No 69-197.pdf,137,drawing_only,high,reference drawing/title-block pages
test3_final_drawings_reference,Test/Test 3/FINAL DRAWINGS Pg No 69-197.pdf,138,drawing_only,high,reference drawing/title-block pages
test3_final_drawings_reference,Test/Test 3/FINAL DRAWINGS Pg No 69-197.pdf,139,drawing_only,high,reference drawing/title-block pages
test3_final_drawings_reference,Test/Test 3/FINAL DRAWINGS Pg No 69-197.pdf,140,drawing_only,high,reference drawing/title-block pages
test3_final_drawings_reference,Test/Test 3/FINAL DRAWINGS Pg No 69-197.pdf,141,drawing_only,high,reference drawing/title-block pages
test3_final_drawings_reference,Test/Test 3/FINAL DRAWINGS Pg No 69-197.pdf,142,drawing_only,high,reference drawing/title-block pages
test3_final_drawings_reference,Test/Test 3/FINAL DRAWINGS Pg No 69-197.pdf,143,drawing_only,high,reference drawing/title-block pages
test3_final_drawings_reference,Test/Test 3/FINAL DRAWINGS Pg No 69-197.pdf,144,drawing_only,high,reference drawing/title-block pages
test3_final_drawings_reference,Test/Test 3/FINAL DRAWINGS Pg No 69-197.pdf,145,drawing_only,high,reference drawing/title-block pages
test3_final_drawings_reference,Test/Test 3/FINAL DRAWINGS Pg No 69-197.pdf,146,drawing_only,high,reference drawing/title-block pages
test3_final_drawings_reference,Test/Test 3/FINAL DRAWINGS Pg No 69-197.pdf,147,drawing_only,high,reference drawing/title-block pages
test3_final_drawings_reference,Test/Test 3/FINAL DRAWINGS Pg No 69-197.pdf,148,drawing_only,high,reference drawing/title-block pages
test3_final_drawings_reference,Test/Test 3/FINAL DRAWINGS Pg No 69-197.pdf,149,drawing_only,high,reference drawing/title-block pages
test3_final_drawings_reference,Test/Test 3/FINAL DRAWINGS Pg No 69-197.pdf,150,drawing_only,high,reference drawing/title-block pages
test3_final_drawings_reference,Test/Test 3/FINAL DRAWINGS Pg No 69-197.pdf,151,drawing_only,high,reference drawing/title-block pages
test3_final_drawings_reference,Test/Test 3/FINAL DRAWINGS Pg No 69-197.pdf,152,drawing_only,high,reference drawing/title-block pages
test3_final_drawings_reference,Test/Test 3/FINAL DRAWINGS Pg No 69-197.pdf,153,drawing_only,high,reference drawing/title-block pages
test3_final_drawings_reference,Test/Test 3/FINAL DRAWINGS Pg No 69-197.pdf,154,drawing_only,high,reference drawing/title-block pages
test3_final_drawings_reference,Test/Test 3/FINAL DRAWINGS Pg No 69-197.pdf,155,drawing_only,high,reference drawing/title-block pages
test3_final_drawings_reference,Test/Test 3/FINAL DRAWINGS Pg No 69-197.pdf,156,drawing_only,high,reference drawing/title-block pages
test3_final_drawings_reference,Test/Test 3/FINAL DRAWINGS Pg No 69-197.pdf,157,drawing_only,high,reference drawing/title-block pages
test3_final_drawings_reference,Test/Test 3/FINAL DRAWINGS Pg No 69-197.pdf,158,drawing_only,high,reference drawing/title-block pages
test3_final_drawings_reference,Test/Test 3/FINAL DRAWINGS Pg No 69-197.pdf,159,drawing_only,high,reference drawing/title-block pages
test3_final_drawings_reference,Test/Test 3/FINAL DRAWINGS Pg No 69-197.pdf,160,drawing_only,high,reference drawing/title-block pages
test3_final_drawings_reference,Test/Test 3/FINAL DRAWINGS Pg No 69-197.pdf,161,drawing_only,high,reference drawing/title-block pages
test3_final_drawings_reference,Test/Test 3/FINAL DRAWINGS Pg No 69-197.pdf,162,drawing_only,high,reference drawing/title-block pages
test3_final_drawings_reference,Test/Test 3/FINAL DRAWINGS Pg No 69-197.pdf,163,drawing_only,high,reference drawing/title-block pages
test3_final_drawings_reference,Test/Test 3/FINAL DRAWINGS Pg No 69-197.pdf,164,drawing_only,high,reference drawing/title-block pages
test3_final_drawings_reference,Test/Test 3/FINAL DRAWINGS Pg No 69-197.pdf,165,drawing_only,high,reference drawing/title-block pages
test3_final_drawings_reference,Test/Test 3/FINAL DRAWINGS Pg No 69-197.pdf,166,drawing_only,high,reference drawing/title-block pages
test3_final_drawings_reference,Test/Test 3/FINAL DRAWINGS Pg No 69-197.pdf,167,drawing_only,high,reference drawing/title-block pages
test3_final_drawings_reference,Test/Test 3/FINAL DRAWINGS Pg No 69-197.pdf,168,drawing_only,high,reference drawing/title-block pages
test3_final_drawings_reference,Test/Test 3/FINAL DRAWINGS Pg No 69-197.pdf,169,drawing_only,high,reference drawing/title-block pages
test3_final_drawings_reference,Test/Test 3/FINAL DRAWINGS Pg No 69-197.pdf,170,drawing_only,high,reference drawing/title-block pages
test3_final_drawings_reference,Test/Test 3/FINAL DRAWINGS Pg No 69-197.pdf,171,drawing_only,high,reference drawing/title-block pages
test3_final_drawings_reference,Test/Test 3/FINAL DRAWINGS Pg No 69-197.pdf,172,drawing_only,high,reference drawing/title-block pages
test3_final_drawings_reference,Test/Test 3/FINAL DRAWINGS Pg No 69-197.pdf,173,drawing_only,high,reference drawing/title-block pages
test3_final_drawings_reference,Test/Test 3/FINAL DRAWINGS Pg No 69-197.pdf,174,drawing_only,high,reference drawing/title-block pages
test3_final_drawings_reference,Test/Test 3/FINAL DRAWINGS Pg No 69-197.pdf,175,drawing_only,high,reference drawing/title-block pages
test3_final_drawings_reference,Test/Test 3/FINAL DRAWINGS Pg No 69-197.pdf,176,drawing_only,high,reference drawing/title-block pages
test3_final_drawings_reference,Test/Test 3/FINAL DRAWINGS Pg No 69-197.pdf,177,drawing_only,high,reference drawing/title-block pages
test3_final_drawings_reference,Test/Test 3/FINAL DRAWINGS Pg No 69-197.pdf,178,drawing_only,high,reference drawing/title-block pages
test3_final_drawings_reference,Test/Test 3/FINAL DRAWINGS Pg No 69-197.pdf,179,drawing_only,high,reference drawing/title-block pages
test3_final_drawings_reference,Test/Test 3/FINAL DRAWINGS Pg No 69-197.pdf,180,drawing_only,high,reference drawing/title-block pages
test3_final_drawings_reference,Test/Test 3/FINAL DRAWINGS Pg No 69-197.pdf,181,drawing_only,high,reference drawing/title-block pages
test3_final_drawings_reference,Test/Test 3/FINAL DRAWINGS Pg No 69-197.pdf,182,drawing_only,high,reference drawing/title-block pages
test3_final_drawings_reference,Test/Test 3/FINAL DRAWINGS Pg No 69-197.pdf,183,drawing_only,high,reference drawing/title-block pages
test3_final_drawings_reference,Test/Test 3/FINAL DRAWINGS Pg No 69-197.pdf,184,drawing_only,high,reference drawing/title-block pages
test3_final_drawings_reference,Test/Test 3/FINAL DRAWINGS Pg No 69-197.pdf,185,drawing_only,high,reference drawing/title-block pages
test3_final_drawings_reference,Test/Test 3/FINAL DRAWINGS Pg No 69-197.pdf,186,drawing_only,high,reference drawing/title-block pages
test3_final_drawings_reference,Test/Test 3/FINAL DRAWINGS Pg No 69-197.pdf,187,drawing_only,high,reference drawing/title-block pages
test3_final_drawings_reference,Test/Test 3/FINAL DRAWINGS Pg No 69-197.pdf,188,drawing_only,high,reference drawing/title-block pages
test3_final_drawings_reference,Test/Test 3/FINAL DRAWINGS Pg No 69-197.pdf,189,drawing_only,high,reference drawing/title-block pages
test3_final_drawings_reference,Test/Test 3/FINAL DRAWINGS Pg No 69-197.pdf,190,drawing_only,high,reference drawing/title-block pages
test3_final_drawings_reference,Test/Test 3/FINAL DRAWINGS Pg No 69-197.pdf,191,drawing_only,high,reference drawing/title-block pages
test3_final_drawings_reference,Test/Test 3/FINAL DRAWINGS Pg No 69-197.pdf,192,drawing_only,high,reference drawing/title-block pages
test3_final_drawings_reference,Test/Test 3/FINAL DRAWINGS Pg No 69-197.pdf,193,drawing_only,high,reference drawing/title-block pages
test3_final_drawings_reference,Test/Test 3/FINAL DRAWINGS Pg No 69-197.pdf,194,drawing_only,high,reference drawing/title-block pages
test3_final_drawings_reference,Test/Test 3/FINAL DRAWINGS Pg No 69-197.pdf,195,drawing_only,high,reference drawing/title-block pages
test3_final_drawings_reference,Test/Test 3/FINAL DRAWINGS Pg No 69-197.pdf,196,drawing_only,high,reference drawing/title-block pages
test3_final_drawings_reference,Test/Test 3/FINAL DRAWINGS Pg No 69-197.pdf,197,drawing_only,high,reference drawing/title-block pages
test3_final_drawings_reference,Test/Test 3/FINAL DRAWINGS Pg No 69-197.pdf,198,drawing_only,high,reference drawing/title-block pages
test3_final_drawings_reference,Test/Test 3/FINAL DRAWINGS Pg No 69-197.pdf,199,drawing_only,high,reference drawing/title-block pages
test3_final_drawings_reference,Test/Test 3/FINAL DRAWINGS Pg No 69-197.pdf,200,drawing_only,high,reference drawing/title-block pages
test3_final_drawings_reference,Test/Test 3/FINAL DRAWINGS Pg No 69-197.pdf,201,drawing_only,high,reference drawing/title-block pages
test3_final_drawings_reference,Test/Test 3/FINAL DRAWINGS Pg No 69-197.pdf,202,drawing_only,high,reference drawing/title-block pages
test3_final_drawings_reference,Test/Test 3/FINAL DRAWINGS Pg No 69-197.pdf,203,drawing_only,high,reference drawing/title-block pages
test3_final_drawings_reference,Test/Test 3/FINAL DRAWINGS Pg No 69-197.pdf,204,drawing_only,high,reference drawing/title-block pages
test3_final_drawings_reference,Test/Test 3/FINAL DRAWINGS Pg No 69-197.pdf,205,drawing_only,high,reference drawing/title-block pages
test3_final_drawings_reference,Test/Test 3/FINAL DRAWINGS Pg No 69-197.pdf,206,drawing_only,high,reference drawing/title-block pages
test3_final_drawings_reference,Test/Test 3/FINAL DRAWINGS Pg No 69-197.pdf,207,drawing_only,high,reference drawing/title-block pages
test3_final_drawings_reference,Test/Test 3/FINAL DRAWINGS Pg No 69-197.pdf,208,drawing_only,high,reference drawing/title-block pages
test3_final_drawings_reference,Test/Test 3/FINAL DRAWINGS Pg No 69-197.pdf,209,drawing_only,high,reference drawing/title-block pages
test3_final_drawings_reference,Test/Test 3/FINAL DRAWINGS Pg No 69-197.pdf,210,drawing_only,high,reference drawing/title-block pages
test3_final_drawings_reference,Test/Test 3/FINAL DRAWINGS Pg No 69-197.pdf,211,drawing_only,high,reference drawing/title-block pages
test3_final_drawings_reference,Test/Test 3/FINAL DRAWINGS Pg No 69-197.pdf,212,drawing_only,high,reference drawing/title-block pages
test3_final_drawings_reference,Test/Test 3/FINAL DRAWINGS Pg No 69-197.pdf,213,drawing_only,high,reference drawing/title-block pages
test3_final_drawings_reference,Test/Test 3/FINAL DRAWINGS Pg No 69-197.pdf,214,drawing_only,high,reference drawing/title-block pages
test3_final_drawings_reference,Test/Test 3/FINAL DRAWINGS Pg No 69-197.pdf,215,drawing_only,high,reference drawing/title-block pages
test3_final_drawings_reference,Test/Test 3/FINAL DRAWINGS Pg No 69-197.pdf,216,drawing_only,high,reference drawing/title-block pages
test3_final_drawings_reference,Test/Test 3/FINAL DRAWINGS Pg No 69-197.pdf,217,drawing_only,high,reference drawing/title-block pages
test3_final_drawings_reference,Test/Test 3/FINAL DRAWINGS Pg No 69-197.pdf,218,drawing_only,high,reference drawing/title-block pages
test3_final_drawings_reference,Test/Test 3/FINAL DRAWINGS Pg No 69-197.pdf,219,drawing_only,high,reference drawing/title-block pages
test3_final_drawings_reference,Test/Test 3/FINAL DRAWINGS Pg No 69-197.pdf,220,drawing_only,high,reference drawing/title-block pages
test3_final_drawings_reference,Test/Test 3/FINAL DRAWINGS Pg No 69-197.pdf,221,drawing_only,high,reference drawing/title-block pages
test3_final_drawings_reference,Test/Test 3/FINAL DRAWINGS Pg No 69-197.pdf,222,drawing_only,high,reference drawing/title-block pages
test3_final_drawings_reference,Test/Test 3/FINAL DRAWINGS Pg No 69-197.pdf,223,drawing_only,high,reference drawing/title-block pages
test3_final_drawings_reference,Test/Test 3/FINAL DRAWINGS Pg No 69-197.pdf,224,drawing_only,high,reference drawing/title-block pages
test3_final_drawings_reference,Test/Test 3/FINAL DRAWINGS Pg No 69-197.pdf,225,drawing_only,high,reference drawing/title-block pages
test3_final_drawings_reference,Test/Test 3/FINAL DRAWINGS Pg No 69-197.pdf,226,drawing_only,high,reference drawing/title-block pages
test3_final_drawings_reference,Test/Test 3/FINAL DRAWINGS Pg No 69-197.pdf,227,drawing_only,high,reference drawing/title-block pages
test3_final_drawings_reference,Test/Test 3/FINAL DRAWINGS Pg No 69-197.pdf,228,drawing_only,high,reference drawing/title-block pages
test3_final_drawings_reference,Test/Test 3/FINAL DRAWINGS Pg No 69-197.pdf,229,drawing_only,high,reference drawing/title-block pages
test3_final_drawings_reference,Test/Test 3/FINAL DRAWINGS Pg No 69-197.pdf,230,drawing_only,high,reference drawing/title-block pages
test3_final_drawings_reference,Test/Test 3/FINAL DRAWINGS Pg No 69-197.pdf,231,drawing_only,high,reference drawing/title-block pages
test3_final_drawings_reference,Test/Test 3/FINAL DRAWINGS Pg No 69-197.pdf,232,drawing_only,high,reference drawing/title-block pages
test3_final_drawings_reference,Test/Test 3/FINAL DRAWINGS Pg No 69-197.pdf,233,drawing_only,high,reference drawing/title-block pages
test3_final_drawings_reference,Test/Test 3/FINAL DRAWINGS Pg No 69-197.pdf,234,drawing_only,high,reference drawing/title-block pages
test3_final_drawings_reference,Test/Test 3/FINAL DRAWINGS Pg No 69-197.pdf,235,drawing_only,high,reference drawing/title-block pages
test3_final_drawings_reference,Test/Test 3/FINAL DRAWINGS Pg No 69-197.pdf,236,drawing_only,high,reference drawing/title-block pages
test3_final_drawings_reference,Test/Test 3/FINAL DRAWINGS Pg No 69-197.pdf,237,drawing_only,high,reference drawing/title-block pages
test3_final_drawings_reference,Test/Test 3/FINAL DRAWINGS Pg No 69-197.pdf,238,drawing_only,high,reference drawing/title-block pages
test3_final_drawings_reference,Test/Test 3/FINAL DRAWINGS Pg No 69-197.pdf,239,drawing_only,high,reference drawing/title-block pages
test3_final_drawings_reference,Test/Test 3/FINAL DRAWINGS Pg No 69-197.pdf,240,drawing_only,high,reference drawing/title-block pages
test3_final_drawings_reference,Test/Test 3/FINAL DRAWINGS Pg No 69-197.pdf,241,drawing_only,high,reference drawing/title-block pages
test3_final_drawings_reference,Test/Test 3/FINAL DRAWINGS Pg No 69-197.pdf,242,drawing_only,high,reference drawing/title-block pages
test3_final_drawings_reference,Test/Test 3/FINAL DRAWINGS Pg No 69-197.pdf,243,drawing_only,high,reference drawing/title-block pages
test3_final_drawings_reference,Test/Test 3/FINAL DRAWINGS Pg No 69-197.pdf,244,drawing_only,high,reference drawing/title-block pages
test3_final_drawings_reference,Test/Test 3/FINAL DRAWINGS Pg No 69-197.pdf,245,drawing_only,high,reference drawing/title-block pages
test3_final_drawings_reference,Test/Test 3/FINAL DRAWINGS Pg No 69-197.pdf,246,drawing_only,high,reference drawing/title-block pages
test3_final_drawings_reference,Test/Test 3/FINAL DRAWINGS Pg No 69-197.pdf,247,drawing_only,high,reference drawing/title-block pages
test3_final_drawings_reference,Test/Test 3/FINAL DRAWINGS Pg No 69-197.pdf,248,drawing_only,high,reference drawing/title-block pages
test3_final_drawings_reference,Test/Test 3/FINAL DRAWINGS Pg No 69-197.pdf,249,drawing_only,high,reference drawing/title-block pages
test3_final_drawings_reference,Test/Test 3/FINAL DRAWINGS Pg No 69-197.pdf,250,drawing_only,high,reference drawing/title-block pages
test3_final_drawings_reference,Test/Test 3/FINAL DRAWINGS Pg No 69-197.pdf,251,drawing_only,high,reference drawing/title-block pages
test3_final_drawings_reference,Test/Test 3/FINAL DRAWINGS Pg No 69-197.pdf,252,drawing_only,high,reference drawing/title-block pages
test3_final_drawings_reference,Test/Test 3/FINAL DRAWINGS Pg No 69-197.pdf,253,drawing_only,high,reference drawing/title-block pages
test3_final_drawings_reference,Test/Test 3/FINAL DRAWINGS Pg No 69-197.pdf,254,drawing_only,high,reference drawing/title-block pages
test3_final_drawings_reference,Test/Test 3/FINAL DRAWINGS Pg No 69-197.pdf,255,drawing_only,high,reference drawing/title-block pages
test3_final_drawings_reference,Test/Test 3/FINAL DRAWINGS Pg No 69-197.pdf,256,drawing_only,high,reference drawing/title-block pages
test3_final_drawings_reference,Test/Test 3/FINAL DRAWINGS Pg No 69-197.pdf,257,drawing_only,high,reference drawing/title-block pages
test3_final_drawings_reference,Test/Test 3/FINAL DRAWINGS Pg No 69-197.pdf,258,drawing_only,high,reference drawing/title-block pages
test3_final_drawings_reference,Test/Test 3/FINAL DRAWINGS Pg No 69-197.pdf,259,drawing_only,high,reference drawing/title-block pages
test3_final_drawings_reference,Test/Test 3/FINAL DRAWINGS Pg No 69-197.pdf,260,drawing_only,high,reference drawing/title-block pages
test3_final_drawings_reference,Test/Test 3/FINAL DRAWINGS Pg No 69-197.pdf,261,drawing_only,high,reference drawing/title-block pages
test3_final_drawings_reference,Test/Test 3/FINAL DRAWINGS Pg No 69-197.pdf,262,drawing_only,high,reference drawing/title-block pages
test3_final_drawings_reference,Test/Test 3/FINAL DRAWINGS Pg No 69-197.pdf,263,drawing_only,high,reference drawing/title-block pages
test3_final_drawings_reference,Test/Test 3/FINAL DRAWINGS Pg No 69-197.pdf,264,drawing_only,high,reference drawing/title-block pages
test3_final_drawings_reference,Test/Test 3/FINAL DRAWINGS Pg No 69-197.pdf,265,drawing_only,high,reference drawing/title-block pages
test3_final_drawings_reference,Test/Test 3/FINAL DRAWINGS Pg No 69-197.pdf,266,drawing_only,high,reference drawing/title-block pages
test3_final_drawings_reference,Test/Test 3/FINAL DRAWINGS Pg No 69-197.pdf,267,drawing_only,high,reference drawing/title-block pages
test3_final_drawings_reference,Test/Test 3/FINAL DRAWINGS Pg No 69-197.pdf,268,drawing_only,high,reference drawing/title-block pages
test3_final_drawings_reference,Test/Test 3/FINAL DRAWINGS Pg No 69-197.pdf,269,drawing_only,high,reference drawing/title-block pages
test3_final_drawings_reference,Test/Test 3/FINAL DRAWINGS Pg No 69-197.pdf,270,drawing_only,high,reference drawing/title-block pages
test3_final_drawings_reference,Test/Test 3/FINAL DRAWINGS Pg No 69-197.pdf,271,drawing_only,high,reference drawing/title-block pages
test3_final_drawings_reference,Test/Test 3/FINAL DRAWINGS Pg No 69-197.pdf,272,drawing_only,high,reference drawing/title-block pages
test3_final_drawings_reference,Test/Test 3/FINAL DRAWINGS Pg No 69-197.pdf,273,drawing_only,high,reference drawing/title-block pages
test3_final_drawings_reference,Test/Test 3/FINAL DRAWINGS Pg No 69-197.pdf,274,drawing_only,high,reference drawing/title-block pages
test3_final_drawings_reference,Test/Test 3/FINAL DRAWINGS Pg No 69-197.pdf,275,drawing_only,high,reference drawing/title-block pages
test3_final_drawings_reference,Test/Test 3/FINAL DRAWINGS Pg No 69-197.pdf,276,drawing_only,high,reference drawing/title-block pages
test3_final_drawings_reference,Test/Test 3/FINAL DRAWINGS Pg No 69-197.pdf,277,drawing_only,high,reference drawing/title-block pages
test3_final_drawings_reference,Test/Test 3/FINAL DRAWINGS Pg No 69-197.pdf,278,drawing_only,high,reference drawing/title-block pages
test3_final_drawings_reference,Test/Test 3/FINAL DRAWINGS Pg No 69-197.pdf,279,drawing_only,high,reference drawing/title-block pages
test3_final_drawings_reference,Test/Test 3/FINAL DRAWINGS Pg No 69-197.pdf,280,drawing_only,high,reference drawing/title-block pages
test3_final_drawings_reference,Test/Test 3/FINAL DRAWINGS Pg No 69-197.pdf,281,drawing_only,high,reference drawing/title-block pages
test3_final_drawings_reference,Test/Test 3/FINAL DRAWINGS Pg No 69-197.pdf,282,drawing_only,high,reference drawing/title-block pages
test3_final_drawings_reference,Test/Test 3/FINAL DRAWINGS Pg No 69-197.pdf,283,drawing_only,high,reference drawing/title-block pages
test3_final_drawings_reference,Test/Test 3/FINAL DRAWINGS Pg No 69-197.pdf,284,drawing_only,high,reference drawing/title-block pages
test3_final_drawings_reference,Test/Test 3/FINAL DRAWINGS Pg No 69-197.pdf,285,drawing_only,high,reference drawing/title-block pages
test3_final_drawings_reference,Test/Test 3/FINAL DRAWINGS Pg No 69-197.pdf,286,drawing_only,high,reference drawing/title-block pages
test3_final_drawings_reference,Test/Test 3/FINAL DRAWINGS Pg No 69-197.pdf,287,drawing_only,high,reference drawing/title-block pages
test3_final_drawings_reference,Test/Test 3/FINAL DRAWINGS Pg No 69-197.pdf,288,drawing_only,high,reference drawing/title-block pages
test3_final_drawings_reference,Test/Test 3/FINAL DRAWINGS Pg No 69-197.pdf,289,drawing_only,high,reference drawing/title-block pages
test3_final_drawings_reference,Test/Test 3/FINAL DRAWINGS Pg No 69-197.pdf,290,drawing_only,high,reference drawing/title-block pages
test3_final_drawings_reference,Test/Test 3/FINAL DRAWINGS Pg No 69-197.pdf,291,drawing_only,high,reference drawing/title-block pages
test3_final_drawings_reference,Test/Test 3/FINAL DRAWINGS Pg No 69-197.pdf,292,drawing_only,high,reference drawing/title-block pages
test3_final_drawings_reference,Test/Test 3/FINAL DRAWINGS Pg No 69-197.pdf,293,drawing_only,high,reference drawing/title-block pages
test3_final_drawings_reference,Test/Test 3/FINAL DRAWINGS Pg No 69-197.pdf,294,drawing_only,high,reference drawing/title-block pages
test3_final_drawings_reference,Test/Test 3/FINAL DRAWINGS Pg No 69-197.pdf,295,drawing_only,high,reference drawing/title-block pages
test3_final_drawings_reference,Test/Test 3/FINAL DRAWINGS Pg No 69-197.pdf,296,drawing_only,high,reference drawing/title-block pages
test3_final_drawings_reference,Test/Test 3/FINAL DRAWINGS Pg No 69-197.pdf,297,drawing_only,high,reference drawing/title-block pages
test3_final_drawings_reference,Test/Test 3/FINAL DRAWINGS Pg No 69-197.pdf,298,drawing_only,high,reference drawing/title-block pages
test3_final_drawings_reference,Test/Test 3/FINAL DRAWINGS Pg No 69-197.pdf,299,drawing_only,high,reference drawing/title-block pages
test3_final_drawings_reference,Test/Test 3/FINAL DRAWINGS Pg No 69-197.pdf,300,drawing_only,high,reference drawing/title-block pages
test3_final_drawings_reference,Test/Test 3/FINAL DRAWINGS Pg No 69-197.pdf,301,drawing_only,high,reference drawing/title-block pages
test3_final_drawings_reference,Test/Test 3/FINAL DRAWINGS Pg No 69-197.pdf,302,drawing_only,high,reference drawing/title-block pages
test3_final_drawings_reference,Test/Test 3/FINAL DRAWINGS Pg No 69-197.pdf,303,drawing_only,high,reference drawing/title-block pages
test3_final_drawings_reference,Test/Test 3/FINAL DRAWINGS Pg No 69-197.pdf,304,drawing_only,high,reference drawing/title-block pages
test3_final_drawings_reference,Test/Test 3/FINAL DRAWINGS Pg No 69-197.pdf,305,drawing_only,high,reference drawing/title-block pages
test3_final_drawings_reference,Test/Test 3/FINAL DRAWINGS Pg No 69-197.pdf,306,drawing_only,high,reference drawing/title-block pages
test3_final_drawings_reference,Test/Test 3/FINAL DRAWINGS Pg No 69-197.pdf,307,drawing_only,high,reference drawing/title-block pages
test3_final_drawings_reference,Test/Test 3/FINAL DRAWINGS Pg No 69-197.pdf,308,drawing_only,high,reference drawing/title-block pages
test3_final_drawings_reference,Test/Test 3/FINAL DRAWINGS Pg No 69-197.pdf,309,drawing_only,high,reference drawing/title-block pages
test3_final_drawings_reference,Test/Test 3/FINAL DRAWINGS Pg No 69-197.pdf,310,drawing_only,high,reference drawing/title-block pages
test3_final_drawings_reference,Test/Test 3/FINAL DRAWINGS Pg No 69-197.pdf,311,drawing_only,high,reference drawing/title-block pages
test3_final_drawings_reference,Test/Test 3/FINAL DRAWINGS Pg No 69-197.pdf,312,drawing_only,high,reference drawing/title-block pages
test3_final_drawings_reference,Test/Test 3/FINAL DRAWINGS Pg No 69-197.pdf,313,drawing_only,high,reference drawing/title-block pages
test3_final_drawings_reference,Test/Test 3/FINAL DRAWINGS Pg No 69-197.pdf,314,drawing_only,high,reference drawing/title-block pages
test3_final_drawings_reference,Test/Test 3/FINAL DRAWINGS Pg No 69-197.pdf,315,drawing_only,high,reference drawing/title-block pages
test3_final_drawings_reference,Test/Test 3/FINAL DRAWINGS Pg No 69-197.pdf,316,drawing_only,high,reference drawing/title-block pages
test3_final_drawings_reference,Test/Test 3/FINAL DRAWINGS Pg No 69-197.pdf,317,drawing_only,high,reference drawing/title-block pages
test3_final_drawings_reference,Test/Test 3/FINAL DRAWINGS Pg No 69-197.pdf,318,drawing_only,high,reference drawing/title-block pages
test3_final_drawings_reference,Test/Test 3/FINAL DRAWINGS Pg No 69-197.pdf,319,drawing_only,high,reference drawing/title-block pages
test3_final_drawings_reference,Test/Test 3/FINAL DRAWINGS Pg No 69-197.pdf,320,drawing_only,high,reference drawing/title-block pages
test3_final_drawings_reference,Test/Test 3/FINAL DRAWINGS Pg No 69-197.pdf,321,drawing_only,high,reference drawing/title-block pages
test3_final_drawings_reference,Test/Test 3/FINAL DRAWINGS Pg No 69-197.pdf,322,drawing_only,high,reference drawing/title-block pages
test3_final_drawings_reference,Test/Test 3/FINAL DRAWINGS Pg No 69-197.pdf,323,drawing_only,high,reference drawing/title-block pages
test3_final_drawings_reference,Test/Test 3/FINAL DRAWINGS Pg No 69-197.pdf,324,drawing_only,high,reference drawing/title-block pages
test3_final_drawings_reference,Test/Test 3/FINAL DRAWINGS Pg No 69-197.pdf,325,drawing_only,high,reference drawing/title-block pages
test3_final_drawings_reference,Test/Test 3/FINAL DRAWINGS Pg No 69-197.pdf,326,drawing_only,high,reference drawing/title-block pages
test3_final_drawings_reference,Test/Test 3/FINAL DRAWINGS Pg No 69-197.pdf,327,drawing_only,high,reference drawing/title-block pages
test3_final_drawings_reference,Test/Test 3/FINAL DRAWINGS Pg No 69-197.pdf,328,drawing_only,high,reference drawing/title-block pages
test3_final_drawings_reference,Test/Test 3/FINAL DRAWINGS Pg No 69-197.pdf,329,drawing_only,high,reference drawing/title-block pages
test3_final_drawings_reference,Test/Test 3/FINAL DRAWINGS Pg No 69-197.pdf,330,drawing_only,high,reference drawing/title-block pages
test3_final_drawings_reference,Test/Test 3/FINAL DRAWINGS Pg No 69-197.pdf,331,drawing_only,high,reference drawing/title-block pages
test3_final_drawings_reference,Test/Test 3/FINAL DRAWINGS Pg No 69-197.pdf,332,drawing_only,high,reference drawing/title-block pages
test3_final_drawings_reference,Test/Test 3/FINAL DRAWINGS Pg No 69-197.pdf,333,drawing_only,high,reference drawing/title-block pages
test3_final_drawings_reference,Test/Test 3/FINAL DRAWINGS Pg No 69-197.pdf,334,drawing_only,high,reference drawing/title-block pages
test3_final_drawings_reference,Test/Test 3/FINAL DRAWINGS Pg No 69-197.pdf,335,drawing_only,high,reference drawing/title-block pages
test3_final_drawings_reference,Test/Test 3/FINAL DRAWINGS Pg No 69-197.pdf,336,drawing_only,high,reference drawing/title-block pages
test3_final_drawings_reference,Test/Test 3/FINAL DRAWINGS Pg No 69-197.pdf,337,drawing_only,high,reference drawing/title-block pages
test3_final_drawings_reference,Test/Test 3/FINAL DRAWINGS Pg No 69-197.pdf,338,drawing_only,high,reference drawing/title-block pages
test3_final_drawings_reference,Test/Test 3/FINAL DRAWINGS Pg No 69-197.pdf,339,drawing_only,high,reference drawing/title-block pages
test3_final_drawings_reference,Test/Test 3/FINAL DRAWINGS Pg No 69-197.pdf,340,drawing_only,high,reference drawing/title-block pages
test3_final_drawings_reference,Test/Test 3/FINAL DRAWINGS Pg No 69-197.pdf,341,drawing_only,high,reference drawing/title-block pages
test3_final_drawings_reference,Test/Test 3/FINAL DRAWINGS Pg No 69-197.pdf,342,drawing_only,high,reference drawing/title-block pages
test3_final_drawings_reference,Test/Test 3/FINAL DRAWINGS Pg No 69-197.pdf,343,drawing_only,high,reference drawing/title-block pages
test3_final_drawings_reference,Test/Test 3/FINAL DRAWINGS Pg No 69-197.pdf,344,drawing_only,high,reference drawing/title-block pages
test3_final_drawings_reference,Test/Test 3/FINAL DRAWINGS Pg No 69-197.pdf,345,drawing_only,high,reference drawing/title-block pages
test3_final_drawings_reference,Test/Test 3/FINAL DRAWINGS Pg No 69-197.pdf,346,drawing_only,high,reference drawing/title-block pages
test3_final_drawings_reference,Test/Test 3/FINAL DRAWINGS Pg No 69-197.pdf,347,drawing_only,high,reference drawing/title-block pages
test3_final_drawings_reference,Test/Test 3/FINAL DRAWINGS Pg No 69-197.pdf,348,drawing_only,high,reference drawing/title-block pages
test3_final_drawings_reference,Test/Test 3/FINAL DRAWINGS Pg No 69-197.pdf,349,drawing_only,high,reference drawing/title-block pages
test3_final_drawings_reference,Test/Test 3/FINAL DRAWINGS Pg No 69-197.pdf,350,drawing_only,high,reference drawing/title-block pages
test3_final_drawings_reference,Test/Test 3/FINAL DRAWINGS Pg No 69-197.pdf,351,drawing_only,high,reference drawing/title-block pages
test3_final_drawings_reference,Test/Test 3/FINAL DRAWINGS Pg No 69-197.pdf,352,drawing_only,high,reference drawing/title-block pages
test3_final_drawings_reference,Test/Test 3/FINAL DRAWINGS Pg No 69-197.pdf,353,drawing_only,high,reference drawing/title-block pages
test3_final_drawings_reference,Test/Test 3/FINAL DRAWINGS Pg No 69-197.pdf,354,drawing_only,high,reference drawing/title-block pages
test3_final_drawings_reference,Test/Test 3/FINAL DRAWINGS Pg No 69-197.pdf,355,drawing_only,high,reference drawing/title-block pages
test3_final_drawings_reference,Test/Test 3/FINAL DRAWINGS Pg No 69-197.pdf,356,drawing_only,high,reference drawing/title-block pages
test3_final_drawings_reference,Test/Test 3/FINAL DRAWINGS Pg No 69-197.pdf,357,drawing_only,high,reference drawing/title-block pages
test3_final_drawings_reference,Test/Test 3/FINAL DRAWINGS Pg No 69-197.pdf,358,drawing_only,high,reference drawing/title-block pages
test3_final_drawings_reference,Test/Test 3/FINAL DRAWINGS Pg No 69-197.pdf,359,drawing_only,high,reference drawing/title-block pages
test3_final_drawings_reference,Test/Test 3/FINAL DRAWINGS Pg No 69-197.pdf,360,drawing_only,high,reference drawing/title-block pages
test3_final_drawings_reference,Test/Test 3/FINAL DRAWINGS Pg No 69-197.pdf,361,drawing_only,high,reference drawing/title-block pages
test3_final_drawings_reference,Test/Test 3/FINAL DRAWINGS Pg No 69-197.pdf,362,drawing_only,high,reference drawing/title-block pages
test3_final_drawings_reference,Test/Test 3/FINAL DRAWINGS Pg No 69-197.pdf,363,drawing_only,high,reference drawing/title-block pages
test3_final_drawings_reference,Test/Test 3/FINAL DRAWINGS Pg No 69-197.pdf,364,drawing_only,high,reference drawing/title-block pages
test3_final_drawings_reference,Test/Test 3/FINAL DRAWINGS Pg No 69-197.pdf,365,drawing_only,high,reference drawing/title-block pages
test3_final_drawings_reference,Test/Test 3/FINAL DRAWINGS Pg No 69-197.pdf,366,drawing_only,high,reference drawing/title-block pages
test3_final_drawings_reference,Test/Test 3/FINAL DRAWINGS Pg No 69-197.pdf,367,drawing_only,high,reference drawing/title-block pages
test3_final_drawings_reference,Test/Test 3/FINAL DRAWINGS Pg No 69-197.pdf,368,drawing_only,high,reference drawing/title-block pages
test3_final_drawings_reference,Test/Test 3/FINAL DRAWINGS Pg No 69-197.pdf,369,drawing_only,high,reference drawing/title-block pages
test3_final_drawings_reference,Test/Test 3/FINAL DRAWINGS Pg No 69-197.pdf,370,drawing_only,high,reference drawing/title-block pages
test3_final_drawings_reference,Test/Test 3/FINAL DRAWINGS Pg No 69-197.pdf,371,drawing_only,high,reference drawing/title-block pages
test3_final_drawings_reference,Test/Test 3/FINAL DRAWINGS Pg No 69-197.pdf,372,drawing_only,high,reference drawing/title-block pages
test3_final_drawings_reference,Test/Test 3/FINAL DRAWINGS Pg No 69-197.pdf,373,drawing_only,high,reference drawing/title-block pages
test3_final_drawings_reference,Test/Test 3/FINAL DRAWINGS Pg No 69-197.pdf,374,drawing_only,high,reference drawing/title-block pages
test3_final_drawings_reference,Test/Test 3/FINAL DRAWINGS Pg No 69-197.pdf,375,drawing_only,high,reference drawing/title-block pages
test3_final_drawings_reference,Test/Test 3/FINAL DRAWINGS Pg No 69-197.pdf,376,drawing_only,high,reference drawing/title-block pages
test3_final_drawings_reference,Test/Test 3/FINAL DRAWINGS Pg No 69-197.pdf,377,drawing_only,high,reference drawing/title-block pages
test3_final_drawings_reference,Test/Test 3/FINAL DRAWINGS Pg No 69-197.pdf,378,drawing_only,high,reference drawing/title-block pages
test3_final_drawings_reference,Test/Test 3/FINAL DRAWINGS Pg No 69-197.pdf,379,drawing_only,high,reference drawing/title-block pages
test3_final_drawings_reference,Test/Test 3/FINAL DRAWINGS Pg No 69-197.pdf,380,drawing_only,high,reference drawing/title-block pages
test3_final_drawings_reference,Test/Test 3/FINAL DRAWINGS Pg No 69-197.pdf,381,drawing_only,high,reference drawing/title-block pages
test3_final_drawings_reference,Test/Test 3/FINAL DRAWINGS Pg No 69-197.pdf,382,drawing_only,high,reference drawing/title-block pages
test3_final_drawings_reference,Test/Test 3/FINAL DRAWINGS Pg No 69-197.pdf,383,drawing_only,high,reference drawing/title-block pages
test3_final_drawings_reference,Test/Test 3/FINAL DRAWINGS Pg No 69-197.pdf,384,drawing_only,high,reference drawing/title-block pages
test3_final_drawings_reference,Test/Test 3/FINAL DRAWINGS Pg No 69-197.pdf,385,drawing_only,high,reference drawing/title-block pages
test3_final_drawings_reference,Test/Test 3/FINAL DRAWINGS Pg No 69-197.pdf,386,drawing_only,high,reference drawing/title-block pages
test3_final_drawings_reference,Test/Test 3/FINAL DRAWINGS Pg No 69-197.pdf,387,drawing_only,high,reference drawing/title-block pages
test3_final_drawings_reference,Test/Test 3/FINAL DRAWINGS Pg No 69-197.pdf,388,drawing_only,high,reference drawing/title-block pages
test3_final_drawings_reference,Test/Test 3/FINAL DRAWINGS Pg No 69-197.pdf,389,drawing_only,high,reference drawing/title-block pages
test3_final_drawings_reference,Test/Test 3/FINAL DRAWINGS Pg No 69-197.pdf,390,drawing_only,high,reference drawing/title-block pages
test3_final_drawings_reference,Test/Test 3/FINAL DRAWINGS Pg No 69-197.pdf,391,drawing_only,high,reference drawing/title-block pages
test3_final_drawings_reference,Test/Test 3/FINAL DRAWINGS Pg No 69-197.pdf,392,drawing_only,high,reference drawing/title-block pages
test3_final_drawings_reference,Test/Test 3/FINAL DRAWINGS Pg No 69-197.pdf,393,drawing_only,high,reference drawing/title-block pages
test3_final_drawings_reference,Test/Test 3/FINAL DRAWINGS Pg No 69-197.pdf,394,drawing_only,high,reference drawing/title-block pages
test3_final_drawings_reference,Test/Test 3/FINAL DRAWINGS Pg No 69-197.pdf,395,drawing_only,high,reference drawing/title-block pages
test3_final_drawings_reference,Test/Test 3/FINAL DRAWINGS Pg No 69-197.pdf,396,drawing_only,high,reference drawing/title-block pages
test3_final_drawings_reference,Test/Test 3/FINAL DRAWINGS Pg No 69-197.pdf,397,drawing_only,high,reference drawing/title-block pages
test3_final_drawings_reference,Test/Test 3/FINAL DRAWINGS Pg No 69-197.pdf,398,drawing_only,high,reference drawing/title-block pages
test3_final_drawings_reference,Test/Test 3/FINAL DRAWINGS Pg No 69-197.pdf,399,drawing_only,high,reference drawing/title-block pages
test3_final_drawings_reference,Test/Test 3/FINAL DRAWINGS Pg No 69-197.pdf,400,drawing_only,high,reference drawing/title-block pages
test3_final_drawings_reference,Test/Test 3/FINAL DRAWINGS Pg No 69-197.pdf,401,drawing_only,high,reference drawing/title-block pages
test3_final_drawings_reference,Test/Test 3/FINAL DRAWINGS Pg No 69-197.pdf,402,drawing_only,high,reference drawing/title-block pages
test3_final_drawings_reference,Test/Test 3/FINAL DRAWINGS Pg No 69-197.pdf,403,drawing_only,high,reference drawing/title-block pages
test3_final_drawings_reference,Test/Test 3/FINAL DRAWINGS Pg No 69-197.pdf,404,drawing_only,high,reference drawing/title-block pages
test3_final_drawings_reference,Test/Test 3/FINAL DRAWINGS Pg No 69-197.pdf,405,drawing_only,high,reference drawing/title-block pages
test3_final_drawings_reference,Test/Test 3/FINAL DRAWINGS Pg No 69-197.pdf,406,drawing_only,high,reference drawing/title-block pages
test3_final_drawings_reference,Test/Test 3/FINAL DRAWINGS Pg No 69-197.pdf,407,drawing_only,high,reference drawing/title-block pages
test3_final_drawings_reference,Test/Test 3/FINAL DRAWINGS Pg No 69-197.pdf,408,drawing_only,high,reference drawing/title-block pages
test3_final_drawings_reference,Test/Test 3/FINAL DRAWINGS Pg No 69-197.pdf,409,drawing_only,high,reference drawing/title-block pages
test3_final_drawings_reference,Test/Test 3/FINAL DRAWINGS Pg No 69-197.pdf,410,drawing_only,high,reference drawing/title-block pages
test3_final_drawings_reference,Test/Test 3/FINAL DRAWINGS Pg No 69-197.pdf,411,drawing_only,high,reference drawing/title-block pages
test3_final_drawings_reference,Test/Test 3/FINAL DRAWINGS Pg No 69-197.pdf,412,drawing_only,high,reference drawing/title-block pages
test3_final_drawings_reference,Test/Test 3/FINAL DRAWINGS Pg No 69-197.pdf,413,drawing_only,high,reference drawing/title-block pages
test3_final_drawings_reference,Test/Test 3/FINAL DRAWINGS Pg No 69-197.pdf,414,drawing_only,high,reference drawing/title-block pages
test3_final_drawings_reference,Test/Test 3/FINAL DRAWINGS Pg No 69-197.pdf,415,drawing_only,high,reference drawing/title-block pages
test3_final_drawings_reference,Test/Test 3/FINAL DRAWINGS Pg No 69-197.pdf,416,drawing_only,high,reference drawing/title-block pages
test3_final_drawings_reference,Test/Test 3/FINAL DRAWINGS Pg No 69-197.pdf,417,drawing_only,high,reference drawing/title-block pages
test3_final_drawings_reference,Test/Test 3/FINAL DRAWINGS Pg No 69-197.pdf,418,drawing_only,high,reference drawing/title-block pages
test3_final_drawings_reference,Test/Test 3/FINAL DRAWINGS Pg No 69-197.pdf,419,drawing_only,high,reference drawing/title-block pages
test3_final_drawings_reference,Test/Test 3/FINAL DRAWINGS Pg No 69-197.pdf,420,drawing_only,high,reference drawing/title-block pages
test3_final_drawings_reference,Test/Test 3/FINAL DRAWINGS Pg No 69-197.pdf,421,drawing_only,high,reference drawing/title-block pages
test3_final_drawings_reference,Test/Test 3/FINAL DRAWINGS Pg No 69-197.pdf,422,drawing_only,high,reference drawing/title-block pages
test3_final_drawings_reference,Test/Test 3/FINAL DRAWINGS Pg No 69-197.pdf,423,drawing_only,high,reference drawing/title-block pages
test3_final_drawings_reference,Test/Test 3/FINAL DRAWINGS Pg No 69-197.pdf,424,drawing_only,high,reference drawing/title-block pages
test3_final_drawings_reference,Test/Test 3/FINAL DRAWINGS Pg No 69-197.pdf,425,drawing_only,high,reference drawing/title-block pages
test3_final_drawings_reference,Test/Test 3/FINAL DRAWINGS Pg No 69-197.pdf,426,drawing_only,high,reference drawing/title-block pages
test3_final_drawings_reference,Test/Test 3/FINAL DRAWINGS Pg No 69-197.pdf,427,drawing_only,high,reference drawing/title-block pages
test3_final_drawings_reference,Test/Test 3/FINAL DRAWINGS Pg No 69-197.pdf,428,drawing_only,high,reference drawing/title-block pages
test3_final_drawings_reference,Test/Test 3/FINAL DRAWINGS Pg No 69-197.pdf,429,drawing_only,high,reference drawing/title-block pages
test3_final_drawings_reference,Test/Test 3/FINAL DRAWINGS Pg No 69-197.pdf,430,drawing_only,high,reference drawing/title-block pages
test3_final_drawings_reference,Test/Test 3/FINAL DRAWINGS Pg No 69-197.pdf,431,drawing_only,high,reference drawing/title-block pages
test3_final_drawings_reference,Test/Test 3/FINAL DRAWINGS Pg No 69-197.pdf,432,drawing_only,high,reference drawing/title-block pages
test3_final_drawings_reference,Test/Test 3/FINAL DRAWINGS Pg No 69-197.pdf,433,drawing_only,high,reference drawing/title-block pages
test3_final_drawings_reference,Test/Test 3/FINAL DRAWINGS Pg No 69-197.pdf,434,drawing_only,high,reference drawing/title-block pages
test3_final_drawings_reference,Test/Test 3/FINAL DRAWINGS Pg No 69-197.pdf,435,drawing_only,high,reference drawing/title-block pages
test3_final_drawings_reference,Test/Test 3/FINAL DRAWINGS Pg No 69-197.pdf,436,drawing_only,high,reference drawing/title-block pages
test3_final_drawings_reference,Test/Test 3/FINAL DRAWINGS Pg No 69-197.pdf,437,drawing_only,high,reference drawing/title-block pages
test3_final_drawings_reference,Test/Test 3/FINAL DRAWINGS Pg No 69-197.pdf,438,drawing_only,high,reference drawing/title-block pages
test3_final_drawings_reference,Test/Test 3/FINAL DRAWINGS Pg No 69-197.pdf,439,drawing_only,high,reference drawing/title-block pages
test3_final_drawings_reference,Test/Test 3/FINAL DRAWINGS Pg No 69-197.pdf,440,drawing_only,high,reference drawing/title-block pages
test3_final_drawings_reference,Test/Test 3/FINAL DRAWINGS Pg No 69-197.pdf,441,drawing_only,high,reference drawing/title-block pages
test3_final_drawings_reference,Test/Test 3/FINAL DRAWINGS Pg No 69-197.pdf,442,drawing_only,high,reference drawing/title-block pages
test3_final_drawings_reference,Test/Test 3/FINAL DRAWINGS Pg No 69-197.pdf,443,drawing_only,high,reference drawing/title-block pages
test3_final_drawings_reference,Test/Test 3/FINAL DRAWINGS Pg No 69-197.pdf,444,drawing_only,high,reference drawing/title-block pages
test3_final_drawings_reference,Test/Test 3/FINAL DRAWINGS Pg No 69-197.pdf,445,drawing_only,high,reference drawing/title-block pages
test3_final_drawings_reference,Test/Test 3/FINAL DRAWINGS Pg No 69-197.pdf,446,drawing_only,high,reference drawing/title-block pages
test3_final_drawings_reference,Test/Test 3/FINAL DRAWINGS Pg No 69-197.pdf,447,drawing_only,high,reference drawing/title-block pages
test3_final_drawings_reference,Test/Test 3/FINAL DRAWINGS Pg No 69-197.pdf,448,drawing_only,high,reference drawing/title-block pages
test3_final_drawings_reference,Test/Test 3/FINAL DRAWINGS Pg No 69-197.pdf,449,drawing_only,high,reference drawing/title-block pages
test3_final_drawings_reference,Test/Test 3/FINAL DRAWINGS Pg No 69-197.pdf,450,drawing_only,high,reference drawing/title-block pages
test3_final_drawings_reference,Test/Test 3/FINAL DRAWINGS Pg No 69-197.pdf,451,drawing_only,high,reference drawing/title-block pages
test3_final_drawings_reference,Test/Test 3/FINAL DRAWINGS Pg No 69-197.pdf,452,drawing_only,high,reference drawing/title-block pages
test3_final_drawings_reference,Test/Test 3/FINAL DRAWINGS Pg No 69-197.pdf,453,drawing_only,high,reference drawing/title-block pages
test3_final_drawings_reference,Test/Test 3/FINAL DRAWINGS Pg No 69-197.pdf,454,drawing_only,high,reference drawing/title-block pages
test3_final_drawings_reference,Test/Test 3/FINAL DRAWINGS Pg No 69-197.pdf,455,drawing_only,high,reference drawing/title-block pages
test3_final_drawings_reference,Test/Test 3/FINAL DRAWINGS Pg No 69-197.pdf,456,drawing_only,high,reference drawing/title-block pages
test3_final_drawings_reference,Test/Test 3/FINAL DRAWINGS Pg No 69-197.pdf,457,drawing_only,high,reference drawing/title-block pages
test3_final_drawings_reference,Test/Test 3/FINAL DRAWINGS Pg No 69-197.pdf,458,drawing_only,high,reference drawing/title-block pages
test3_final_drawings_reference,Test/Test 3/FINAL DRAWINGS Pg No 69-197.pdf,459,drawing_only,high,reference drawing/title-block pages
test3_final_drawings_reference,Test/Test 3/FINAL DRAWINGS Pg No 69-197.pdf,460,drawing_only,high,reference drawing/title-block pages
test3_final_drawings_reference,Test/Test 3/FINAL DRAWINGS Pg No 69-197.pdf,461,drawing_only,high,reference drawing/title-block pages
test3_final_drawings_reference,Test/Test 3/FINAL DRAWINGS Pg No 69-197.pdf,462,drawing_only,high,reference drawing/title-block pages
test3_final_drawings_reference,Test/Test 3/FINAL DRAWINGS Pg No 69-197.pdf,463,drawing_only,high,reference drawing/title-block pages
test3_final_drawings_reference,Test/Test 3/FINAL DRAWINGS Pg No 69-197.pdf,464,drawing_only,high,reference drawing/title-block pages
test3_final_drawings_reference,Test/Test 3/FINAL DRAWINGS Pg No 69-197.pdf,465,drawing_only,high,reference drawing/title-block pages
test3_final_drawings_reference,Test/Test 3/FINAL DRAWINGS Pg No 69-197.pdf,466,drawing_only,high,reference drawing/title-block pages
test3_final_drawings_reference,Test/Test 3/FINAL DRAWINGS Pg No 69-197.pdf,467,drawing_only,high,reference drawing/title-block pages
test3_final_drawings_reference,Test/Test 3/FINAL DRAWINGS Pg No 69-197.pdf,468,drawing_only,high,reference drawing/title-block pages
test3_final_drawings_reference,Test/Test 3/FINAL DRAWINGS Pg No 69-197.pdf,469,drawing_only,high,reference drawing/title-block pages
test3_final_drawings_reference,Test/Test 3/FINAL DRAWINGS Pg No 69-197.pdf,470,drawing_only,high,reference drawing/title-block pages
test3_final_drawings_reference,Test/Test 3/FINAL DRAWINGS Pg No 69-197.pdf,471,drawing_only,high,reference drawing/title-block pages
test3_final_drawings_reference,Test/Test 3/FINAL DRAWINGS Pg No 69-197.pdf,472,drawing_only,high,reference drawing/title-block pages
test3_final_drawings_reference,Test/Test 3/FINAL DRAWINGS Pg No 69-197.pdf,473,drawing_only,high,reference drawing/title-block pages
test3_final_drawings_reference,Test/Test 3/FINAL DRAWINGS Pg No 69-197.pdf,474,drawing_only,high,reference drawing/title-block pages
test3_final_drawings_reference,Test/Test 3/FINAL DRAWINGS Pg No 69-197.pdf,475,drawing_only,high,reference drawing/title-block pages
test3_final_drawings_reference,Test/Test 3/FINAL DRAWINGS Pg No 69-197.pdf,476,drawing_only,high,reference drawing/title-block pages
test3_final_drawings_reference,Test/Test 3/FINAL DRAWINGS Pg No 69-197.pdf,477,drawing_only,high,reference drawing/title-block pages
test3_final_drawings_reference,Test/Test 3/FINAL DRAWINGS Pg No 69-197.pdf,478,drawing_only,high,reference drawing/title-block pages
test3_final_drawings_reference,Test/Test 3/FINAL DRAWINGS Pg No 69-197.pdf,479,drawing_only,high,reference drawing/title-block pages
test3_final_drawings_reference,Test/Test 3/FINAL DRAWINGS Pg No 69-197.pdf,480,drawing_only,high,reference drawing/title-block pages
test3_final_drawings_reference,Test/Test 3/FINAL DRAWINGS Pg No 69-197.pdf,481,drawing_only,high,reference drawing/title-block pages
test3_final_drawings_reference,Test/Test 3/FINAL DRAWINGS Pg No 69-197.pdf,482,drawing_only,high,reference drawing/title-block pages
test3_final_drawings_reference,Test/Test 3/FINAL DRAWINGS Pg No 69-197.pdf,483,drawing_only,high,reference drawing/title-block pages
test3_final_drawings_reference,Test/Test 3/FINAL DRAWINGS Pg No 69-197.pdf,484,drawing_only,high,reference drawing/title-block pages
test3_final_drawings_reference,Test/Test 3/FINAL DRAWINGS Pg No 69-197.pdf,485,drawing_only,high,reference drawing/title-block pages
test3_final_drawings_reference,Test/Test 3/FINAL DRAWINGS Pg No 69-197.pdf,486,drawing_only,high,reference drawing/title-block pages
test3_final_drawings_reference,Test/Test 3/FINAL DRAWINGS Pg No 69-197.pdf,487,drawing_only,high,reference drawing/title-block pages
test3_final_drawings_reference,Test/Test 3/FINAL DRAWINGS Pg No 69-197.pdf,488,drawing_only,high,reference drawing/title-block pages
test3_final_drawings_reference,Test/Test 3/FINAL DRAWINGS Pg No 69-197.pdf,489,drawing_only,high,reference drawing/title-block pages
test3_final_drawings_reference,Test/Test 3/FINAL DRAWINGS Pg No 69-197.pdf,490,drawing_only,high,reference drawing/title-block pages
test3_final_drawings_reference,Test/Test 3/FINAL DRAWINGS Pg No 69-197.pdf,491,drawing_only,high,reference drawing/title-block pages
test3_final_drawings_reference,Test/Test 3/FINAL DRAWINGS Pg No 69-197.pdf,492,drawing_only,high,reference drawing/title-block pages
test3_final_drawings_reference,Test/Test 3/FINAL DRAWINGS Pg No 69-197.pdf,493,drawing_only,high,reference drawing/title-block pages
test3_final_drawings_reference,Test/Test 3/FINAL DRAWINGS Pg No 69-197.pdf,494,drawing_only,high,reference drawing/title-block pages
test3_final_drawings_reference,Test/Test 3/FINAL DRAWINGS Pg No 69-197.pdf,495,drawing_only,high,reference drawing/title-block pages
test3_final_drawings_reference,Test/Test 3/FINAL DRAWINGS Pg No 69-197.pdf,496,drawing_only,high,reference drawing/title-block pages
test3_final_drawings_reference,Test/Test 3/FINAL DRAWINGS Pg No 69-197.pdf,497,drawing_only,high,reference drawing/title-block pages
test3_final_drawings_reference,Test/Test 3/FINAL DRAWINGS Pg No 69-197.pdf,498,drawing_only,high,reference drawing/title-block pages
test3_final_drawings_reference,Test/Test 3/FINAL DRAWINGS Pg No 69-197.pdf,499,drawing_only,high,reference drawing/title-block pages
test3_final_drawings_reference,Test/Test 3/FINAL DRAWINGS Pg No 69-197.pdf,500,drawing_only,high,reference drawing/title-block pages
test3_final_drawings_reference,Test/Test 3/FINAL DRAWINGS Pg No 69-197.pdf,501,drawing_only,high,reference drawing/title-block pages
test3_final_drawings_reference,Test/Test 3/FINAL DRAWINGS Pg No 69-197.pdf,502,drawing_only,high,reference drawing/title-block pages
test3_final_drawings_reference,Test/Test 3/FINAL DRAWINGS Pg No 69-197.pdf,503,drawing_only,high,reference drawing/title-block pages
test3_final_drawings_reference,Test/Test 3/FINAL DRAWINGS Pg No 69-197.pdf,504,drawing_only,high,reference drawing/title-block pages
test3_final_drawings_reference,Test/Test 3/FINAL DRAWINGS Pg No 69-197.pdf,505,drawing_only,high,reference drawing/title-block pages
test3_final_drawings_reference,Test/Test 3/FINAL DRAWINGS Pg No 69-197.pdf,506,drawing_only,high,reference drawing/title-block pages
test3_final_drawings_reference,Test/Test 3/FINAL DRAWINGS Pg No 69-197.pdf,507,drawing_only,high,reference drawing/title-block pages
test3_final_drawings_reference,Test/Test 3/FINAL DRAWINGS Pg No 69-197.pdf,508,drawing_only,high,reference drawing/title-block pages
test3_final_drawings_reference,Test/Test 3/FINAL DRAWINGS Pg No 69-197.pdf,509,drawing_only,high,reference drawing/title-block pages
test3_final_drawings_reference,Test/Test 3/FINAL DRAWINGS Pg No 69-197.pdf,510,drawing_only,high,reference drawing/title-block pages
test3_final_drawings_reference,Test/Test 3/FINAL DRAWINGS Pg No 69-197.pdf,511,drawing_only,high,reference drawing/title-block pages
test3_final_drawings_reference,Test/Test 3/FINAL DRAWINGS Pg No 69-197.pdf,512,drawing_only,high,reference drawing/title-block pages
test3_final_drawings_reference,Test/Test 3/FINAL DRAWINGS Pg No 69-197.pdf,513,drawing_only,high,reference drawing/title-block pages
test3_final_drawings_reference,Test/Test 3/FINAL DRAWINGS Pg No 69-197.pdf,514,drawing_only,high,reference drawing/title-block pages
test3_final_drawings_reference,Test/Test 3/FINAL DRAWINGS Pg No 69-197.pdf,515,drawing_only,high,reference drawing/title-block pages
test3_final_drawings_reference,Test/Test 3/FINAL DRAWINGS Pg No 69-197.pdf,516,drawing_only,high,reference drawing/title-block pages
test3_final_drawings_reference,Test/Test 3/FINAL DRAWINGS Pg No 69-197.pdf,517,drawing_only,high,reference drawing/title-block pages
test3_final_drawings_reference,Test/Test 3/FINAL DRAWINGS Pg No 69-197.pdf,518,drawing_only,high,reference drawing/title-block pages
test3_final_drawings_reference,Test/Test 3/FINAL DRAWINGS Pg No 69-197.pdf,519,drawing_only,high,reference drawing/title-block pages
test3_final_drawings_reference,Test/Test 3/FINAL DRAWINGS Pg No 69-197.pdf,520,drawing_only,high,reference drawing/title-block pages
test3_final_drawings_reference,Test/Test 3/FINAL DRAWINGS Pg No 69-197.pdf,521,drawing_only,high,reference drawing/title-block pages
test3_final_drawings_reference,Test/Test 3/FINAL DRAWINGS Pg No 69-197.pdf,522,drawing_only,high,reference drawing/title-block pages
test3_final_drawings_reference,Test/Test 3/FINAL DRAWINGS Pg No 69-197.pdf,523,drawing_only,high,reference drawing/title-block pages
test3_final_drawings_reference,Test/Test 3/FINAL DRAWINGS Pg No 69-197.pdf,524,drawing_only,high,reference drawing/title-block pages
test3_final_drawings_reference,Test/Test 3/FINAL DRAWINGS Pg No 69-197.pdf,525,drawing_only,high,reference drawing/title-block pages
test3_final_drawings_reference,Test/Test 3/FINAL DRAWINGS Pg No 69-197.pdf,526,drawing_only,high,reference drawing/title-block pages
test3_final_drawings_reference,Test/Test 3/FINAL DRAWINGS Pg No 69-197.pdf,527,drawing_only,high,reference drawing/title-block pages
test3_final_drawings_reference,Test/Test 3/FINAL DRAWINGS Pg No 69-197.pdf,528,drawing_only,high,reference drawing/title-block pages
test3_final_drawings_reference,Test/Test 3/FINAL DRAWINGS Pg No 69-197.pdf,529,drawing_only,high,reference drawing/title-block pages
test3_final_drawings_reference,Test/Test 3/FINAL DRAWINGS Pg No 69-197.pdf,530,drawing_only,high,reference drawing/title-block pages
test3_final_drawings_reference,Test/Test 3/FINAL DRAWINGS Pg No 69-197.pdf,531,drawing_only,high,reference drawing/title-block pages
test3_final_drawings_reference,Test/Test 3/FINAL DRAWINGS Pg No 69-197.pdf,532,drawing_only,high,reference drawing/title-block pages
test3_final_drawings_reference,Test/Test 3/FINAL DRAWINGS Pg No 69-197.pdf,533,drawing_only,high,reference drawing/title-block pages
test3_final_drawings_reference,Test/Test 3/FINAL DRAWINGS Pg No 69-197.pdf,534,drawing_only,high,reference drawing/title-block pages
test3_final_drawings_reference,Test/Test 3/FINAL DRAWINGS Pg No 69-197.pdf,535,drawing_only,high,reference drawing/title-block pages
test3_final_drawings_reference,Test/Test 3/FINAL DRAWINGS Pg No 69-197.pdf,536,drawing_only,high,reference drawing/title-block pages
test3_final_drawings_reference,Test/Test 3/FINAL DRAWINGS Pg No 69-197.pdf,537,drawing_only,high,reference drawing/title-block pages
test3_final_drawings_reference,Test/Test 3/FINAL DRAWINGS Pg No 69-197.pdf,538,drawing_only,high,reference drawing/title-block pages
test3_final_drawings_reference,Test/Test 3/FINAL DRAWINGS Pg No 69-197.pdf,539,drawing_only,high,reference drawing/title-block pages
test3_final_drawings_reference,Test/Test 3/FINAL DRAWINGS Pg No 69-197.pdf,540,drawing_only,high,reference drawing/title-block pages
test3_final_drawings_reference,Test/Test 3/FINAL DRAWINGS Pg No 69-197.pdf,541,drawing_only,high,reference drawing/title-block pages
test3_final_drawings_reference,Test/Test 3/FINAL DRAWINGS Pg No 69-197.pdf,542,drawing_only,high,reference drawing/title-block pages
test3_final_drawings_reference,Test/Test 3/FINAL DRAWINGS Pg No 69-197.pdf,543,drawing_only,high,reference drawing/title-block pages
test3_final_drawings_reference,Test/Test 3/FINAL DRAWINGS Pg No 69-197.pdf,544,drawing_only,high,reference drawing/title-block pages
test3_final_drawings_reference,Test/Test 3/FINAL DRAWINGS Pg No 69-197.pdf,545,drawing_only,high,reference drawing/title-block pages
test3_final_drawings_reference,Test/Test 3/FINAL DRAWINGS Pg No 69-197.pdf,546,drawing_only,high,reference drawing/title-block pages
test3_final_drawings_reference,Test/Test 3/FINAL DRAWINGS Pg No 69-197.pdf,547,drawing_only,high,reference drawing/title-block pages
test3_final_drawings_reference,Test/Test 3/FINAL DRAWINGS Pg No 69-197.pdf,548,drawing_only,high,reference drawing/title-block pages
test3_final_drawings_reference,Test/Test 3/FINAL DRAWINGS Pg No 69-197.pdf,549,drawing_only,high,reference drawing/title-block pages
test3_final_drawings_reference,Test/Test 3/FINAL DRAWINGS Pg No 69-197.pdf,550,drawing_only,high,reference drawing/title-block pages
test3_final_drawings_reference,Test/Test 3/FINAL DRAWINGS Pg No 69-197.pdf,551,drawing_only,high,reference drawing/title-block pages
test3_final_drawings_reference,Test/Test 3/FINAL DRAWINGS Pg No 69-197.pdf,552,drawing_only,high,reference drawing/title-block pages
test3_final_drawings_reference,Test/Test 3/FINAL DRAWINGS Pg No 69-197.pdf,553,drawing_only,high,reference drawing/title-block pages
test3_final_drawings_reference,Test/Test 3/FINAL DRAWINGS Pg No 69-197.pdf,554,drawing_only,high,reference drawing/title-block pages
test3_final_drawings_reference,Test/Test 3/FINAL DRAWINGS Pg No 69-197.pdf,555,drawing_only,high,reference drawing/title-block pages
test3_final_drawings_reference,Test/Test 3/FINAL DRAWINGS Pg No 69-197.pdf,556,drawing_only,high,reference drawing/title-block pages
test3_final_drawings_reference,Test/Test 3/FINAL DRAWINGS Pg No 69-197.pdf,557,drawing_only,high,reference drawing/title-block pages
test3_final_drawings_reference,Test/Test 3/FINAL DRAWINGS Pg No 69-197.pdf,558,drawing_only,high,reference drawing/title-block pages
test3_final_drawings_reference,Test/Test 3/FINAL DRAWINGS Pg No 69-197.pdf,559,drawing_only,high,reference drawing/title-block pages
test3_final_drawings_reference,Test/Test 3/FINAL DRAWINGS Pg No 69-197.pdf,560,drawing_only,high,reference drawing/title-block pages
test3_final_drawings_reference,Test/Test 3/FINAL DRAWINGS Pg No 69-197.pdf,561,drawing_only,high,reference drawing/title-block pages
test3_final_drawings_reference,Test/Test 3/FINAL DRAWINGS Pg No 69-197.pdf,562,drawing_only,high,reference drawing/title-block pages
test3_final_drawings_reference,Test/Test 3/FINAL DRAWINGS Pg No 69-197.pdf,563,drawing_only,high,reference drawing/title-block pages
test3_final_drawings_reference,Test/Test 3/FINAL DRAWINGS Pg No 69-197.pdf,564,drawing_only,high,reference drawing/title-block pages
test3_final_drawings_reference,Test/Test 3/FINAL DRAWINGS Pg No 69-197.pdf,565,drawing_only,high,reference drawing/title-block pages
test3_final_drawings_reference,Test/Test 3/FINAL DRAWINGS Pg No 69-197.pdf,566,drawing_only,high,reference drawing/title-block pages
test3_final_drawings_reference,Test/Test 3/FINAL DRAWINGS Pg No 69-197.pdf,567,drawing_only,high,reference drawing/title-block pages
test3_final_drawings_reference,Test/Test 3/FINAL DRAWINGS Pg No 69-197.pdf,568,drawing_only,high,reference drawing/title-block pages
test3_final_drawings_reference,Test/Test 3/FINAL DRAWINGS Pg No 69-197.pdf,569,drawing_only,high,reference drawing/title-block pages
test3_final_drawings_reference,Test/Test 3/FINAL DRAWINGS Pg No 69-197.pdf,570,drawing_only,high,reference drawing/title-block pages
test3_final_drawings_reference,Test/Test 3/FINAL DRAWINGS Pg No 69-197.pdf,571,drawing_only,high,reference drawing/title-block pages
test3_final_drawings_reference,Test/Test 3/FINAL DRAWINGS Pg No 69-197.pdf,572,drawing_only,high,reference drawing/title-block pages
test3_final_drawings_reference,Test/Test 3/FINAL DRAWINGS Pg No 69-197.pdf,573,drawing_only,high,reference drawing/title-block pages
test3_final_drawings_reference,Test/Test 3/FINAL DRAWINGS Pg No 69-197.pdf,574,drawing_only,high,reference drawing/title-block pages
test3_final_drawings_reference,Test/Test 3/FINAL DRAWINGS Pg No 69-197.pdf,575,drawing_only,high,reference drawing/title-block pages
test3_final_drawings_reference,Test/Test 3/FINAL DRAWINGS Pg No 69-197.pdf,576,drawing_only,high,reference drawing/title-block pages
test3_final_drawings_reference,Test/Test 3/FINAL DRAWINGS Pg No 69-197.pdf,577,drawing_only,high,reference drawing/title-block pages
test3_final_drawings_reference,Test/Test 3/FINAL DRAWINGS Pg No 69-197.pdf,578,drawing_only,high,reference drawing/title-block pages
test3_final_drawings_reference,Test/Test 3/FINAL DRAWINGS Pg No 69-197.pdf,579,drawing_only,high,reference drawing/title-block pages
test3_final_drawings_reference,Test/Test 3/FINAL DRAWINGS Pg No 69-197.pdf,580,drawing_only,high,reference drawing/title-block pages
test3_final_drawings_reference,Test/Test 3/FINAL DRAWINGS Pg No 69-197.pdf,581,drawing_only,high,reference drawing/title-block pages
test3_final_drawings_reference,Test/Test 3/FINAL DRAWINGS Pg No 69-197.pdf,582,drawing_only,high,reference drawing/title-block pages
test3_final_drawings_reference,Test/Test 3/FINAL DRAWINGS Pg No 69-197.pdf,583,drawing_only,high,reference drawing/title-block pages
test3_final_drawings_reference,Test/Test 3/FINAL DRAWINGS Pg No 69-197.pdf,584,drawing_only,high,reference drawing/title-block pages
test3_final_drawings_reference,Test/Test 3/FINAL DRAWINGS Pg No 69-197.pdf,585,drawing_only,high,reference drawing/title-block pages
test3_final_drawings_reference,Test/Test 3/FINAL DRAWINGS Pg No 69-197.pdf,586,drawing_only,high,reference drawing/title-block pages
test3_final_drawings_reference,Test/Test 3/FINAL DRAWINGS Pg No 69-197.pdf,587,drawing_only,high,reference drawing/title-block pages
test3_final_drawings_reference,Test/Test 3/FINAL DRAWINGS Pg No 69-197.pdf,588,drawing_only,high,reference drawing/title-block pages
test3_final_drawings_reference,Test/Test 3/FINAL DRAWINGS Pg No 69-197.pdf,589,drawing_only,high,reference drawing/title-block pages
test3_final_drawings_reference,Test/Test 3/FINAL DRAWINGS Pg No 69-197.pdf,590,drawing_only,high,reference drawing/title-block pages
test3_final_drawings_reference,Test/Test 3/FINAL DRAWINGS Pg No 69-197.pdf,591,drawing_only,high,reference drawing/title-block pages
test3_final_drawings_reference,Test/Test 3/FINAL DRAWINGS Pg No 69-197.pdf,592,drawing_only,high,reference drawing/title-block pages
test3_final_drawings_reference,Test/Test 3/FINAL DRAWINGS Pg No 69-197.pdf,593,drawing_only,high,reference drawing/title-block pages
test3_final_drawings_reference,Test/Test 3/FINAL DRAWINGS Pg No 69-197.pdf,594,drawing_only,high,reference drawing/title-block pages
test3_final_drawings_reference,Test/Test 3/FINAL DRAWINGS Pg No 69-197.pdf,595,drawing_only,high,reference drawing/title-block pages
test3_final_drawings_reference,Test/Test 3/FINAL DRAWINGS Pg No 69-197.pdf,596,drawing_only,high,reference drawing/title-block pages
test3_final_drawings_reference,Test/Test 3/FINAL DRAWINGS Pg No 69-197.pdf,597,drawing_only,high,reference drawing/title-block pages
test3_final_drawings_reference,Test/Test 3/FINAL DRAWINGS Pg No 69-197.pdf,598,drawing_only,high,reference drawing/title-block pages
test3_final_drawings_reference,Test/Test 3/FINAL DRAWINGS Pg No 69-197.pdf,599,drawing_only,high,reference drawing/title-block pages
test3_final_drawings_reference,Test/Test 3/FINAL DRAWINGS Pg No 69-197.pdf,600,drawing_only,high,reference drawing/title-block pages
test3_final_drawings_reference,Test/Test 3/FINAL DRAWINGS Pg No 69-197.pdf,601,drawing_only,high,reference drawing/title-block pages
test3_final_drawings_reference,Test/Test 3/FINAL DRAWINGS Pg No 69-197.pdf,602,drawing_only,high,reference drawing/title-block pages
test3_final_drawings_reference,Test/Test 3/FINAL DRAWINGS Pg No 69-197.pdf,603,drawing_only,high,reference drawing/title-block pages
test3_final_drawings_reference,Test/Test 3/FINAL DRAWINGS Pg No 69-197.pdf,604,drawing_only,high,reference drawing/title-block pages
test3_final_drawings_reference,Test/Test 3/FINAL DRAWINGS Pg No 69-197.pdf,605,drawing_only,high,reference drawing/title-block pages
test3_final_drawings_reference,Test/Test 3/FINAL DRAWINGS Pg No 69-197.pdf,606,drawing_only,high,reference drawing/title-block pages
test3_final_drawings_reference,Test/Test 3/FINAL DRAWINGS Pg No 69-197.pdf,607,drawing_only,high,reference drawing/title-block pages
test3_final_drawings_reference,Test/Test 3/FINAL DRAWINGS Pg No 69-197.pdf,608,drawing_only,high,reference drawing/title-block pages
test3_final_drawings_reference,Test/Test 3/FINAL DRAWINGS Pg No 69-197.pdf,609,drawing_only,high,reference drawing/title-block pages
test3_final_drawings_reference,Test/Test 3/FINAL DRAWINGS Pg No 69-197.pdf,610,drawing_only,high,reference drawing/title-block pages
test3_final_drawings_reference,Test/Test 3/FINAL DRAWINGS Pg No 69-197.pdf,611,drawing_only,high,reference drawing/title-block pages
test3_final_drawings_reference,Test/Test 3/FINAL DRAWINGS Pg No 69-197.pdf,612,drawing_only,high,reference drawing/title-block pages
test3_final_drawings_reference,Test/Test 3/FINAL DRAWINGS Pg No 69-197.pdf,613,drawing_only,high,reference drawing/title-block pages
test3_final_drawings_reference,Test/Test 3/FINAL DRAWINGS Pg No 69-197.pdf,614,drawing_only,high,reference drawing/title-block pages
test3_final_drawings_reference,Test/Test 3/FINAL DRAWINGS Pg No 69-197.pdf,615,drawing_only,high,reference drawing/title-block pages
test3_final_drawings_reference,Test/Test 3/FINAL DRAWINGS Pg No 69-197.pdf,616,drawing_only,high,reference drawing/title-block pages
test3_final_drawings_reference,Test/Test 3/FINAL DRAWINGS Pg No 69-197.pdf,617,drawing_only,high,reference drawing/title-block pages
test3_final_drawings_reference,Test/Test 3/FINAL DRAWINGS Pg No 69-197.pdf,618,drawing_only,high,reference drawing/title-block pages
test3_final_drawings_reference,Test/Test 3/FINAL DRAWINGS Pg No 69-197.pdf,619,drawing_only,high,reference drawing/title-block pages
test3_final_drawings_reference,Test/Test 3/FINAL DRAWINGS Pg No 69-197.pdf,620,drawing_only,high,reference drawing/title-block pages
test3_final_drawings_reference,Test/Test 3/FINAL DRAWINGS Pg No 69-197.pdf,621,drawing_only,high,reference drawing/title-block pages
test3_final_drawings_reference,Test/Test 3/FINAL DRAWINGS Pg No 69-197.pdf,622,drawing_only,high,reference drawing/title-block pages
test3_final_drawings_reference,Test/Test 3/FINAL DRAWINGS Pg No 69-197.pdf,623,drawing_only,high,reference drawing/title-block pages
test3_final_drawings_reference,Test/Test 3/FINAL DRAWINGS Pg No 69-197.pdf,624,drawing_only,high,reference drawing/title-block pages
test3_final_drawings_reference,Test/Test 3/FINAL DRAWINGS Pg No 69-197.pdf,625,drawing_only,high,reference drawing/title-block pages
test3_final_drawings_reference,Test/Test 3/FINAL DRAWINGS Pg No 69-197.pdf,626,drawing_only,high,reference drawing/title-block pages
test3_final_drawings_reference,Test/Test 3/FINAL DRAWINGS Pg No 69-197.pdf,627,drawing_only,high,reference drawing/title-block pages
test3_final_drawings_reference,Test/Test 3/FINAL DRAWINGS Pg No 69-197.pdf,628,drawing_only,high,reference drawing/title-block pages
test3_final_drawings_reference,Test/Test 3/FINAL DRAWINGS Pg No 69-197.pdf,629,drawing_only,high,reference drawing/title-block pages
test3_final_drawings_reference,Test/Test 3/FINAL DRAWINGS Pg No 69-197.pdf,630,drawing_only,high,reference drawing/title-block pages
test3_final_drawings_reference,Test/Test 3/FINAL DRAWINGS Pg No 69-197.pdf,631,drawing_only,high,reference drawing/title-block pages
test3_final_drawings_reference,Test/Test 3/FINAL DRAWINGS Pg No 69-197.pdf,632,drawing_only,high,reference drawing/title-block pages
test3_final_drawings_reference,Test/Test 3/FINAL DRAWINGS Pg No 69-197.pdf,633,drawing_only,high,reference drawing/title-block pages
test3_final_drawings_reference,Test/Test 3/FINAL DRAWINGS Pg No 69-197.pdf,634,drawing_only,high,reference drawing/title-block pages
test3_final_drawings_reference,Test/Test 3/FINAL DRAWINGS Pg No 69-197.pdf,635,drawing_only,high,reference drawing/title-block pages
test3_final_drawings_reference,Test/Test 3/FINAL DRAWINGS Pg No 69-197.pdf,636,drawing_only,high,reference drawing/title-block pages
test3_final_drawings_reference,Test/Test 3/FINAL DRAWINGS Pg No 69-197.pdf,637,drawing_only,high,reference drawing/title-block pages
test3_final_drawings_reference,Test/Test 3/FINAL DRAWINGS Pg No 69-197.pdf,638,drawing_only,high,reference drawing/title-block pages
test3_final_drawings_reference,Test/Test 3/FINAL DRAWINGS Pg No 69-197.pdf,639,drawing_only,high,reference drawing/title-block pages
test3_final_drawings_reference,Test/Test 3/FINAL DRAWINGS Pg No 69-197.pdf,640,drawing_only,high,reference drawing/title-block pages
test3_final_drawings_reference,Test/Test 3/FINAL DRAWINGS Pg No 69-197.pdf,641,drawing_only,high,reference drawing/title-block pages
test3_final_drawings_reference,Test/Test 3/FINAL DRAWINGS Pg No 69-197.pdf,642,drawing_only,high,reference drawing/title-block pages
test3_final_drawings_reference,Test/Test 3/FINAL DRAWINGS Pg No 69-197.pdf,643,drawing_only,high,reference drawing/title-block pages
test3_final_drawings_reference,Test/Test 3/FINAL DRAWINGS Pg No 69-197.pdf,644,drawing_only,high,reference drawing/title-block pages
test3_final_drawings_reference,Test/Test 3/FINAL DRAWINGS Pg No 69-197.pdf,645,drawing_only,high,reference drawing/title-block pages
test3_final_drawings_reference,Test/Test 3/FINAL DRAWINGS Pg No 69-197.pdf,646,drawing_only,high,reference drawing/title-block pages
test3_final_drawings_reference,Test/Test 3/FINAL DRAWINGS Pg No 69-197.pdf,647,drawing_only,high,reference drawing/title-block pages
test3_final_drawings_reference,Test/Test 3/FINAL DRAWINGS Pg No 69-197.pdf,648,drawing_only,high,reference drawing/title-block pages
test3_final_drawings_reference,Test/Test 3/FINAL DRAWINGS Pg No 69-197.pdf,649,drawing_only,high,reference drawing/title-block pages
test3_final_drawings_reference,Test/Test 3/FINAL DRAWINGS Pg No 69-197.pdf,650,drawing_only,high,reference drawing/title-block pages
test3_final_drawings_reference,Test/Test 3/FINAL DRAWINGS Pg No 69-197.pdf,651,drawing_only,high,reference drawing/title-block pages
test3_final_drawings_reference,Test/Test 3/FINAL DRAWINGS Pg No 69-197.pdf,652,drawing_only,high,reference drawing/title-block pages
test3_final_drawings_reference,Test/Test 3/FINAL DRAWINGS Pg No 69-197.pdf,653,drawing_only,high,reference drawing/title-block pages
test3_final_drawings_reference,Test/Test 3/FINAL DRAWINGS Pg No 69-197.pdf,654,drawing_only,high,reference drawing/title-block pages
test3_final_drawings_reference,Test/Test 3/FINAL DRAWINGS Pg No 69-197.pdf,655,drawing_only,high,reference drawing/title-block pages
test3_final_drawings_reference,Test/Test 3/FINAL DRAWINGS Pg No 69-197.pdf,656,drawing_only,high,reference drawing/title-block pages
test3_final_drawings_reference,Test/Test 3/FINAL DRAWINGS Pg No 69-197.pdf,657,drawing_only,high,reference drawing/title-block pages
test3_final_drawings_reference,Test/Test 3/FINAL DRAWINGS Pg No 69-197.pdf,658,drawing_only,high,reference drawing/title-block pages
test3_final_drawings_reference,Test/Test 3/FINAL DRAWINGS Pg No 69-197.pdf,659,drawing_only,high,reference drawing/title-block pages
test3_final_drawings_reference,Test/Test 3/FINAL DRAWINGS Pg No 69-197.pdf,660,drawing_only,high,reference drawing/title-block pages
test3_final_drawings_reference,Test/Test 3/FINAL DRAWINGS Pg No 69-197.pdf,661,drawing_only,high,reference drawing/title-block pages
test3_final_drawings_reference,Test/Test 3/FINAL DRAWINGS Pg No 69-197.pdf,662,drawing_only,high,reference drawing/title-block pages
test3_final_drawings_reference,Test/Test 3/FINAL DRAWINGS Pg No 69-197.pdf,663,drawing_only,high,reference drawing/title-block pages
test3_final_drawings_reference,Test/Test 3/FINAL DRAWINGS Pg No 69-197.pdf,664,drawing_only,high,reference drawing/title-block pages
test3_final_drawings_reference,Test/Test 3/FINAL DRAWINGS Pg No 69-197.pdf,665,drawing_only,high,reference drawing/title-block pages
test3_final_drawings_reference,Test/Test 3/FINAL DRAWINGS Pg No 69-197.pdf,666,drawing_only,high,reference drawing/title-block pages
test3_final_drawings_reference,Test/Test 3/FINAL DRAWINGS Pg No 69-197.pdf,667,drawing_only,high,reference drawing/title-block pages
test3_final_drawings_reference,Test/Test 3/FINAL DRAWINGS Pg No 69-197.pdf,668,drawing_only,high,reference drawing/title-block pages
test3_final_drawings_reference,Test/Test 3/FINAL DRAWINGS Pg No 69-197.pdf,669,drawing_only,high,reference drawing/title-block pages
test3_final_drawings_reference,Test/Test 3/FINAL DRAWINGS Pg No 69-197.pdf,670,drawing_only,high,reference drawing/title-block pages
test3_final_drawings_reference,Test/Test 3/FINAL DRAWINGS Pg No 69-197.pdf,671,drawing_only,high,reference drawing/title-block pages
test3_final_drawings_reference,Test/Test 3/FINAL DRAWINGS Pg No 69-197.pdf,672,drawing_only,high,reference drawing/title-block pages
test3_final_drawings_reference,Test/Test 3/FINAL DRAWINGS Pg No 69-197.pdf,673,drawing_only,high,reference drawing/title-block pages
test3_final_drawings_reference,Test/Test 3/FINAL DRAWINGS Pg No 69-197.pdf,674,drawing_only,high,reference drawing/title-block pages
test3_final_drawings_reference,Test/Test 3/FINAL DRAWINGS Pg No 69-197.pdf,675,drawing_only,high,reference drawing/title-block pages
test3_final_drawings_reference,Test/Test 3/FINAL DRAWINGS Pg No 69-197.pdf,676,drawing_only,high,reference drawing/title-block pages
test3_final_drawings_reference,Test/Test 3/FINAL DRAWINGS Pg No 69-197.pdf,677,drawing_only,high,reference drawing/title-block pages
test3_final_drawings_reference,Test/Test 3/FINAL DRAWINGS Pg No 69-197.pdf,678,drawing_only,high,reference drawing/title-block pages
test3_final_drawings_reference,Test/Test 3/FINAL DRAWINGS Pg No 69-197.pdf,679,drawing_only,high,reference drawing/title-block pages
test3_final_drawings_reference,Test/Test 3/FINAL DRAWINGS Pg No 69-197.pdf,680,drawing_only,high,reference drawing/title-block pages
test3_final_drawings_reference,Test/Test 3/FINAL DRAWINGS Pg No 69-197.pdf,681,drawing_only,high,reference drawing/title-block pages
test3_final_drawings_reference,Test/Test 3/FINAL DRAWINGS Pg No 69-197.pdf,682,drawing_only,high,reference drawing/title-block pages
test3_final_drawings_reference,Test/Test 3/FINAL DRAWINGS Pg No 69-197.pdf,683,drawing_only,high,reference drawing/title-block pages
test3_final_drawings_reference,Test/Test 3/FINAL DRAWINGS Pg No 69-197.pdf,684,drawing_only,high,reference drawing/title-block pages
test3_final_drawings_reference,Test/Test 3/FINAL DRAWINGS Pg No 69-197.pdf,685,drawing_only,high,reference drawing/title-block pages
test3_final_drawings_reference,Test/Test 3/FINAL DRAWINGS Pg No 69-197.pdf,686,drawing_only,high,reference drawing/title-block pages
test3_final_drawings_reference,Test/Test 3/FINAL DRAWINGS Pg No 69-197.pdf,687,drawing_only,high,reference drawing/title-block pages
test3_final_drawings_reference,Test/Test 3/FINAL DRAWINGS Pg No 69-197.pdf,688,drawing_only,high,reference drawing/title-block pages
test3_final_drawings_reference,Test/Test 3/FINAL DRAWINGS Pg No 69-197.pdf,689,drawing_only,high,reference drawing/title-block pages
test3_final_drawings_reference,Test/Test 3/FINAL DRAWINGS Pg No 69-197.pdf,690,drawing_only,high,reference drawing/title-block pages
test3_final_drawings_reference,Test/Test 3/FINAL DRAWINGS Pg No 69-197.pdf,691,drawing_only,high,reference drawing/title-block pages
test3_final_drawings_reference,Test/Test 3/FINAL DRAWINGS Pg No 69-197.pdf,692,drawing_only,high,reference drawing/title-block pages
test3_final_drawings_reference,Test/Test 3/FINAL DRAWINGS Pg No 69-197.pdf,693,drawing_only,high,reference drawing/title-block pages
test3_final_drawings_reference,Test/Test 3/FINAL DRAWINGS Pg No 69-197.pdf,694,drawing_only,high,reference drawing/title-block pages
test3_final_drawings_reference,Test/Test 3/FINAL DRAWINGS Pg No 69-197.pdf,695,drawing_only,high,reference drawing/title-block pages
test3_final_drawings_reference,Test/Test 3/FINAL DRAWINGS Pg No 69-197.pdf,696,drawing_only,high,reference drawing/title-block pages
test3_final_drawings_reference,Test/Test 3/FINAL DRAWINGS Pg No 69-197.pdf,697,drawing_only,high,reference drawing/title-block pages
test3_final_drawings_reference,Test/Test 3/FINAL DRAWINGS Pg No 69-197.pdf,698,drawing_only,high,reference drawing/title-block pages
test3_final_drawings_reference,Test/Test 3/FINAL DRAWINGS Pg No 69-197.pdf,699,drawing_only,high,reference drawing/title-block pages
test3_final_drawings_reference,Test/Test 3/FINAL DRAWINGS Pg No 69-197.pdf,700,drawing_only,high,reference drawing/title-block pages
test3_final_drawings_reference,Test/Test 3/FINAL DRAWINGS Pg No 69-197.pdf,701,drawing_only,high,reference drawing/title-block pages
test3_final_drawings_reference,Test/Test 3/FINAL DRAWINGS Pg No 69-197.pdf,702,drawing_only,high,reference drawing/title-block pages
test3_final_drawings_reference,Test/Test 3/FINAL DRAWINGS Pg No 69-197.pdf,703,drawing_only,high,reference drawing/title-block pages
test3_final_drawings_reference,Test/Test 3/FINAL DRAWINGS Pg No 69-197.pdf,704,drawing_only,high,reference drawing/title-block pages
test3_final_drawings_reference,Test/Test 3/FINAL DRAWINGS Pg No 69-197.pdf,705,drawing_only,high,reference drawing/title-block pages
test3_final_drawings_reference,Test/Test 3/FINAL DRAWINGS Pg No 69-197.pdf,706,drawing_only,high,reference drawing/title-block pages
test3_final_drawings_reference,Test/Test 3/FINAL DRAWINGS Pg No 69-197.pdf,707,drawing_only,high,reference drawing/title-block pages
test3_final_drawings_reference,Test/Test 3/FINAL DRAWINGS Pg No 69-197.pdf,708,drawing_only,high,reference drawing/title-block pages
test3_final_drawings_reference,Test/Test 3/FINAL DRAWINGS Pg No 69-197.pdf,709,drawing_only,high,reference drawing/title-block pages
test3_final_drawings_reference,Test/Test 3/FINAL DRAWINGS Pg No 69-197.pdf,710,drawing_only,high,reference drawing/title-block pages
test3_final_drawings_reference,Test/Test 3/FINAL DRAWINGS Pg No 69-197.pdf,711,drawing_only,high,reference drawing/title-block pages
test3_final_drawings_reference,Test/Test 3/FINAL DRAWINGS Pg No 69-197.pdf,712,drawing_only,high,reference drawing/title-block pages
test3_final_drawings_reference,Test/Test 3/FINAL DRAWINGS Pg No 69-197.pdf,713,drawing_only,high,reference drawing/title-block pages
test3_final_drawings_reference,Test/Test 3/FINAL DRAWINGS Pg No 69-197.pdf,714,drawing_only,high,reference drawing/title-block pages
test3_final_drawings_reference,Test/Test 3/FINAL DRAWINGS Pg No 69-197.pdf,715,drawing_only,high,reference drawing/title-block pages
test3_final_drawings_reference,Test/Test 3/FINAL DRAWINGS Pg No 69-197.pdf,716,drawing_only,high,reference drawing/title-block pages
test3_final_drawings_reference,Test/Test 3/FINAL DRAWINGS Pg No 69-197.pdf,717,drawing_only,high,reference drawing/title-block pages
test3_final_drawings_reference,Test/Test 3/FINAL DRAWINGS Pg No 69-197.pdf,718,drawing_only,high,reference drawing/title-block pages
test3_final_drawings_reference,Test/Test 3/FINAL DRAWINGS Pg No 69-197.pdf,719,drawing_only,high,reference drawing/title-block pages
test3_final_drawings_reference,Test/Test 3/FINAL DRAWINGS Pg No 69-197.pdf,720,drawing_only,high,reference drawing/title-block pages
test3_final_drawings_reference,Test/Test 3/FINAL DRAWINGS Pg No 69-197.pdf,721,drawing_only,high,reference drawing/title-block pages
test3_final_drawings_reference,Test/Test 3/FINAL DRAWINGS Pg No 69-197.pdf,722,drawing_only,high,reference drawing/title-block pages
test3_final_drawings_reference,Test/Test 3/FINAL DRAWINGS Pg No 69-197.pdf,723,drawing_only,high,reference drawing/title-block pages
test3_final_drawings_reference,Test/Test 3/FINAL DRAWINGS Pg No 69-197.pdf,724,drawing_only,high,reference drawing/title-block pages
test3_final_drawings_reference,Test/Test 3/FINAL DRAWINGS Pg No 69-197.pdf,725,drawing_only,high,reference drawing/title-block pages
test3_final_drawings_reference,Test/Test 3/FINAL DRAWINGS Pg No 69-197.pdf,726,drawing_only,high,reference drawing/title-block pages
test3_final_drawings_reference,Test/Test 3/FINAL DRAWINGS Pg No 69-197.pdf,727,drawing_only,high,reference drawing/title-block pages
test3_final_drawings_reference,Test/Test 3/FINAL DRAWINGS Pg No 69-197.pdf,728,drawing_only,high,reference drawing/title-block pages
test3_final_drawings_reference,Test/Test 3/FINAL DRAWINGS Pg No 69-197.pdf,729,drawing_only,high,reference drawing/title-block pages
test3_final_drawings_reference,Test/Test 3/FINAL DRAWINGS Pg No 69-197.pdf,730,drawing_only,high,reference drawing/title-block pages
test3_final_drawings_reference,Test/Test 3/FINAL DRAWINGS Pg No 69-197.pdf,731,drawing_only,high,reference drawing/title-block pages
test3_final_drawings_reference,Test/Test 3/FINAL DRAWINGS Pg No 69-197.pdf,732,drawing_only,high,reference drawing/title-block pages
test3_final_drawings_reference,Test/Test 3/FINAL DRAWINGS Pg No 69-197.pdf,733,drawing_only,high,reference drawing/title-block pages
test3_final_drawings_reference,Test/Test 3/FINAL DRAWINGS Pg No 69-197.pdf,734,drawing_only,high,reference drawing/title-block pages
test3_final_drawings_reference,Test/Test 3/FINAL DRAWINGS Pg No 69-197.pdf,735,drawing_only,high,reference drawing/title-block pages
test3_final_drawings_reference,Test/Test 3/FINAL DRAWINGS Pg No 69-197.pdf,736,drawing_only,high,reference drawing/title-block pages
test3_final_drawings_reference,Test/Test 3/FINAL DRAWINGS Pg No 69-197.pdf,737,drawing_only,high,reference drawing/title-block pages
test3_final_drawings_reference,Test/Test 3/FINAL DRAWINGS Pg No 69-197.pdf,738,drawing_only,high,reference drawing/title-block pages
test3_final_drawings_reference,Test/Test 3/FINAL DRAWINGS Pg No 69-197.pdf,739,drawing_only,high,reference drawing/title-block pages
test3_final_drawings_reference,Test/Test 3/FINAL DRAWINGS Pg No 69-197.pdf,740,drawing_only,high,reference drawing/title-block pages
test3_final_drawings_reference,Test/Test 3/FINAL DRAWINGS Pg No 69-197.pdf,741,drawing_only,high,reference drawing/title-block pages
test3_final_drawings_reference,Test/Test 3/FINAL DRAWINGS Pg No 69-197.pdf,742,drawing_only,high,reference drawing/title-block pages
test3_final_drawings_reference,Test/Test 3/FINAL DRAWINGS Pg No 69-197.pdf,743,drawing_only,high,reference drawing/title-block pages
test3_final_drawings_reference,Test/Test 3/FINAL DRAWINGS Pg No 69-197.pdf,744,drawing_only,high,reference drawing/title-block pages
test3_final_drawings_reference,Test/Test 3/FINAL DRAWINGS Pg No 69-197.pdf,745,drawing_only,high,reference drawing/title-block pages
test3_final_drawings_reference,Test/Test 3/FINAL DRAWINGS Pg No 69-197.pdf,746,drawing_only,high,reference drawing/title-block pages
test3_final_drawings_reference,Test/Test 3/FINAL DRAWINGS Pg No 69-197.pdf,747,drawing_only,high,reference drawing/title-block pages
test3_final_drawings_reference,Test/Test 3/FINAL DRAWINGS Pg No 69-197.pdf,748,drawing_only,high,reference drawing/title-block pages
test3_final_drawings_reference,Test/Test 3/FINAL DRAWINGS Pg No 69-197.pdf,749,drawing_only,high,reference drawing/title-block pages
test3_final_drawings_reference,Test/Test 3/FINAL DRAWINGS Pg No 69-197.pdf,750,drawing_only,high,reference drawing/title-block pages
test3_final_drawings_reference,Test/Test 3/FINAL DRAWINGS Pg No 69-197.pdf,751,drawing_only,high,reference drawing/title-block pages
test3_final_drawings_reference,Test/Test 3/FINAL DRAWINGS Pg No 69-197.pdf,752,drawing_only,high,reference drawing/title-block pages
test3_final_drawings_reference,Test/Test 3/FINAL DRAWINGS Pg No 69-197.pdf,753,drawing_only,high,reference drawing/title-block pages
test3_final_drawings_reference,Test/Test 3/FINAL DRAWINGS Pg No 69-197.pdf,754,drawing_only,high,reference drawing/title-block pages
test3_final_drawings_reference,Test/Test 3/FINAL DRAWINGS Pg No 69-197.pdf,755,drawing_only,high,reference drawing/title-block pages
test3_final_drawings_reference,Test/Test 3/FINAL DRAWINGS Pg No 69-197.pdf,756,drawing_only,high,reference drawing/title-block pages
test3_final_drawings_reference,Test/Test 3/FINAL DRAWINGS Pg No 69-197.pdf,757,drawing_only,high,reference drawing/title-block pages
test3_final_drawings_reference,Test/Test 3/FINAL DRAWINGS Pg No 69-197.pdf,758,drawing_only,high,reference drawing/title-block pages
test3_final_drawings_reference,Test/Test 3/FINAL DRAWINGS Pg No 69-197.pdf,759,drawing_only,high,reference drawing/title-block pages
test3_final_drawings_reference,Test/Test 3/FINAL DRAWINGS Pg No 69-197.pdf,760,drawing_only,high,reference drawing/title-block pages
test3_final_drawings_reference,Test/Test 3/FINAL DRAWINGS Pg No 69-197.pdf,761,drawing_only,high,reference drawing/title-block pages
test3_final_drawings_reference,Test/Test 3/FINAL DRAWINGS Pg No 69-197.pdf,762,drawing_only,high,reference drawing/title-block pages
test3_final_drawings_reference,Test/Test 3/FINAL DRAWINGS Pg No 69-197.pdf,763,drawing_only,high,reference drawing/title-block pages
test3_final_drawings_reference,Test/Test 3/FINAL DRAWINGS Pg No 69-197.pdf,764,drawing_only,high,reference drawing/title-block pages
test3_final_drawings_reference,Test/Test 3/FINAL DRAWINGS Pg No 69-197.pdf,765,drawing_only,high,reference drawing/title-block pages
test3_final_drawings_reference,Test/Test 3/FINAL DRAWINGS Pg No 69-197.pdf,766,drawing_only,high,reference drawing/title-block pages
test3_final_drawings_reference,Test/Test 3/FINAL DRAWINGS Pg No 69-197.pdf,767,drawing_only,high,reference drawing/title-block pages
test3_final_drawings_reference,Test/Test 3/FINAL DRAWINGS Pg No 69-197.pdf,768,drawing_only,high,reference drawing/title-block pages
test3_final_drawings_reference,Test/Test 3/FINAL DRAWINGS Pg No 69-197.pdf,769,drawing_only,high,reference drawing/title-block pages
test3_final_drawings_reference,Test/Test 3/FINAL DRAWINGS Pg No 69-197.pdf,770,drawing_only,high,reference drawing/title-block pages
test3_final_drawings_reference,Test/Test 3/FINAL DRAWINGS Pg No 69-197.pdf,771,drawing_only,high,reference drawing/title-block pages
test3_final_drawings_reference,Test/Test 3/FINAL DRAWINGS Pg No 69-197.pdf,772,drawing_only,high,reference drawing/title-block pages
test3_final_drawings_reference,Test/Test 3/FINAL DRAWINGS Pg No 69-197.pdf,773,drawing_only,high,reference drawing/title-block pages
test3_final_drawings_reference,Test/Test 3/FINAL DRAWINGS Pg No 69-197.pdf,774,drawing_only,high,reference drawing/title-block pages
test3_final_drawings_reference,Test/Test 3/FINAL DRAWINGS Pg No 69-197.pdf,775,drawing_only,high,reference drawing/title-block pages
test3_final_drawings_reference,Test/Test 3/FINAL DRAWINGS Pg No 69-197.pdf,776,drawing_only,high,reference drawing/title-block pages
test3_final_drawings_reference,Test/Test 3/FINAL DRAWINGS Pg No 69-197.pdf,777,drawing_only,high,reference drawing/title-block pages
test3_final_drawings_reference,Test/Test 3/FINAL DRAWINGS Pg No 69-197.pdf,778,drawing_only,high,reference drawing/title-block pages
test3_final_drawings_reference,Test/Test 3/FINAL DRAWINGS Pg No 69-197.pdf,779,drawing_only,high,reference drawing/title-block pages
test3_final_drawings_reference,Test/Test 3/FINAL DRAWINGS Pg No 69-197.pdf,780,drawing_only,high,reference drawing/title-block pages
test3_final_drawings_reference,Test/Test 3/FINAL DRAWINGS Pg No 69-197.pdf,781,drawing_only,high,reference drawing/title-block pages
test4_furuno_far2xx8_radar,"Test/Test 4/IME36520W_FAR2xx8 pg No 18-29,132,197-215.pdf",1,drawing_only,medium,installation/instruction/drawing page
test4_furuno_far2xx8_radar,"Test/Test 4/IME36520W_FAR2xx8 pg No 18-29,132,197-215.pdf",2,drawing_only,medium,installation/instruction/drawing page
test4_furuno_far2xx8_radar,"Test/Test 4/IME36520W_FAR2xx8 pg No 18-29,132,197-215.pdf",3,drawing_only,medium,installation/instruction/drawing page
test4_furuno_far2xx8_radar,"Test/Test 4/IME36520W_FAR2xx8 pg No 18-29,132,197-215.pdf",4,drawing_only,medium,installation/instruction/drawing page
test4_furuno_far2xx8_radar,"Test/Test 4/IME36520W_FAR2xx8 pg No 18-29,132,197-215.pdf",5,drawing_only,medium,installation/instruction/drawing page
test4_furuno_far2xx8_radar,"Test/Test 4/IME36520W_FAR2xx8 pg No 18-29,132,197-215.pdf",6,drawing_only,medium,installation/instruction/drawing page
test4_furuno_far2xx8_radar,"Test/Test 4/IME36520W_FAR2xx8 pg No 18-29,132,197-215.pdf",7,drawing_only,medium,installation/instruction/drawing page
test4_furuno_far2xx8_radar,"Test/Test 4/IME36520W_FAR2xx8 pg No 18-29,132,197-215.pdf",8,drawing_only,medium,installation/instruction/drawing page
test4_furuno_far2xx8_radar,"Test/Test 4/IME36520W_FAR2xx8 pg No 18-29,132,197-215.pdf",9,drawing_only,medium,installation/instruction/drawing page
test4_furuno_far2xx8_radar,"Test/Test 4/IME36520W_FAR2xx8 pg No 18-29,132,197-215.pdf",10,drawing_only,medium,installation/instruction/drawing page
test4_furuno_far2xx8_radar,"Test/Test 4/IME36520W_FAR2xx8 pg No 18-29,132,197-215.pdf",11,drawing_only,medium,installation/instruction/drawing page
test4_furuno_far2xx8_radar,"Test/Test 4/IME36520W_FAR2xx8 pg No 18-29,132,197-215.pdf",12,drawing_only,medium,installation/instruction/drawing page
test4_furuno_far2xx8_radar,"Test/Test 4/IME36520W_FAR2xx8 pg No 18-29,132,197-215.pdf",13,drawing_only,medium,installation/instruction/drawing page
test4_furuno_far2xx8_radar,"Test/Test 4/IME36520W_FAR2xx8 pg No 18-29,132,197-215.pdf",14,drawing_only,medium,installation/instruction/drawing page
test4_furuno_far2xx8_radar,"Test/Test 4/IME36520W_FAR2xx8 pg No 18-29,132,197-215.pdf",15,drawing_only,medium,installation/instruction/drawing page
test4_furuno_far2xx8_radar,"Test/Test 4/IME36520W_FAR2xx8 pg No 18-29,132,197-215.pdf",16,drawing_only,medium,installation/instruction/drawing page
test4_furuno_far2xx8_radar,"Test/Test 4/IME36520W_FAR2xx8 pg No 18-29,132,197-215.pdf",17,drawing_only,medium,installation/instruction/drawing page
test4_furuno_far2xx8_radar,"Test/Test 4/IME36520W_FAR2xx8 pg No 18-29,132,197-215.pdf",18,repair_kit,high,equipment list pages from runner
test4_furuno_far2xx8_radar,"Test/Test 4/IME36520W_FAR2xx8 pg No 18-29,132,197-215.pdf",19,repair_kit,high,equipment list pages from runner
test4_furuno_far2xx8_radar,"Test/Test 4/IME36520W_FAR2xx8 pg No 18-29,132,197-215.pdf",20,repair_kit,high,equipment list pages from runner
test4_furuno_far2xx8_radar,"Test/Test 4/IME36520W_FAR2xx8 pg No 18-29,132,197-215.pdf",21,repair_kit,high,equipment list pages from runner
test4_furuno_far2xx8_radar,"Test/Test 4/IME36520W_FAR2xx8 pg No 18-29,132,197-215.pdf",22,repair_kit,high,equipment list pages from runner
test4_furuno_far2xx8_radar,"Test/Test 4/IME36520W_FAR2xx8 pg No 18-29,132,197-215.pdf",23,repair_kit,high,equipment list pages from runner
test4_furuno_far2xx8_radar,"Test/Test 4/IME36520W_FAR2xx8 pg No 18-29,132,197-215.pdf",24,repair_kit,high,equipment list pages from runner
test4_furuno_far2xx8_radar,"Test/Test 4/IME36520W_FAR2xx8 pg No 18-29,132,197-215.pdf",25,repair_kit,high,equipment list pages from runner
test4_furuno_far2xx8_radar,"Test/Test 4/IME36520W_FAR2xx8 pg No 18-29,132,197-215.pdf",26,repair_kit,high,equipment list pages from runner
test4_furuno_far2xx8_radar,"Test/Test 4/IME36520W_FAR2xx8 pg No 18-29,132,197-215.pdf",27,repair_kit,high,equipment list pages from runner
test4_furuno_far2xx8_radar,"Test/Test 4/IME36520W_FAR2xx8 pg No 18-29,132,197-215.pdf",28,repair_kit,high,equipment list pages from runner
test4_furuno_far2xx8_radar,"Test/Test 4/IME36520W_FAR2xx8 pg No 18-29,132,197-215.pdf",29,repair_kit,high,equipment list pages from runner
test4_furuno_far2xx8_radar,"Test/Test 4/IME36520W_FAR2xx8 pg No 18-29,132,197-215.pdf",30,drawing_only,medium,installation/instruction/drawing page
test4_furuno_far2xx8_radar,"Test/Test 4/IME36520W_FAR2xx8 pg No 18-29,132,197-215.pdf",31,drawing_only,medium,installation/instruction/drawing page
test4_furuno_far2xx8_radar,"Test/Test 4/IME36520W_FAR2xx8 pg No 18-29,132,197-215.pdf",32,drawing_only,medium,installation/instruction/drawing page
test4_furuno_far2xx8_radar,"Test/Test 4/IME36520W_FAR2xx8 pg No 18-29,132,197-215.pdf",33,drawing_only,medium,installation/instruction/drawing page
test4_furuno_far2xx8_radar,"Test/Test 4/IME36520W_FAR2xx8 pg No 18-29,132,197-215.pdf",34,drawing_only,medium,installation/instruction/drawing page
test4_furuno_far2xx8_radar,"Test/Test 4/IME36520W_FAR2xx8 pg No 18-29,132,197-215.pdf",35,drawing_only,medium,installation/instruction/drawing page
test4_furuno_far2xx8_radar,"Test/Test 4/IME36520W_FAR2xx8 pg No 18-29,132,197-215.pdf",36,drawing_only,medium,installation/instruction/drawing page
test4_furuno_far2xx8_radar,"Test/Test 4/IME36520W_FAR2xx8 pg No 18-29,132,197-215.pdf",37,drawing_only,medium,installation/instruction/drawing page
test4_furuno_far2xx8_radar,"Test/Test 4/IME36520W_FAR2xx8 pg No 18-29,132,197-215.pdf",38,drawing_only,medium,installation/instruction/drawing page
test4_furuno_far2xx8_radar,"Test/Test 4/IME36520W_FAR2xx8 pg No 18-29,132,197-215.pdf",39,drawing_only,medium,installation/instruction/drawing page
test4_furuno_far2xx8_radar,"Test/Test 4/IME36520W_FAR2xx8 pg No 18-29,132,197-215.pdf",40,drawing_only,medium,installation/instruction/drawing page
test4_furuno_far2xx8_radar,"Test/Test 4/IME36520W_FAR2xx8 pg No 18-29,132,197-215.pdf",41,drawing_only,medium,installation/instruction/drawing page
test4_furuno_far2xx8_radar,"Test/Test 4/IME36520W_FAR2xx8 pg No 18-29,132,197-215.pdf",42,drawing_only,medium,installation/instruction/drawing page
test4_furuno_far2xx8_radar,"Test/Test 4/IME36520W_FAR2xx8 pg No 18-29,132,197-215.pdf",43,drawing_only,medium,installation/instruction/drawing page
test4_furuno_far2xx8_radar,"Test/Test 4/IME36520W_FAR2xx8 pg No 18-29,132,197-215.pdf",44,drawing_only,medium,installation/instruction/drawing page
test4_furuno_far2xx8_radar,"Test/Test 4/IME36520W_FAR2xx8 pg No 18-29,132,197-215.pdf",45,drawing_only,medium,installation/instruction/drawing page
test4_furuno_far2xx8_radar,"Test/Test 4/IME36520W_FAR2xx8 pg No 18-29,132,197-215.pdf",46,drawing_only,medium,installation/instruction/drawing page
test4_furuno_far2xx8_radar,"Test/Test 4/IME36520W_FAR2xx8 pg No 18-29,132,197-215.pdf",47,drawing_only,medium,installation/instruction/drawing page
test4_furuno_far2xx8_radar,"Test/Test 4/IME36520W_FAR2xx8 pg No 18-29,132,197-215.pdf",48,drawing_only,medium,installation/instruction/drawing page
test4_furuno_far2xx8_radar,"Test/Test 4/IME36520W_FAR2xx8 pg No 18-29,132,197-215.pdf",49,drawing_only,medium,installation/instruction/drawing page
test4_furuno_far2xx8_radar,"Test/Test 4/IME36520W_FAR2xx8 pg No 18-29,132,197-215.pdf",50,drawing_only,medium,installation/instruction/drawing page
test4_furuno_far2xx8_radar,"Test/Test 4/IME36520W_FAR2xx8 pg No 18-29,132,197-215.pdf",51,drawing_only,medium,installation/instruction/drawing page
test4_furuno_far2xx8_radar,"Test/Test 4/IME36520W_FAR2xx8 pg No 18-29,132,197-215.pdf",52,drawing_only,medium,installation/instruction/drawing page
test4_furuno_far2xx8_radar,"Test/Test 4/IME36520W_FAR2xx8 pg No 18-29,132,197-215.pdf",53,drawing_only,medium,installation/instruction/drawing page
test4_furuno_far2xx8_radar,"Test/Test 4/IME36520W_FAR2xx8 pg No 18-29,132,197-215.pdf",54,drawing_only,medium,installation/instruction/drawing page
test4_furuno_far2xx8_radar,"Test/Test 4/IME36520W_FAR2xx8 pg No 18-29,132,197-215.pdf",55,drawing_only,medium,installation/instruction/drawing page
test4_furuno_far2xx8_radar,"Test/Test 4/IME36520W_FAR2xx8 pg No 18-29,132,197-215.pdf",56,drawing_only,medium,installation/instruction/drawing page
test4_furuno_far2xx8_radar,"Test/Test 4/IME36520W_FAR2xx8 pg No 18-29,132,197-215.pdf",57,drawing_only,medium,installation/instruction/drawing page
test4_furuno_far2xx8_radar,"Test/Test 4/IME36520W_FAR2xx8 pg No 18-29,132,197-215.pdf",58,drawing_only,medium,installation/instruction/drawing page
test4_furuno_far2xx8_radar,"Test/Test 4/IME36520W_FAR2xx8 pg No 18-29,132,197-215.pdf",59,drawing_only,medium,installation/instruction/drawing page
test4_furuno_far2xx8_radar,"Test/Test 4/IME36520W_FAR2xx8 pg No 18-29,132,197-215.pdf",60,drawing_only,medium,installation/instruction/drawing page
test4_furuno_far2xx8_radar,"Test/Test 4/IME36520W_FAR2xx8 pg No 18-29,132,197-215.pdf",61,drawing_only,medium,installation/instruction/drawing page
test4_furuno_far2xx8_radar,"Test/Test 4/IME36520W_FAR2xx8 pg No 18-29,132,197-215.pdf",62,drawing_only,medium,installation/instruction/drawing page
test4_furuno_far2xx8_radar,"Test/Test 4/IME36520W_FAR2xx8 pg No 18-29,132,197-215.pdf",63,drawing_only,medium,installation/instruction/drawing page
test4_furuno_far2xx8_radar,"Test/Test 4/IME36520W_FAR2xx8 pg No 18-29,132,197-215.pdf",64,drawing_only,medium,installation/instruction/drawing page
test4_furuno_far2xx8_radar,"Test/Test 4/IME36520W_FAR2xx8 pg No 18-29,132,197-215.pdf",65,drawing_only,medium,installation/instruction/drawing page
test4_furuno_far2xx8_radar,"Test/Test 4/IME36520W_FAR2xx8 pg No 18-29,132,197-215.pdf",66,drawing_only,medium,installation/instruction/drawing page
test4_furuno_far2xx8_radar,"Test/Test 4/IME36520W_FAR2xx8 pg No 18-29,132,197-215.pdf",67,drawing_only,medium,installation/instruction/drawing page
test4_furuno_far2xx8_radar,"Test/Test 4/IME36520W_FAR2xx8 pg No 18-29,132,197-215.pdf",68,drawing_only,medium,installation/instruction/drawing page
test4_furuno_far2xx8_radar,"Test/Test 4/IME36520W_FAR2xx8 pg No 18-29,132,197-215.pdf",69,drawing_only,medium,installation/instruction/drawing page
test4_furuno_far2xx8_radar,"Test/Test 4/IME36520W_FAR2xx8 pg No 18-29,132,197-215.pdf",70,drawing_only,medium,installation/instruction/drawing page
test4_furuno_far2xx8_radar,"Test/Test 4/IME36520W_FAR2xx8 pg No 18-29,132,197-215.pdf",71,drawing_only,medium,installation/instruction/drawing page
test4_furuno_far2xx8_radar,"Test/Test 4/IME36520W_FAR2xx8 pg No 18-29,132,197-215.pdf",72,drawing_only,medium,installation/instruction/drawing page
test4_furuno_far2xx8_radar,"Test/Test 4/IME36520W_FAR2xx8 pg No 18-29,132,197-215.pdf",73,drawing_only,medium,installation/instruction/drawing page
test4_furuno_far2xx8_radar,"Test/Test 4/IME36520W_FAR2xx8 pg No 18-29,132,197-215.pdf",74,drawing_only,medium,installation/instruction/drawing page
test4_furuno_far2xx8_radar,"Test/Test 4/IME36520W_FAR2xx8 pg No 18-29,132,197-215.pdf",75,drawing_only,medium,installation/instruction/drawing page
test4_furuno_far2xx8_radar,"Test/Test 4/IME36520W_FAR2xx8 pg No 18-29,132,197-215.pdf",76,drawing_only,medium,installation/instruction/drawing page
test4_furuno_far2xx8_radar,"Test/Test 4/IME36520W_FAR2xx8 pg No 18-29,132,197-215.pdf",77,drawing_only,medium,installation/instruction/drawing page
test4_furuno_far2xx8_radar,"Test/Test 4/IME36520W_FAR2xx8 pg No 18-29,132,197-215.pdf",78,drawing_only,medium,installation/instruction/drawing page
test4_furuno_far2xx8_radar,"Test/Test 4/IME36520W_FAR2xx8 pg No 18-29,132,197-215.pdf",79,drawing_only,medium,installation/instruction/drawing page
test4_furuno_far2xx8_radar,"Test/Test 4/IME36520W_FAR2xx8 pg No 18-29,132,197-215.pdf",80,drawing_only,medium,installation/instruction/drawing page
test4_furuno_far2xx8_radar,"Test/Test 4/IME36520W_FAR2xx8 pg No 18-29,132,197-215.pdf",81,drawing_only,medium,installation/instruction/drawing page
test4_furuno_far2xx8_radar,"Test/Test 4/IME36520W_FAR2xx8 pg No 18-29,132,197-215.pdf",82,drawing_only,medium,installation/instruction/drawing page
test4_furuno_far2xx8_radar,"Test/Test 4/IME36520W_FAR2xx8 pg No 18-29,132,197-215.pdf",83,drawing_only,medium,installation/instruction/drawing page
test4_furuno_far2xx8_radar,"Test/Test 4/IME36520W_FAR2xx8 pg No 18-29,132,197-215.pdf",84,drawing_only,medium,installation/instruction/drawing page
test4_furuno_far2xx8_radar,"Test/Test 4/IME36520W_FAR2xx8 pg No 18-29,132,197-215.pdf",85,drawing_only,medium,installation/instruction/drawing page
test4_furuno_far2xx8_radar,"Test/Test 4/IME36520W_FAR2xx8 pg No 18-29,132,197-215.pdf",86,drawing_only,medium,installation/instruction/drawing page
test4_furuno_far2xx8_radar,"Test/Test 4/IME36520W_FAR2xx8 pg No 18-29,132,197-215.pdf",87,drawing_only,medium,installation/instruction/drawing page
test4_furuno_far2xx8_radar,"Test/Test 4/IME36520W_FAR2xx8 pg No 18-29,132,197-215.pdf",88,drawing_only,medium,installation/instruction/drawing page
test4_furuno_far2xx8_radar,"Test/Test 4/IME36520W_FAR2xx8 pg No 18-29,132,197-215.pdf",89,drawing_only,medium,installation/instruction/drawing page
test4_furuno_far2xx8_radar,"Test/Test 4/IME36520W_FAR2xx8 pg No 18-29,132,197-215.pdf",90,drawing_only,medium,installation/instruction/drawing page
test4_furuno_far2xx8_radar,"Test/Test 4/IME36520W_FAR2xx8 pg No 18-29,132,197-215.pdf",91,drawing_only,medium,installation/instruction/drawing page
test4_furuno_far2xx8_radar,"Test/Test 4/IME36520W_FAR2xx8 pg No 18-29,132,197-215.pdf",92,drawing_only,medium,installation/instruction/drawing page
test4_furuno_far2xx8_radar,"Test/Test 4/IME36520W_FAR2xx8 pg No 18-29,132,197-215.pdf",93,drawing_only,medium,installation/instruction/drawing page
test4_furuno_far2xx8_radar,"Test/Test 4/IME36520W_FAR2xx8 pg No 18-29,132,197-215.pdf",94,drawing_only,medium,installation/instruction/drawing page
test4_furuno_far2xx8_radar,"Test/Test 4/IME36520W_FAR2xx8 pg No 18-29,132,197-215.pdf",95,drawing_only,medium,installation/instruction/drawing page
test4_furuno_far2xx8_radar,"Test/Test 4/IME36520W_FAR2xx8 pg No 18-29,132,197-215.pdf",96,drawing_only,medium,installation/instruction/drawing page
test4_furuno_far2xx8_radar,"Test/Test 4/IME36520W_FAR2xx8 pg No 18-29,132,197-215.pdf",97,drawing_only,medium,installation/instruction/drawing page
test4_furuno_far2xx8_radar,"Test/Test 4/IME36520W_FAR2xx8 pg No 18-29,132,197-215.pdf",98,drawing_only,medium,installation/instruction/drawing page
test4_furuno_far2xx8_radar,"Test/Test 4/IME36520W_FAR2xx8 pg No 18-29,132,197-215.pdf",99,drawing_only,medium,installation/instruction/drawing page
test4_furuno_far2xx8_radar,"Test/Test 4/IME36520W_FAR2xx8 pg No 18-29,132,197-215.pdf",100,drawing_only,medium,installation/instruction/drawing page
test4_furuno_far2xx8_radar,"Test/Test 4/IME36520W_FAR2xx8 pg No 18-29,132,197-215.pdf",101,drawing_only,medium,installation/instruction/drawing page
test4_furuno_far2xx8_radar,"Test/Test 4/IME36520W_FAR2xx8 pg No 18-29,132,197-215.pdf",102,drawing_only,medium,installation/instruction/drawing page
test4_furuno_far2xx8_radar,"Test/Test 4/IME36520W_FAR2xx8 pg No 18-29,132,197-215.pdf",103,drawing_only,medium,installation/instruction/drawing page
test4_furuno_far2xx8_radar,"Test/Test 4/IME36520W_FAR2xx8 pg No 18-29,132,197-215.pdf",104,drawing_only,medium,installation/instruction/drawing page
test4_furuno_far2xx8_radar,"Test/Test 4/IME36520W_FAR2xx8 pg No 18-29,132,197-215.pdf",105,drawing_only,medium,installation/instruction/drawing page
test4_furuno_far2xx8_radar,"Test/Test 4/IME36520W_FAR2xx8 pg No 18-29,132,197-215.pdf",106,drawing_only,medium,installation/instruction/drawing page
test4_furuno_far2xx8_radar,"Test/Test 4/IME36520W_FAR2xx8 pg No 18-29,132,197-215.pdf",107,drawing_only,medium,installation/instruction/drawing page
test4_furuno_far2xx8_radar,"Test/Test 4/IME36520W_FAR2xx8 pg No 18-29,132,197-215.pdf",108,drawing_only,medium,installation/instruction/drawing page
test4_furuno_far2xx8_radar,"Test/Test 4/IME36520W_FAR2xx8 pg No 18-29,132,197-215.pdf",109,drawing_only,medium,installation/instruction/drawing page
test4_furuno_far2xx8_radar,"Test/Test 4/IME36520W_FAR2xx8 pg No 18-29,132,197-215.pdf",110,drawing_only,medium,installation/instruction/drawing page
test4_furuno_far2xx8_radar,"Test/Test 4/IME36520W_FAR2xx8 pg No 18-29,132,197-215.pdf",111,drawing_only,medium,installation/instruction/drawing page
test4_furuno_far2xx8_radar,"Test/Test 4/IME36520W_FAR2xx8 pg No 18-29,132,197-215.pdf",112,drawing_only,medium,installation/instruction/drawing page
test4_furuno_far2xx8_radar,"Test/Test 4/IME36520W_FAR2xx8 pg No 18-29,132,197-215.pdf",113,drawing_only,medium,installation/instruction/drawing page
test4_furuno_far2xx8_radar,"Test/Test 4/IME36520W_FAR2xx8 pg No 18-29,132,197-215.pdf",114,drawing_only,medium,installation/instruction/drawing page
test4_furuno_far2xx8_radar,"Test/Test 4/IME36520W_FAR2xx8 pg No 18-29,132,197-215.pdf",115,drawing_only,medium,installation/instruction/drawing page
test4_furuno_far2xx8_radar,"Test/Test 4/IME36520W_FAR2xx8 pg No 18-29,132,197-215.pdf",116,drawing_only,medium,installation/instruction/drawing page
test4_furuno_far2xx8_radar,"Test/Test 4/IME36520W_FAR2xx8 pg No 18-29,132,197-215.pdf",117,drawing_only,medium,installation/instruction/drawing page
test4_furuno_far2xx8_radar,"Test/Test 4/IME36520W_FAR2xx8 pg No 18-29,132,197-215.pdf",118,drawing_only,medium,installation/instruction/drawing page
test4_furuno_far2xx8_radar,"Test/Test 4/IME36520W_FAR2xx8 pg No 18-29,132,197-215.pdf",119,drawing_only,medium,installation/instruction/drawing page
test4_furuno_far2xx8_radar,"Test/Test 4/IME36520W_FAR2xx8 pg No 18-29,132,197-215.pdf",120,drawing_only,medium,installation/instruction/drawing page
test4_furuno_far2xx8_radar,"Test/Test 4/IME36520W_FAR2xx8 pg No 18-29,132,197-215.pdf",121,drawing_only,medium,installation/instruction/drawing page
test4_furuno_far2xx8_radar,"Test/Test 4/IME36520W_FAR2xx8 pg No 18-29,132,197-215.pdf",122,drawing_only,medium,installation/instruction/drawing page
test4_furuno_far2xx8_radar,"Test/Test 4/IME36520W_FAR2xx8 pg No 18-29,132,197-215.pdf",123,drawing_only,medium,installation/instruction/drawing page
test4_furuno_far2xx8_radar,"Test/Test 4/IME36520W_FAR2xx8 pg No 18-29,132,197-215.pdf",124,drawing_only,medium,installation/instruction/drawing page
test4_furuno_far2xx8_radar,"Test/Test 4/IME36520W_FAR2xx8 pg No 18-29,132,197-215.pdf",125,drawing_only,medium,installation/instruction/drawing page
test4_furuno_far2xx8_radar,"Test/Test 4/IME36520W_FAR2xx8 pg No 18-29,132,197-215.pdf",126,drawing_only,medium,installation/instruction/drawing page
test4_furuno_far2xx8_radar,"Test/Test 4/IME36520W_FAR2xx8 pg No 18-29,132,197-215.pdf",127,drawing_only,medium,installation/instruction/drawing page
test4_furuno_far2xx8_radar,"Test/Test 4/IME36520W_FAR2xx8 pg No 18-29,132,197-215.pdf",128,drawing_only,medium,installation/instruction/drawing page
test4_furuno_far2xx8_radar,"Test/Test 4/IME36520W_FAR2xx8 pg No 18-29,132,197-215.pdf",129,drawing_only,medium,installation/instruction/drawing page
test4_furuno_far2xx8_radar,"Test/Test 4/IME36520W_FAR2xx8 pg No 18-29,132,197-215.pdf",130,drawing_only,medium,installation/instruction/drawing page
test4_furuno_far2xx8_radar,"Test/Test 4/IME36520W_FAR2xx8 pg No 18-29,132,197-215.pdf",131,drawing_only,medium,installation/instruction/drawing page
test4_furuno_far2xx8_radar,"Test/Test 4/IME36520W_FAR2xx8 pg No 18-29,132,197-215.pdf",132,repair_kit,high,equipment list page from runner
test4_furuno_far2xx8_radar,"Test/Test 4/IME36520W_FAR2xx8 pg No 18-29,132,197-215.pdf",133,drawing_only,medium,installation/instruction/drawing page
test4_furuno_far2xx8_radar,"Test/Test 4/IME36520W_FAR2xx8 pg No 18-29,132,197-215.pdf",134,drawing_only,medium,installation/instruction/drawing page
test4_furuno_far2xx8_radar,"Test/Test 4/IME36520W_FAR2xx8 pg No 18-29,132,197-215.pdf",135,drawing_only,medium,installation/instruction/drawing page
test4_furuno_far2xx8_radar,"Test/Test 4/IME36520W_FAR2xx8 pg No 18-29,132,197-215.pdf",136,drawing_only,medium,installation/instruction/drawing page
test4_furuno_far2xx8_radar,"Test/Test 4/IME36520W_FAR2xx8 pg No 18-29,132,197-215.pdf",137,drawing_only,medium,installation/instruction/drawing page
test4_furuno_far2xx8_radar,"Test/Test 4/IME36520W_FAR2xx8 pg No 18-29,132,197-215.pdf",138,drawing_only,medium,installation/instruction/drawing page
test4_furuno_far2xx8_radar,"Test/Test 4/IME36520W_FAR2xx8 pg No 18-29,132,197-215.pdf",139,drawing_only,medium,installation/instruction/drawing page
test4_furuno_far2xx8_radar,"Test/Test 4/IME36520W_FAR2xx8 pg No 18-29,132,197-215.pdf",140,drawing_only,medium,installation/instruction/drawing page
test4_furuno_far2xx8_radar,"Test/Test 4/IME36520W_FAR2xx8 pg No 18-29,132,197-215.pdf",141,drawing_only,medium,installation/instruction/drawing page
test4_furuno_far2xx8_radar,"Test/Test 4/IME36520W_FAR2xx8 pg No 18-29,132,197-215.pdf",142,drawing_only,medium,installation/instruction/drawing page
test4_furuno_far2xx8_radar,"Test/Test 4/IME36520W_FAR2xx8 pg No 18-29,132,197-215.pdf",143,drawing_only,medium,installation/instruction/drawing page
test4_furuno_far2xx8_radar,"Test/Test 4/IME36520W_FAR2xx8 pg No 18-29,132,197-215.pdf",144,drawing_only,medium,installation/instruction/drawing page
test4_furuno_far2xx8_radar,"Test/Test 4/IME36520W_FAR2xx8 pg No 18-29,132,197-215.pdf",145,drawing_only,medium,installation/instruction/drawing page
test4_furuno_far2xx8_radar,"Test/Test 4/IME36520W_FAR2xx8 pg No 18-29,132,197-215.pdf",146,drawing_only,medium,installation/instruction/drawing page
test4_furuno_far2xx8_radar,"Test/Test 4/IME36520W_FAR2xx8 pg No 18-29,132,197-215.pdf",147,drawing_only,medium,installation/instruction/drawing page
test4_furuno_far2xx8_radar,"Test/Test 4/IME36520W_FAR2xx8 pg No 18-29,132,197-215.pdf",148,drawing_only,medium,installation/instruction/drawing page
test4_furuno_far2xx8_radar,"Test/Test 4/IME36520W_FAR2xx8 pg No 18-29,132,197-215.pdf",149,drawing_only,medium,installation/instruction/drawing page
test4_furuno_far2xx8_radar,"Test/Test 4/IME36520W_FAR2xx8 pg No 18-29,132,197-215.pdf",150,drawing_only,medium,installation/instruction/drawing page
test4_furuno_far2xx8_radar,"Test/Test 4/IME36520W_FAR2xx8 pg No 18-29,132,197-215.pdf",151,drawing_only,medium,installation/instruction/drawing page
test4_furuno_far2xx8_radar,"Test/Test 4/IME36520W_FAR2xx8 pg No 18-29,132,197-215.pdf",152,drawing_only,medium,installation/instruction/drawing page
test4_furuno_far2xx8_radar,"Test/Test 4/IME36520W_FAR2xx8 pg No 18-29,132,197-215.pdf",153,drawing_only,medium,installation/instruction/drawing page
test4_furuno_far2xx8_radar,"Test/Test 4/IME36520W_FAR2xx8 pg No 18-29,132,197-215.pdf",154,drawing_only,medium,installation/instruction/drawing page
test4_furuno_far2xx8_radar,"Test/Test 4/IME36520W_FAR2xx8 pg No 18-29,132,197-215.pdf",155,drawing_only,medium,installation/instruction/drawing page
test4_furuno_far2xx8_radar,"Test/Test 4/IME36520W_FAR2xx8 pg No 18-29,132,197-215.pdf",156,drawing_only,medium,installation/instruction/drawing page
test4_furuno_far2xx8_radar,"Test/Test 4/IME36520W_FAR2xx8 pg No 18-29,132,197-215.pdf",157,drawing_only,medium,installation/instruction/drawing page
test4_furuno_far2xx8_radar,"Test/Test 4/IME36520W_FAR2xx8 pg No 18-29,132,197-215.pdf",158,drawing_only,medium,installation/instruction/drawing page
test4_furuno_far2xx8_radar,"Test/Test 4/IME36520W_FAR2xx8 pg No 18-29,132,197-215.pdf",159,drawing_only,medium,installation/instruction/drawing page
test4_furuno_far2xx8_radar,"Test/Test 4/IME36520W_FAR2xx8 pg No 18-29,132,197-215.pdf",160,drawing_only,medium,installation/instruction/drawing page
test4_furuno_far2xx8_radar,"Test/Test 4/IME36520W_FAR2xx8 pg No 18-29,132,197-215.pdf",161,drawing_only,medium,installation/instruction/drawing page
test4_furuno_far2xx8_radar,"Test/Test 4/IME36520W_FAR2xx8 pg No 18-29,132,197-215.pdf",162,drawing_only,medium,installation/instruction/drawing page
test4_furuno_far2xx8_radar,"Test/Test 4/IME36520W_FAR2xx8 pg No 18-29,132,197-215.pdf",163,drawing_only,medium,installation/instruction/drawing page
test4_furuno_far2xx8_radar,"Test/Test 4/IME36520W_FAR2xx8 pg No 18-29,132,197-215.pdf",164,drawing_only,medium,installation/instruction/drawing page
test4_furuno_far2xx8_radar,"Test/Test 4/IME36520W_FAR2xx8 pg No 18-29,132,197-215.pdf",165,drawing_only,medium,installation/instruction/drawing page
test4_furuno_far2xx8_radar,"Test/Test 4/IME36520W_FAR2xx8 pg No 18-29,132,197-215.pdf",166,drawing_only,medium,installation/instruction/drawing page
test4_furuno_far2xx8_radar,"Test/Test 4/IME36520W_FAR2xx8 pg No 18-29,132,197-215.pdf",167,index_page,medium,input/output data reference tables
test4_furuno_far2xx8_radar,"Test/Test 4/IME36520W_FAR2xx8 pg No 18-29,132,197-215.pdf",168,index_page,medium,input/output data reference tables
test4_furuno_far2xx8_radar,"Test/Test 4/IME36520W_FAR2xx8 pg No 18-29,132,197-215.pdf",169,index_page,medium,input/output data reference tables
test4_furuno_far2xx8_radar,"Test/Test 4/IME36520W_FAR2xx8 pg No 18-29,132,197-215.pdf",170,drawing_only,medium,installation/instruction/drawing page
test4_furuno_far2xx8_radar,"Test/Test 4/IME36520W_FAR2xx8 pg No 18-29,132,197-215.pdf",171,drawing_only,medium,installation/instruction/drawing page
test4_furuno_far2xx8_radar,"Test/Test 4/IME36520W_FAR2xx8 pg No 18-29,132,197-215.pdf",172,drawing_only,medium,installation/instruction/drawing page
test4_furuno_far2xx8_radar,"Test/Test 4/IME36520W_FAR2xx8 pg No 18-29,132,197-215.pdf",173,drawing_only,medium,installation/instruction/drawing page
test4_furuno_far2xx8_radar,"Test/Test 4/IME36520W_FAR2xx8 pg No 18-29,132,197-215.pdf",174,drawing_only,medium,installation/instruction/drawing page
test4_furuno_far2xx8_radar,"Test/Test 4/IME36520W_FAR2xx8 pg No 18-29,132,197-215.pdf",175,drawing_only,medium,installation/instruction/drawing page
test4_furuno_far2xx8_radar,"Test/Test 4/IME36520W_FAR2xx8 pg No 18-29,132,197-215.pdf",176,drawing_only,medium,installation/instruction/drawing page
test4_furuno_far2xx8_radar,"Test/Test 4/IME36520W_FAR2xx8 pg No 18-29,132,197-215.pdf",177,drawing_only,medium,installation/instruction/drawing page
test4_furuno_far2xx8_radar,"Test/Test 4/IME36520W_FAR2xx8 pg No 18-29,132,197-215.pdf",178,drawing_only,medium,installation/instruction/drawing page
test4_furuno_far2xx8_radar,"Test/Test 4/IME36520W_FAR2xx8 pg No 18-29,132,197-215.pdf",179,drawing_only,medium,installation/instruction/drawing page
test4_furuno_far2xx8_radar,"Test/Test 4/IME36520W_FAR2xx8 pg No 18-29,132,197-215.pdf",180,drawing_only,medium,installation/instruction/drawing page
test4_furuno_far2xx8_radar,"Test/Test 4/IME36520W_FAR2xx8 pg No 18-29,132,197-215.pdf",181,drawing_only,medium,installation/instruction/drawing page
test4_furuno_far2xx8_radar,"Test/Test 4/IME36520W_FAR2xx8 pg No 18-29,132,197-215.pdf",182,drawing_only,medium,installation/instruction/drawing page
test4_furuno_far2xx8_radar,"Test/Test 4/IME36520W_FAR2xx8 pg No 18-29,132,197-215.pdf",183,drawing_only,medium,installation/instruction/drawing page
test4_furuno_far2xx8_radar,"Test/Test 4/IME36520W_FAR2xx8 pg No 18-29,132,197-215.pdf",184,drawing_only,medium,installation/instruction/drawing page
test4_furuno_far2xx8_radar,"Test/Test 4/IME36520W_FAR2xx8 pg No 18-29,132,197-215.pdf",185,drawing_only,medium,installation/instruction/drawing page
test4_furuno_far2xx8_radar,"Test/Test 4/IME36520W_FAR2xx8 pg No 18-29,132,197-215.pdf",186,drawing_only,medium,installation/instruction/drawing page
test4_furuno_far2xx8_radar,"Test/Test 4/IME36520W_FAR2xx8 pg No 18-29,132,197-215.pdf",187,drawing_only,medium,installation/instruction/drawing page
test4_furuno_far2xx8_radar,"Test/Test 4/IME36520W_FAR2xx8 pg No 18-29,132,197-215.pdf",188,drawing_only,medium,installation/instruction/drawing page
test4_furuno_far2xx8_radar,"Test/Test 4/IME36520W_FAR2xx8 pg No 18-29,132,197-215.pdf",189,drawing_only,medium,installation/instruction/drawing page
test4_furuno_far2xx8_radar,"Test/Test 4/IME36520W_FAR2xx8 pg No 18-29,132,197-215.pdf",190,drawing_only,medium,installation/instruction/drawing page
test4_furuno_far2xx8_radar,"Test/Test 4/IME36520W_FAR2xx8 pg No 18-29,132,197-215.pdf",191,drawing_only,medium,installation/instruction/drawing page
test4_furuno_far2xx8_radar,"Test/Test 4/IME36520W_FAR2xx8 pg No 18-29,132,197-215.pdf",192,drawing_only,medium,installation/instruction/drawing page
test4_furuno_far2xx8_radar,"Test/Test 4/IME36520W_FAR2xx8 pg No 18-29,132,197-215.pdf",193,drawing_only,medium,installation/instruction/drawing page
test4_furuno_far2xx8_radar,"Test/Test 4/IME36520W_FAR2xx8 pg No 18-29,132,197-215.pdf",194,drawing_only,medium,installation/instruction/drawing page
test4_furuno_far2xx8_radar,"Test/Test 4/IME36520W_FAR2xx8 pg No 18-29,132,197-215.pdf",195,drawing_only,medium,installation/instruction/drawing page
test4_furuno_far2xx8_radar,"Test/Test 4/IME36520W_FAR2xx8 pg No 18-29,132,197-215.pdf",196,drawing_only,medium,installation/instruction/drawing page
test4_furuno_far2xx8_radar,"Test/Test 4/IME36520W_FAR2xx8 pg No 18-29,132,197-215.pdf",197,repair_kit,high,packing list pages from runner
test4_furuno_far2xx8_radar,"Test/Test 4/IME36520W_FAR2xx8 pg No 18-29,132,197-215.pdf",198,repair_kit,high,packing list pages from runner
test4_furuno_far2xx8_radar,"Test/Test 4/IME36520W_FAR2xx8 pg No 18-29,132,197-215.pdf",199,repair_kit,high,packing list pages from runner
test4_furuno_far2xx8_radar,"Test/Test 4/IME36520W_FAR2xx8 pg No 18-29,132,197-215.pdf",200,repair_kit,high,packing list pages from runner
test4_furuno_far2xx8_radar,"Test/Test 4/IME36520W_FAR2xx8 pg No 18-29,132,197-215.pdf",201,repair_kit,high,packing list pages from runner
test4_furuno_far2xx8_radar,"Test/Test 4/IME36520W_FAR2xx8 pg No 18-29,132,197-215.pdf",202,repair_kit,high,packing list pages from runner
test4_furuno_far2xx8_radar,"Test/Test 4/IME36520W_FAR2xx8 pg No 18-29,132,197-215.pdf",203,repair_kit,high,packing list pages from runner
test4_furuno_far2xx8_radar,"Test/Test 4/IME36520W_FAR2xx8 pg No 18-29,132,197-215.pdf",204,repair_kit,high,packing list pages from runner
test4_furuno_far2xx8_radar,"Test/Test 4/IME36520W_FAR2xx8 pg No 18-29,132,197-215.pdf",205,repair_kit,high,packing list pages from runner
test4_furuno_far2xx8_radar,"Test/Test 4/IME36520W_FAR2xx8 pg No 18-29,132,197-215.pdf",206,repair_kit,high,packing list pages from runner
test4_furuno_far2xx8_radar,"Test/Test 4/IME36520W_FAR2xx8 pg No 18-29,132,197-215.pdf",207,repair_kit,high,packing list pages from runner
test4_furuno_far2xx8_radar,"Test/Test 4/IME36520W_FAR2xx8 pg No 18-29,132,197-215.pdf",208,repair_kit,high,packing list pages from runner
test4_furuno_far2xx8_radar,"Test/Test 4/IME36520W_FAR2xx8 pg No 18-29,132,197-215.pdf",209,repair_kit,high,packing list pages from runner
test4_furuno_far2xx8_radar,"Test/Test 4/IME36520W_FAR2xx8 pg No 18-29,132,197-215.pdf",210,repair_kit,high,packing list pages from runner
test4_furuno_far2xx8_radar,"Test/Test 4/IME36520W_FAR2xx8 pg No 18-29,132,197-215.pdf",211,repair_kit,high,packing list pages from runner
test4_furuno_far2xx8_radar,"Test/Test 4/IME36520W_FAR2xx8 pg No 18-29,132,197-215.pdf",212,repair_kit,high,packing list pages from runner
test4_furuno_far2xx8_radar,"Test/Test 4/IME36520W_FAR2xx8 pg No 18-29,132,197-215.pdf",213,repair_kit,high,packing list pages from runner
test4_furuno_far2xx8_radar,"Test/Test 4/IME36520W_FAR2xx8 pg No 18-29,132,197-215.pdf",214,repair_kit,high,packing list pages from runner
test4_furuno_far2xx8_radar,"Test/Test 4/IME36520W_FAR2xx8 pg No 18-29,132,197-215.pdf",215,repair_kit,high,packing list pages from runner
test4_furuno_far2xx8_radar,"Test/Test 4/IME36520W_FAR2xx8 pg No 18-29,132,197-215.pdf",216,drawing_only,high,drawing pages from runner
test4_furuno_far2xx8_radar,"Test/Test 4/IME36520W_FAR2xx8 pg No 18-29,132,197-215.pdf",217,drawing_only,high,drawing pages from runner
test4_furuno_far2xx8_radar,"Test/Test 4/IME36520W_FAR2xx8 pg No 18-29,132,197-215.pdf",218,drawing_only,high,drawing pages from runner
test4_furuno_far2xx8_radar,"Test/Test 4/IME36520W_FAR2xx8 pg No 18-29,132,197-215.pdf",219,drawing_only,high,drawing pages from runner
test4_furuno_far2xx8_radar,"Test/Test 4/IME36520W_FAR2xx8 pg No 18-29,132,197-215.pdf",220,drawing_only,high,drawing pages from runner
test4_furuno_far2xx8_radar,"Test/Test 4/IME36520W_FAR2xx8 pg No 18-29,132,197-215.pdf",221,drawing_only,high,drawing pages from runner
test4_furuno_far2xx8_radar,"Test/Test 4/IME36520W_FAR2xx8 pg No 18-29,132,197-215.pdf",222,drawing_only,high,drawing pages from runner
test4_furuno_far2xx8_radar,"Test/Test 4/IME36520W_FAR2xx8 pg No 18-29,132,197-215.pdf",223,drawing_only,high,drawing pages from runner
test4_furuno_far2xx8_radar,"Test/Test 4/IME36520W_FAR2xx8 pg No 18-29,132,197-215.pdf",224,drawing_only,high,drawing pages from runner
test4_furuno_far2xx8_radar,"Test/Test 4/IME36520W_FAR2xx8 pg No 18-29,132,197-215.pdf",225,drawing_only,high,drawing pages from runner
test4_furuno_far2xx8_radar,"Test/Test 4/IME36520W_FAR2xx8 pg No 18-29,132,197-215.pdf",226,drawing_only,high,drawing pages from runner
test4_furuno_far2xx8_radar,"Test/Test 4/IME36520W_FAR2xx8 pg No 18-29,132,197-215.pdf",227,drawing_only,high,drawing pages from runner
test4_furuno_far2xx8_radar,"Test/Test 4/IME36520W_FAR2xx8 pg No 18-29,132,197-215.pdf",228,drawing_only,high,drawing pages from runner
test4_furuno_far2xx8_radar,"Test/Test 4/IME36520W_FAR2xx8 pg No 18-29,132,197-215.pdf",229,drawing_only,high,drawing pages from runner
test4_furuno_far2xx8_radar,"Test/Test 4/IME36520W_FAR2xx8 pg No 18-29,132,197-215.pdf",230,drawing_only,high,drawing pages from runner
test4_furuno_far2xx8_radar,"Test/Test 4/IME36520W_FAR2xx8 pg No 18-29,132,197-215.pdf",231,drawing_only,high,drawing pages from runner
test4_furuno_far2xx8_radar,"Test/Test 4/IME36520W_FAR2xx8 pg No 18-29,132,197-215.pdf",232,drawing_only,high,drawing pages from runner
test4_furuno_far2xx8_radar,"Test/Test 4/IME36520W_FAR2xx8 pg No 18-29,132,197-215.pdf",233,drawing_only,high,drawing pages from runner
test4_furuno_far2xx8_radar,"Test/Test 4/IME36520W_FAR2xx8 pg No 18-29,132,197-215.pdf",234,drawing_only,high,drawing pages from runner
test4_furuno_far2xx8_radar,"Test/Test 4/IME36520W_FAR2xx8 pg No 18-29,132,197-215.pdf",235,drawing_only,high,drawing pages from runner
test4_furuno_far2xx8_radar,"Test/Test 4/IME36520W_FAR2xx8 pg No 18-29,132,197-215.pdf",236,drawing_only,high,drawing pages from runner
test4_furuno_far2xx8_radar,"Test/Test 4/IME36520W_FAR2xx8 pg No 18-29,132,197-215.pdf",237,drawing_only,high,drawing pages from runner
test4_furuno_far2xx8_radar,"Test/Test 4/IME36520W_FAR2xx8 pg No 18-29,132,197-215.pdf",238,drawing_only,high,drawing pages from runner
test4_furuno_far2xx8_radar,"Test/Test 4/IME36520W_FAR2xx8 pg No 18-29,132,197-215.pdf",239,drawing_only,high,drawing pages from runner
test4_furuno_far2xx8_radar,"Test/Test 4/IME36520W_FAR2xx8 pg No 18-29,132,197-215.pdf",240,drawing_only,high,drawing pages from runner
test4_furuno_far2xx8_radar,"Test/Test 4/IME36520W_FAR2xx8 pg No 18-29,132,197-215.pdf",241,drawing_only,high,drawing pages from runner
test4_furuno_far2xx8_radar,"Test/Test 4/IME36520W_FAR2xx8 pg No 18-29,132,197-215.pdf",242,drawing_only,high,drawing pages from runner
test4_furuno_far2xx8_radar,"Test/Test 4/IME36520W_FAR2xx8 pg No 18-29,132,197-215.pdf",243,drawing_only,high,drawing pages from runner
test4_furuno_far2xx8_radar,"Test/Test 4/IME36520W_FAR2xx8 pg No 18-29,132,197-215.pdf",244,drawing_only,high,drawing pages from runner
test4_furuno_far2xx8_radar,"Test/Test 4/IME36520W_FAR2xx8 pg No 18-29,132,197-215.pdf",245,drawing_only,high,drawing pages from runner
test4_furuno_far2xx8_radar,"Test/Test 4/IME36520W_FAR2xx8 pg No 18-29,132,197-215.pdf",246,drawing_only,high,drawing pages from runner
test4_furuno_far2xx8_radar,"Test/Test 4/IME36520W_FAR2xx8 pg No 18-29,132,197-215.pdf",247,drawing_only,high,drawing pages from runner
test4_furuno_far2xx8_radar,"Test/Test 4/IME36520W_FAR2xx8 pg No 18-29,132,197-215.pdf",248,drawing_only,high,drawing pages from runner
test4_furuno_far2xx8_radar,"Test/Test 4/IME36520W_FAR2xx8 pg No 18-29,132,197-215.pdf",249,drawing_only,high,drawing pages from runner
test4_furuno_far2xx8_radar,"Test/Test 4/IME36520W_FAR2xx8 pg No 18-29,132,197-215.pdf",250,drawing_only,high,drawing pages from runner
test4_furuno_far2xx8_radar,"Test/Test 4/IME36520W_FAR2xx8 pg No 18-29,132,197-215.pdf",251,drawing_only,high,drawing pages from runner
test4_furuno_far2xx8_radar,"Test/Test 4/IME36520W_FAR2xx8 pg No 18-29,132,197-215.pdf",252,drawing_only,high,drawing pages from runner
test4_furuno_far2xx8_radar,"Test/Test 4/IME36520W_FAR2xx8 pg No 18-29,132,197-215.pdf",253,drawing_only,high,drawing pages from runner
test4_furuno_far2xx8_radar,"Test/Test 4/IME36520W_FAR2xx8 pg No 18-29,132,197-215.pdf",254,drawing_only,high,drawing pages from runner
test4_furuno_far2xx8_radar,"Test/Test 4/IME36520W_FAR2xx8 pg No 18-29,132,197-215.pdf",255,drawing_only,high,drawing pages from runner
test4_furuno_far2xx8_radar,"Test/Test 4/IME36520W_FAR2xx8 pg No 18-29,132,197-215.pdf",256,drawing_only,high,drawing pages from runner
test4_furuno_far2xx8_radar,"Test/Test 4/IME36520W_FAR2xx8 pg No 18-29,132,197-215.pdf",257,drawing_only,high,drawing pages from runner
test4_furuno_far2xx8_radar,"Test/Test 4/IME36520W_FAR2xx8 pg No 18-29,132,197-215.pdf",258,drawing_only,high,drawing pages from runner
test4_furuno_far2xx8_radar,"Test/Test 4/IME36520W_FAR2xx8 pg No 18-29,132,197-215.pdf",259,drawing_only,high,drawing pages from runner
test4_furuno_far2xx8_radar,"Test/Test 4/IME36520W_FAR2xx8 pg No 18-29,132,197-215.pdf",260,drawing_only,high,drawing pages from runner
test4_furuno_far2xx8_radar,"Test/Test 4/IME36520W_FAR2xx8 pg No 18-29,132,197-215.pdf",261,drawing_only,medium,installation/instruction/drawing page
test4_furuno_far2xx8_radar,"Test/Test 4/IME36520W_FAR2xx8 pg No 18-29,132,197-215.pdf",262,drawing_only,medium,installation/instruction/drawing page
test4_furuno_far2xx8_radar,"Test/Test 4/IME36520W_FAR2xx8 pg No 18-29,132,197-215.pdf",263,drawing_only,medium,installation/instruction/drawing page
test4_furuno_far2xx8_radar,"Test/Test 4/IME36520W_FAR2xx8 pg No 18-29,132,197-215.pdf",264,drawing_only,medium,installation/instruction/drawing page
test4_furuno_far2xx8_radar,"Test/Test 4/IME36520W_FAR2xx8 pg No 18-29,132,197-215.pdf",265,drawing_only,medium,installation/instruction/drawing page
test4_furuno_far2xx8_radar,"Test/Test 4/IME36520W_FAR2xx8 pg No 18-29,132,197-215.pdf",266,drawing_only,medium,installation/instruction/drawing page
test4_furuno_far2xx8_radar,"Test/Test 4/IME36520W_FAR2xx8 pg No 18-29,132,197-215.pdf",267,drawing_only,medium,installation/instruction/drawing page
test4_furuno_far2xx8_radar,"Test/Test 4/IME36520W_FAR2xx8 pg No 18-29,132,197-215.pdf",268,drawing_only,medium,installation/instruction/drawing page
test4_furuno_far2xx8_radar,"Test/Test 4/IME36520W_FAR2xx8 pg No 18-29,132,197-215.pdf",269,drawing_only,medium,installation/instruction/drawing page
test4_furuno_far2xx8_radar,"Test/Test 4/IME36520W_FAR2xx8 pg No 18-29,132,197-215.pdf",270,drawing_only,medium,installation/instruction/drawing page
test4_furuno_far2xx8_radar,"Test/Test 4/IME36520W_FAR2xx8 pg No 18-29,132,197-215.pdf",271,drawing_only,medium,installation/instruction/drawing page
test4_furuno_far2xx8_radar,"Test/Test 4/IME36520W_FAR2xx8 pg No 18-29,132,197-215.pdf",272,drawing_only,medium,installation/instruction/drawing page
test4_furuno_far2xx8_radar,"Test/Test 4/IME36520W_FAR2xx8 pg No 18-29,132,197-215.pdf",273,drawing_only,medium,installation/instruction/drawing page
test4_furuno_far2xx8_radar,"Test/Test 4/IME36520W_FAR2xx8 pg No 18-29,132,197-215.pdf",274,drawing_only,medium,installation/instruction/drawing page
test5_ae_d2842le_dci,Test/Test 5/Extracted pages from DCI DR 12 & 14 AE PARTS CAT D2842LE ESN 49361860994101.pdf,1,spare_parts_table,high,known-good output on every page
test5_ae_d2842le_dci,Test/Test 5/Extracted pages from DCI DR 12 & 14 AE PARTS CAT D2842LE ESN 49361860994101.pdf,2,spare_parts_table,high,known-good output on every page
test5_ae_d2842le_dci,Test/Test 5/Extracted pages from DCI DR 12 & 14 AE PARTS CAT D2842LE ESN 49361860994101.pdf,3,spare_parts_table,high,known-good output on every page
test5_ae_d2842le_dci,Test/Test 5/Extracted pages from DCI DR 12 & 14 AE PARTS CAT D2842LE ESN 49361860994101.pdf,4,spare_parts_table,high,known-good output on every page
test5_ae_d2842le_dci,Test/Test 5/Extracted pages from DCI DR 12 & 14 AE PARTS CAT D2842LE ESN 49361860994101.pdf,5,spare_parts_table,high,known-good output on every page
test5_ae_d2842le_dci,Test/Test 5/Extracted pages from DCI DR 12 & 14 AE PARTS CAT D2842LE ESN 49361860994101.pdf,6,spare_parts_table,high,known-good output on every page
test5_ae_d2842le_dci,Test/Test 5/Extracted pages from DCI DR 12 & 14 AE PARTS CAT D2842LE ESN 49361860994101.pdf,7,spare_parts_table,high,known-good output on every page
test5_ae_d2842le_dci,Test/Test 5/Extracted pages from DCI DR 12 & 14 AE PARTS CAT D2842LE ESN 49361860994101.pdf,8,spare_parts_table,high,known-good output on every page
test5_ae_d2842le_dci,Test/Test 5/Extracted pages from DCI DR 12 & 14 AE PARTS CAT D2842LE ESN 49361860994101.pdf,9,spare_parts_table,high,known-good output on every page
test5_ae_d2842le_dci,Test/Test 5/Extracted pages from DCI DR 12 & 14 AE PARTS CAT D2842LE ESN 49361860994101.pdf,10,spare_parts_table,high,known-good output on every page
test5_ae_d2842le_dci,Test/Test 5/Extracted pages from DCI DR 12 & 14 AE PARTS CAT D2842LE ESN 49361860994101.pdf,11,spare_parts_table,high,known-good output on every page
test5_ae_d2842le_dci,Test/Test 5/Extracted pages from DCI DR 12 & 14 AE PARTS CAT D2842LE ESN 49361860994101.pdf,12,spare_parts_table,high,known-good output on every page
test5_ae_d2842le_dci,Test/Test 5/Extracted pages from DCI DR 12 & 14 AE PARTS CAT D2842LE ESN 49361860994101.pdf,13,spare_parts_table,high,known-good output on every page
test5_ae_d2842le_dci,Test/Test 5/Extracted pages from DCI DR 12 & 14 AE PARTS CAT D2842LE ESN 49361860994101.pdf,14,spare_parts_table,high,known-good output on every page
test5_ae_d2842le_dci,Test/Test 5/Extracted pages from DCI DR 12 & 14 AE PARTS CAT D2842LE ESN 49361860994101.pdf,15,spare_parts_table,high,known-good output on every page
test5_ae_d2842le_dci,Test/Test 5/Extracted pages from DCI DR 12 & 14 AE PARTS CAT D2842LE ESN 49361860994101.pdf,16,spare_parts_table,high,known-good output on every page
test5_ae_d2842le_dci,Test/Test 5/Extracted pages from DCI DR 12 & 14 AE PARTS CAT D2842LE ESN 49361860994101.pdf,17,spare_parts_table,high,known-good output on every page
test5_ae_d2842le_dci,Test/Test 5/Extracted pages from DCI DR 12 & 14 AE PARTS CAT D2842LE ESN 49361860994101.pdf,18,spare_parts_table,high,known-good output on every page
test5_ae_d2842le_dci,Test/Test 5/Extracted pages from DCI DR 12 & 14 AE PARTS CAT D2842LE ESN 49361860994101.pdf,19,spare_parts_table,high,known-good output on every page
test5_ae_d2842le_dci,Test/Test 5/Extracted pages from DCI DR 12 & 14 AE PARTS CAT D2842LE ESN 49361860994101.pdf,20,spare_parts_table,high,known-good output on every page
test5_ae_d2842le_dci,Test/Test 5/Extracted pages from DCI DR 12 & 14 AE PARTS CAT D2842LE ESN 49361860994101.pdf,21,spare_parts_table,high,known-good output on every page
test5_ae_d2842le_dci,Test/Test 5/Extracted pages from DCI DR 12 & 14 AE PARTS CAT D2842LE ESN 49361860994101.pdf,22,spare_parts_table,high,known-good output on every page
test5_ae_d2842le_dci,Test/Test 5/Extracted pages from DCI DR 12 & 14 AE PARTS CAT D2842LE ESN 49361860994101.pdf,23,spare_parts_table,high,known-good output on every page
test5_ae_d2842le_dci,Test/Test 5/Extracted pages from DCI DR 12 & 14 AE PARTS CAT D2842LE ESN 49361860994101.pdf,24,spare_parts_table,high,known-good output on every page
test5_ae_d2842le_dci,Test/Test 5/Extracted pages from DCI DR 12 & 14 AE PARTS CAT D2842LE ESN 49361860994101.pdf,25,spare_parts_table,high,known-good output on every page
test5_ae_d2842le_dci,Test/Test 5/Extracted pages from DCI DR 12 & 14 AE PARTS CAT D2842LE ESN 49361860994101.pdf,26,spare_parts_table,high,known-good output on every page
test5_ae_d2842le_dci,Test/Test 5/Extracted pages from DCI DR 12 & 14 AE PARTS CAT D2842LE ESN 49361860994101.pdf,27,spare_parts_table,high,known-good output on every page
test5_ae_d2842le_dci,Test/Test 5/Extracted pages from DCI DR 12 & 14 AE PARTS CAT D2842LE ESN 49361860994101.pdf,28,spare_parts_table,high,known-good output on every page
test5_ae_d2842le_dci,Test/Test 5/Extracted pages from DCI DR 12 & 14 AE PARTS CAT D2842LE ESN 49361860994101.pdf,29,spare_parts_table,high,known-good output on every page
test5_ae_d2842le_dci,Test/Test 5/Extracted pages from DCI DR 12 & 14 AE PARTS CAT D2842LE ESN 49361860994101.pdf,30,spare_parts_table,high,known-good output on every page
test5_ae_d2842le_dci,Test/Test 5/Extracted pages from DCI DR 12 & 14 AE PARTS CAT D2842LE ESN 49361860994101.pdf,31,spare_parts_table,high,known-good output on every page
test5_ae_d2842le_dci,Test/Test 5/Extracted pages from DCI DR 12 & 14 AE PARTS CAT D2842LE ESN 49361860994101.pdf,32,spare_parts_table,high,known-good output on every page
test5_ae_d2842le_dci,Test/Test 5/Extracted pages from DCI DR 12 & 14 AE PARTS CAT D2842LE ESN 49361860994101.pdf,33,spare_parts_table,high,known-good output on every page
test5_ae_d2842le_dci,Test/Test 5/Extracted pages from DCI DR 12 & 14 AE PARTS CAT D2842LE ESN 49361860994101.pdf,34,spare_parts_table,high,known-good output on every page
test5_ae_d2842le_dci,Test/Test 5/Extracted pages from DCI DR 12 & 14 AE PARTS CAT D2842LE ESN 49361860994101.pdf,35,spare_parts_table,high,known-good output on every page
test5_ae_d2842le_dci,Test/Test 5/Extracted pages from DCI DR 12 & 14 AE PARTS CAT D2842LE ESN 49361860994101.pdf,36,spare_parts_table,high,known-good output on every page
test5_ae_d2842le_dci,Test/Test 5/Extracted pages from DCI DR 12 & 14 AE PARTS CAT D2842LE ESN 49361860994101.pdf,37,spare_parts_table,high,known-good output on every page
test5_ae_d2842le_dci,Test/Test 5/Extracted pages from DCI DR 12 & 14 AE PARTS CAT D2842LE ESN 49361860994101.pdf,38,spare_parts_table,high,known-good output on every page
test5_ae_d2842le_dci,Test/Test 5/Extracted pages from DCI DR 12 & 14 AE PARTS CAT D2842LE ESN 49361860994101.pdf,39,spare_parts_table,high,known-good output on every page
test5_ae_d2842le_dci,Test/Test 5/Extracted pages from DCI DR 12 & 14 AE PARTS CAT D2842LE ESN 49361860994101.pdf,40,spare_parts_table,high,known-good output on every page
test5_ae_d2842le_dci,Test/Test 5/Extracted pages from DCI DR 12 & 14 AE PARTS CAT D2842LE ESN 49361860994101.pdf,41,spare_parts_table,high,known-good output on every page
test5_ae_d2842le_dci,Test/Test 5/Extracted pages from DCI DR 12 & 14 AE PARTS CAT D2842LE ESN 49361860994101.pdf,42,spare_parts_table,high,known-good output on every page
test5_ae_d2842le_dci,Test/Test 5/Extracted pages from DCI DR 12 & 14 AE PARTS CAT D2842LE ESN 49361860994101.pdf,43,spare_parts_table,high,known-good output on every page
test5_ae_d2842le_dci,Test/Test 5/Extracted pages from DCI DR 12 & 14 AE PARTS CAT D2842LE ESN 49361860994101.pdf,44,spare_parts_table,high,known-good output on every page
test5_ae_d2842le_dci,Test/Test 5/Extracted pages from DCI DR 12 & 14 AE PARTS CAT D2842LE ESN 49361860994101.pdf,45,spare_parts_table,high,known-good output on every page
test5_ae_d2842le_dci,Test/Test 5/Extracted pages from DCI DR 12 & 14 AE PARTS CAT D2842LE ESN 49361860994101.pdf,46,spare_parts_table,high,known-good output on every page
test5_ae_d2842le_dci,Test/Test 5/Extracted pages from DCI DR 12 & 14 AE PARTS CAT D2842LE ESN 49361860994101.pdf,47,spare_parts_table,high,known-good output on every page
test5_ae_d2842le_dci,Test/Test 5/Extracted pages from DCI DR 12 & 14 AE PARTS CAT D2842LE ESN 49361860994101.pdf,48,spare_parts_table,high,known-good output on every page
test5_ae_d2842le_dci,Test/Test 5/Extracted pages from DCI DR 12 & 14 AE PARTS CAT D2842LE ESN 49361860994101.pdf,49,spare_parts_table,high,known-good output on every page
test5_ae_d2842le_dci,Test/Test 5/Extracted pages from DCI DR 12 & 14 AE PARTS CAT D2842LE ESN 49361860994101.pdf,50,spare_parts_table,high,known-good output on every page
test5_ae_d2842le_dci,Test/Test 5/Extracted pages from DCI DR 12 & 14 AE PARTS CAT D2842LE ESN 49361860994101.pdf,51,spare_parts_table,high,known-good output on every page
test5_ae_d2842le_dci,Test/Test 5/Extracted pages from DCI DR 12 & 14 AE PARTS CAT D2842LE ESN 49361860994101.pdf,52,spare_parts_table,high,known-good output on every page
test5_ae_d2842le_dci,Test/Test 5/Extracted pages from DCI DR 12 & 14 AE PARTS CAT D2842LE ESN 49361860994101.pdf,53,spare_parts_table,high,known-good output on every page
test5_ae_d2842le_dci,Test/Test 5/Extracted pages from DCI DR 12 & 14 AE PARTS CAT D2842LE ESN 49361860994101.pdf,54,spare_parts_table,high,known-good output on every page
test5_ae_d2842le_dci,Test/Test 5/Extracted pages from DCI DR 12 & 14 AE PARTS CAT D2842LE ESN 49361860994101.pdf,55,spare_parts_table,high,known-good output on every page
test5_ae_d2842le_dci,Test/Test 5/Extracted pages from DCI DR 12 & 14 AE PARTS CAT D2842LE ESN 49361860994101.pdf,56,spare_parts_table,high,known-good output on every page
test5_ae_d2842le_dci,Test/Test 5/Extracted pages from DCI DR 12 & 14 AE PARTS CAT D2842LE ESN 49361860994101.pdf,57,spare_parts_table,high,known-good output on every page
test5_ae_d2842le_dci,Test/Test 5/Extracted pages from DCI DR 12 & 14 AE PARTS CAT D2842LE ESN 49361860994101.pdf,58,spare_parts_table,high,known-good output on every page
test5_ae_d2842le_dci,Test/Test 5/Extracted pages from DCI DR 12 & 14 AE PARTS CAT D2842LE ESN 49361860994101.pdf,59,spare_parts_table,high,known-good output on every page
test5_ae_d2842le_dci,Test/Test 5/Extracted pages from DCI DR 12 & 14 AE PARTS CAT D2842LE ESN 49361860994101.pdf,60,spare_parts_table,high,known-good output on every page
test5_ae_d2842le_dci,Test/Test 5/Extracted pages from DCI DR 12 & 14 AE PARTS CAT D2842LE ESN 49361860994101.pdf,61,spare_parts_table,high,known-good output on every page
test5_ae_d2842le_dci,Test/Test 5/Extracted pages from DCI DR 12 & 14 AE PARTS CAT D2842LE ESN 49361860994101.pdf,62,spare_parts_table,high,known-good output on every page
test5_ae_d2842le_dci,Test/Test 5/Extracted pages from DCI DR 12 & 14 AE PARTS CAT D2842LE ESN 49361860994101.pdf,63,spare_parts_table,high,known-good output on every page
test5_ae_d2842le_dci,Test/Test 5/Extracted pages from DCI DR 12 & 14 AE PARTS CAT D2842LE ESN 49361860994101.pdf,64,spare_parts_table,high,known-good output on every page
test5_ae_d2842le_dci,Test/Test 5/Extracted pages from DCI DR 12 & 14 AE PARTS CAT D2842LE ESN 49361860994101.pdf,65,spare_parts_table,high,known-good output on every page
test5_ae_d2842le_dci,Test/Test 5/Extracted pages from DCI DR 12 & 14 AE PARTS CAT D2842LE ESN 49361860994101.pdf,66,spare_parts_table,high,known-good output on every page
test5_ae_d2842le_dci,Test/Test 5/Extracted pages from DCI DR 12 & 14 AE PARTS CAT D2842LE ESN 49361860994101.pdf,67,spare_parts_table,high,known-good output on every page
test5_ae_d2842le_dci,Test/Test 5/Extracted pages from DCI DR 12 & 14 AE PARTS CAT D2842LE ESN 49361860994101.pdf,68,spare_parts_table,high,known-good output on every page
test5_ae_d2842le_dci,Test/Test 5/Extracted pages from DCI DR 12 & 14 AE PARTS CAT D2842LE ESN 49361860994101.pdf,69,spare_parts_table,high,known-good output on every page
test5_ae_d2842le_dci,Test/Test 5/Extracted pages from DCI DR 12 & 14 AE PARTS CAT D2842LE ESN 49361860994101.pdf,70,spare_parts_table,high,known-good output on every page
test5_ae_d2842le_dci,Test/Test 5/Extracted pages from DCI DR 12 & 14 AE PARTS CAT D2842LE ESN 49361860994101.pdf,71,spare_parts_table,high,known-good output on every page
test5_ae_d2842le_dci,Test/Test 5/Extracted pages from DCI DR 12 & 14 AE PARTS CAT D2842LE ESN 49361860994101.pdf,72,spare_parts_table,high,known-good output on every page
test5_ae_d2842le_dci,Test/Test 5/Extracted pages from DCI DR 12 & 14 AE PARTS CAT D2842LE ESN 49361860994101.pdf,73,spare_parts_table,high,known-good output on every page
test5_ae_d2842le_dci,Test/Test 5/Extracted pages from DCI DR 12 & 14 AE PARTS CAT D2842LE ESN 49361860994101.pdf,74,spare_parts_table,high,known-good output on every page
test5_ae_d2842le_dci,Test/Test 5/Extracted pages from DCI DR 12 & 14 AE PARTS CAT D2842LE ESN 49361860994101.pdf,75,spare_parts_table,high,known-good output on every page
test5_ae_d2842le_dci,Test/Test 5/Extracted pages from DCI DR 12 & 14 AE PARTS CAT D2842LE ESN 49361860994101.pdf,76,spare_parts_table,high,known-good output on every page
test5_ae_d2842le_dci,Test/Test 5/Extracted pages from DCI DR 12 & 14 AE PARTS CAT D2842LE ESN 49361860994101.pdf,77,spare_parts_table,high,known-good output on every page
test5_ae_d2842le_dci,Test/Test 5/Extracted pages from DCI DR 12 & 14 AE PARTS CAT D2842LE ESN 49361860994101.pdf,78,spare_parts_table,high,known-good output on every page
test5_ae_d2842le_dci,Test/Test 5/Extracted pages from DCI DR 12 & 14 AE PARTS CAT D2842LE ESN 49361860994101.pdf,79,spare_parts_table,high,known-good output on every page
test5_ae_d2842le_dci,Test/Test 5/Extracted pages from DCI DR 12 & 14 AE PARTS CAT D2842LE ESN 49361860994101.pdf,80,spare_parts_table,high,known-good output on every page
test5_ae_d2842le_dci,Test/Test 5/Extracted pages from DCI DR 12 & 14 AE PARTS CAT D2842LE ESN 49361860994101.pdf,81,spare_parts_table,high,known-good output on every page
test5_ae_d2842le_dci,Test/Test 5/Extracted pages from DCI DR 12 & 14 AE PARTS CAT D2842LE ESN 49361860994101.pdf,82,spare_parts_table,high,known-good output on every page
test5_ae_d2842le_dci,Test/Test 5/Extracted pages from DCI DR 12 & 14 AE PARTS CAT D2842LE ESN 49361860994101.pdf,83,spare_parts_table,high,known-good output on every page
test5_ae_d2842le_dci,Test/Test 5/Extracted pages from DCI DR 12 & 14 AE PARTS CAT D2842LE ESN 49361860994101.pdf,84,spare_parts_table,high,known-good output on every page
test5_ae_d2842le_dci,Test/Test 5/Extracted pages from DCI DR 12 & 14 AE PARTS CAT D2842LE ESN 49361860994101.pdf,85,spare_parts_table,high,known-good output on every page
test5_ae_d2842le_dci,Test/Test 5/Extracted pages from DCI DR 12 & 14 AE PARTS CAT D2842LE ESN 49361860994101.pdf,86,spare_parts_table,high,known-good output on every page
test5_ae_d2842le_dci,Test/Test 5/Extracted pages from DCI DR 12 & 14 AE PARTS CAT D2842LE ESN 49361860994101.pdf,87,spare_parts_table,high,known-good output on every page
test5_ae_d2842le_dci,Test/Test 5/Extracted pages from DCI DR 12 & 14 AE PARTS CAT D2842LE ESN 49361860994101.pdf,88,spare_parts_table,high,known-good output on every page
test5_ae_d2842le_dci,Test/Test 5/Extracted pages from DCI DR 12 & 14 AE PARTS CAT D2842LE ESN 49361860994101.pdf,89,spare_parts_table,high,known-good output on every page
test6_man_bw_spares_catalogue,Test/Test 6/Extracted pages from MAN B&W SPARES PARTS CATALOGUE.pdf,1,spare_parts_table,high,known-good output rows
test6_man_bw_spares_catalogue,Test/Test 6/Extracted pages from MAN B&W SPARES PARTS CATALOGUE.pdf,2,spare_parts_table,high,known-good output rows
test6_man_bw_spares_catalogue,Test/Test 6/Extracted pages from MAN B&W SPARES PARTS CATALOGUE.pdf,3,spare_parts_table,high,known-good output rows
test6_man_bw_spares_catalogue,Test/Test 6/Extracted pages from MAN B&W SPARES PARTS CATALOGUE.pdf,4,spare_parts_table,high,known-good output rows
test6_man_bw_spares_catalogue,Test/Test 6/Extracted pages from MAN B&W SPARES PARTS CATALOGUE.pdf,5,drawing_material_list,medium,MAN catalogue drawing/list page default
test6_man_bw_spares_catalogue,Test/Test 6/Extracted pages from MAN B&W SPARES PARTS CATALOGUE.pdf,6,spare_parts_table,high,known-good output rows
test6_man_bw_spares_catalogue,Test/Test 6/Extracted pages from MAN B&W SPARES PARTS CATALOGUE.pdf,7,spare_parts_table,high,known-good output rows
test6_man_bw_spares_catalogue,Test/Test 6/Extracted pages from MAN B&W SPARES PARTS CATALOGUE.pdf,8,spare_parts_table,high,known-good output rows
test6_man_bw_spares_catalogue,Test/Test 6/Extracted pages from MAN B&W SPARES PARTS CATALOGUE.pdf,9,drawing_material_list,medium,MAN catalogue drawing/list page default
test6_man_bw_spares_catalogue,Test/Test 6/Extracted pages from MAN B&W SPARES PARTS CATALOGUE.pdf,10,spare_parts_table,high,known-good output rows
test6_man_bw_spares_catalogue,Test/Test 6/Extracted pages from MAN B&W SPARES PARTS CATALOGUE.pdf,11,drawing_material_list,medium,MAN catalogue drawing/list page default
test6_man_bw_spares_catalogue,Test/Test 6/Extracted pages from MAN B&W SPARES PARTS CATALOGUE.pdf,12,spare_parts_table,high,known-good output rows
test6_man_bw_spares_catalogue,Test/Test 6/Extracted pages from MAN B&W SPARES PARTS CATALOGUE.pdf,13,spare_parts_table,high,known-good output rows
test6_man_bw_spares_catalogue,Test/Test 6/Extracted pages from MAN B&W SPARES PARTS CATALOGUE.pdf,14,spare_parts_table,high,known-good output rows
test6_man_bw_spares_catalogue,Test/Test 6/Extracted pages from MAN B&W SPARES PARTS CATALOGUE.pdf,15,drawing_material_list,medium,MAN catalogue drawing/list page default
test6_man_bw_spares_catalogue,Test/Test 6/Extracted pages from MAN B&W SPARES PARTS CATALOGUE.pdf,16,spare_parts_table,high,known-good output rows
test6_man_bw_spares_catalogue,Test/Test 6/Extracted pages from MAN B&W SPARES PARTS CATALOGUE.pdf,17,drawing_material_list,medium,MAN catalogue drawing/list page default
test6_man_bw_spares_catalogue,Test/Test 6/Extracted pages from MAN B&W SPARES PARTS CATALOGUE.pdf,18,spare_parts_table,high,known-good output rows
test6_man_bw_spares_catalogue,Test/Test 6/Extracted pages from MAN B&W SPARES PARTS CATALOGUE.pdf,19,drawing_material_list,medium,MAN catalogue drawing/list page default
test6_man_bw_spares_catalogue,Test/Test 6/Extracted pages from MAN B&W SPARES PARTS CATALOGUE.pdf,20,spare_parts_table,high,known-good output rows
test6_man_bw_spares_catalogue,Test/Test 6/Extracted pages from MAN B&W SPARES PARTS CATALOGUE.pdf,21,spare_parts_table,high,known-good output rows
test6_man_bw_spares_catalogue,Test/Test 6/Extracted pages from MAN B&W SPARES PARTS CATALOGUE.pdf,22,drawing_material_list,medium,MAN catalogue drawing/list page default
test6_man_bw_spares_catalogue,Test/Test 6/Extracted pages from MAN B&W SPARES PARTS CATALOGUE.pdf,23,spare_parts_table,high,known-good output rows
test6_man_bw_spares_catalogue,Test/Test 6/Extracted pages from MAN B&W SPARES PARTS CATALOGUE.pdf,24,drawing_material_list,medium,MAN catalogue drawing/list page default
test6_man_bw_spares_catalogue,Test/Test 6/Extracted pages from MAN B&W SPARES PARTS CATALOGUE.pdf,25,spare_parts_table,high,known-good output rows
test6_man_bw_spares_catalogue,Test/Test 6/Extracted pages from MAN B&W SPARES PARTS CATALOGUE.pdf,26,drawing_material_list,medium,MAN catalogue drawing/list page default
test6_man_bw_spares_catalogue,Test/Test 6/Extracted pages from MAN B&W SPARES PARTS CATALOGUE.pdf,27,spare_parts_table,high,known-good output rows
test6_man_bw_spares_catalogue,Test/Test 6/Extracted pages from MAN B&W SPARES PARTS CATALOGUE.pdf,28,spare_parts_table,high,known-good output rows
test6_man_bw_spares_catalogue,Test/Test 6/Extracted pages from MAN B&W SPARES PARTS CATALOGUE.pdf,29,drawing_material_list,medium,MAN catalogue drawing/list page default
test6_man_bw_spares_catalogue,Test/Test 6/Extracted pages from MAN B&W SPARES PARTS CATALOGUE.pdf,30,spare_parts_table,high,known-good output rows
test6_man_bw_spares_catalogue,Test/Test 6/Extracted pages from MAN B&W SPARES PARTS CATALOGUE.pdf,31,drawing_material_list,medium,MAN catalogue drawing/list page default
test6_man_bw_spares_catalogue,Test/Test 6/Extracted pages from MAN B&W SPARES PARTS CATALOGUE.pdf,32,spare_parts_table,high,known-good output rows
test6_man_bw_spares_catalogue,Test/Test 6/Extracted pages from MAN B&W SPARES PARTS CATALOGUE.pdf,33,drawing_material_list,medium,MAN catalogue drawing/list page default
test6_man_bw_spares_catalogue,Test/Test 6/Extracted pages from MAN B&W SPARES PARTS CATALOGUE.pdf,34,spare_parts_table,high,known-good output rows
test6_man_bw_spares_catalogue,Test/Test 6/Extracted pages from MAN B&W SPARES PARTS CATALOGUE.pdf,35,spare_parts_table,high,known-good output rows
test6_man_bw_spares_catalogue,Test/Test 6/Extracted pages from MAN B&W SPARES PARTS CATALOGUE.pdf,36,drawing_material_list,medium,MAN catalogue drawing/list page default
test6_man_bw_spares_catalogue,Test/Test 6/Extracted pages from MAN B&W SPARES PARTS CATALOGUE.pdf,37,spare_parts_table,high,known-good output rows
test6_man_bw_spares_catalogue,Test/Test 6/Extracted pages from MAN B&W SPARES PARTS CATALOGUE.pdf,38,drawing_material_list,medium,MAN catalogue drawing/list page default
test6_man_bw_spares_catalogue,Test/Test 6/Extracted pages from MAN B&W SPARES PARTS CATALOGUE.pdf,39,drawing_material_list,medium,MAN catalogue drawing/list page default
test6_man_bw_spares_catalogue,Test/Test 6/Extracted pages from MAN B&W SPARES PARTS CATALOGUE.pdf,40,spare_parts_table,high,known-good output rows
test6_man_bw_spares_catalogue,Test/Test 6/Extracted pages from MAN B&W SPARES PARTS CATALOGUE.pdf,41,drawing_material_list,medium,MAN catalogue drawing/list page default
test6_man_bw_spares_catalogue,Test/Test 6/Extracted pages from MAN B&W SPARES PARTS CATALOGUE.pdf,42,spare_parts_table,high,known-good output rows
test6_man_bw_spares_catalogue,Test/Test 6/Extracted pages from MAN B&W SPARES PARTS CATALOGUE.pdf,43,spare_parts_table,high,known-good output rows
test6_man_bw_spares_catalogue,Test/Test 6/Extracted pages from MAN B&W SPARES PARTS CATALOGUE.pdf,44,spare_parts_table,high,known-good output rows
test6_man_bw_spares_catalogue,Test/Test 6/Extracted pages from MAN B&W SPARES PARTS CATALOGUE.pdf,45,drawing_material_list,medium,MAN catalogue drawing/list page default
test6_man_bw_spares_catalogue,Test/Test 6/Extracted pages from MAN B&W SPARES PARTS CATALOGUE.pdf,46,spare_parts_table,high,known-good output rows
test6_man_bw_spares_catalogue,Test/Test 6/Extracted pages from MAN B&W SPARES PARTS CATALOGUE.pdf,47,spare_parts_table,high,known-good output rows
test6_man_bw_spares_catalogue,Test/Test 6/Extracted pages from MAN B&W SPARES PARTS CATALOGUE.pdf,48,spare_parts_table,high,known-good output rows
test6_man_bw_spares_catalogue,Test/Test 6/Extracted pages from MAN B&W SPARES PARTS CATALOGUE.pdf,49,drawing_material_list,medium,MAN catalogue drawing/list page default
test6_man_bw_spares_catalogue,Test/Test 6/Extracted pages from MAN B&W SPARES PARTS CATALOGUE.pdf,50,spare_parts_table,high,known-good output rows
test6_man_bw_spares_catalogue,Test/Test 6/Extracted pages from MAN B&W SPARES PARTS CATALOGUE.pdf,51,drawing_material_list,medium,MAN catalogue drawing/list page default
test6_man_bw_spares_catalogue,Test/Test 6/Extracted pages from MAN B&W SPARES PARTS CATALOGUE.pdf,52,spare_parts_table,high,known-good output rows
test6_man_bw_spares_catalogue,Test/Test 6/Extracted pages from MAN B&W SPARES PARTS CATALOGUE.pdf,53,drawing_material_list,medium,MAN catalogue drawing/list page default
test6_man_bw_spares_catalogue,Test/Test 6/Extracted pages from MAN B&W SPARES PARTS CATALOGUE.pdf,54,spare_parts_table,high,known-good output rows
test6_man_bw_spares_catalogue,Test/Test 6/Extracted pages from MAN B&W SPARES PARTS CATALOGUE.pdf,55,drawing_material_list,medium,MAN catalogue drawing/list page default
test6_man_bw_spares_catalogue,Test/Test 6/Extracted pages from MAN B&W SPARES PARTS CATALOGUE.pdf,56,spare_parts_table,high,known-good output rows
test6_man_bw_spares_catalogue,Test/Test 6/Extracted pages from MAN B&W SPARES PARTS CATALOGUE.pdf,57,drawing_material_list,medium,MAN catalogue drawing/list page default
test6_man_bw_spares_catalogue,Test/Test 6/Extracted pages from MAN B&W SPARES PARTS CATALOGUE.pdf,58,spare_parts_table,high,known-good output rows
test6_man_bw_spares_catalogue,Test/Test 6/Extracted pages from MAN B&W SPARES PARTS CATALOGUE.pdf,59,drawing_material_list,medium,MAN catalogue drawing/list page default
test6_man_bw_spares_catalogue,Test/Test 6/Extracted pages from MAN B&W SPARES PARTS CATALOGUE.pdf,60,drawing_material_list,medium,MAN catalogue drawing/list page default
test6_man_bw_spares_catalogue,Test/Test 6/Extracted pages from MAN B&W SPARES PARTS CATALOGUE.pdf,61,drawing_material_list,medium,MAN catalogue drawing/list page default
test6_man_bw_spares_catalogue,Test/Test 6/Extracted pages from MAN B&W SPARES PARTS CATALOGUE.pdf,62,spare_parts_table,high,known-good output rows
test6_man_bw_spares_catalogue,Test/Test 6/Extracted pages from MAN B&W SPARES PARTS CATALOGUE.pdf,63,drawing_material_list,medium,MAN catalogue drawing/list page default
test6_man_bw_spares_catalogue,Test/Test 6/Extracted pages from MAN B&W SPARES PARTS CATALOGUE.pdf,64,spare_parts_table,high,known-good output rows
test6_man_bw_spares_catalogue,Test/Test 6/Extracted pages from MAN B&W SPARES PARTS CATALOGUE.pdf,65,spare_parts_table,high,known-good output rows
test6_man_bw_spares_catalogue,Test/Test 6/Extracted pages from MAN B&W SPARES PARTS CATALOGUE.pdf,66,spare_parts_table,high,known-good output rows
test6_man_bw_spares_catalogue,Test/Test 6/Extracted pages from MAN B&W SPARES PARTS CATALOGUE.pdf,67,spare_parts_table,high,known-good output rows
test6_man_bw_spares_catalogue,Test/Test 6/Extracted pages from MAN B&W SPARES PARTS CATALOGUE.pdf,68,spare_parts_table,high,known-good output rows
test6_man_bw_spares_catalogue,Test/Test 6/Extracted pages from MAN B&W SPARES PARTS CATALOGUE.pdf,69,spare_parts_table,high,known-good output rows
test6_man_bw_spares_catalogue,Test/Test 6/Extracted pages from MAN B&W SPARES PARTS CATALOGUE.pdf,70,spare_parts_table,high,known-good output rows
test6_man_bw_spares_catalogue,Test/Test 6/Extracted pages from MAN B&W SPARES PARTS CATALOGUE.pdf,71,spare_parts_table,high,known-good output rows
test6_man_bw_spares_catalogue,Test/Test 6/Extracted pages from MAN B&W SPARES PARTS CATALOGUE.pdf,72,spare_parts_table,high,known-good output rows
test6_man_bw_spares_catalogue,Test/Test 6/Extracted pages from MAN B&W SPARES PARTS CATALOGUE.pdf,73,spare_parts_table,high,known-good output rows
test6_man_bw_spares_catalogue,Test/Test 6/Extracted pages from MAN B&W SPARES PARTS CATALOGUE.pdf,74,spare_parts_table,high,known-good output rows
test6_man_bw_spares_catalogue,Test/Test 6/Extracted pages from MAN B&W SPARES PARTS CATALOGUE.pdf,75,spare_parts_table,high,known-good output rows
test6_man_bw_spares_catalogue,Test/Test 6/Extracted pages from MAN B&W SPARES PARTS CATALOGUE.pdf,76,spare_parts_table,high,known-good output rows
test6_man_bw_spares_catalogue,Test/Test 6/Extracted pages from MAN B&W SPARES PARTS CATALOGUE.pdf,77,spare_parts_table,high,known-good output rows
test6_man_bw_spares_catalogue,Test/Test 6/Extracted pages from MAN B&W SPARES PARTS CATALOGUE.pdf,78,spare_parts_table,high,known-good output rows
test6_man_bw_spares_catalogue,Test/Test 6/Extracted pages from MAN B&W SPARES PARTS CATALOGUE.pdf,79,spare_parts_table,high,known-good output rows
test6_man_bw_spares_catalogue,Test/Test 6/Extracted pages from MAN B&W SPARES PARTS CATALOGUE.pdf,80,spare_parts_table,high,known-good output rows
test6_man_bw_spares_catalogue,Test/Test 6/Extracted pages from MAN B&W SPARES PARTS CATALOGUE.pdf,81,spare_parts_table,high,known-good output rows
test6_man_bw_spares_catalogue,Test/Test 6/Extracted pages from MAN B&W SPARES PARTS CATALOGUE.pdf,82,spare_parts_table,high,known-good output rows
test6_man_bw_spares_catalogue,Test/Test 6/Extracted pages from MAN B&W SPARES PARTS CATALOGUE.pdf,83,spare_parts_table,high,known-good output rows
test6_man_bw_spares_catalogue,Test/Test 6/Extracted pages from MAN B&W SPARES PARTS CATALOGUE.pdf,84,spare_parts_table,high,known-good output rows
test6_man_bw_spares_catalogue,Test/Test 6/Extracted pages from MAN B&W SPARES PARTS CATALOGUE.pdf,85,spare_parts_table,high,known-good output rows
test6_man_bw_spares_catalogue,Test/Test 6/Extracted pages from MAN B&W SPARES PARTS CATALOGUE.pdf,86,spare_parts_table,high,known-good output rows
test6_man_bw_spares_catalogue,Test/Test 6/Extracted pages from MAN B&W SPARES PARTS CATALOGUE.pdf,87,drawing_material_list,medium,MAN catalogue drawing/list page default
test6_man_bw_spares_catalogue,Test/Test 6/Extracted pages from MAN B&W SPARES PARTS CATALOGUE.pdf,88,spare_parts_table,high,known-good output rows
test6_man_bw_spares_catalogue,Test/Test 6/Extracted pages from MAN B&W SPARES PARTS CATALOGUE.pdf,89,drawing_material_list,medium,MAN catalogue drawing/list page default
test6_man_bw_spares_catalogue,Test/Test 6/Extracted pages from MAN B&W SPARES PARTS CATALOGUE.pdf,90,spare_parts_table,high,known-good output rows
test6_man_bw_spares_catalogue,Test/Test 6/Extracted pages from MAN B&W SPARES PARTS CATALOGUE.pdf,91,spare_parts_table,high,known-good output rows
test6_man_bw_spares_catalogue,Test/Test 6/Extracted pages from MAN B&W SPARES PARTS CATALOGUE.pdf,92,drawing_material_list,medium,MAN catalogue drawing/list page default
test6_man_bw_spares_catalogue,Test/Test 6/Extracted pages from MAN B&W SPARES PARTS CATALOGUE.pdf,93,spare_parts_table,high,known-good output rows
test6_man_bw_spares_catalogue,Test/Test 6/Extracted pages from MAN B&W SPARES PARTS CATALOGUE.pdf,94,drawing_material_list,medium,MAN catalogue drawing/list page default
test6_man_bw_spares_catalogue,Test/Test 6/Extracted pages from MAN B&W SPARES PARTS CATALOGUE.pdf,95,spare_parts_table,high,known-good output rows
test6_man_bw_spares_catalogue,Test/Test 6/Extracted pages from MAN B&W SPARES PARTS CATALOGUE.pdf,96,drawing_material_list,medium,MAN catalogue drawing/list page default
test6_man_bw_spares_catalogue,Test/Test 6/Extracted pages from MAN B&W SPARES PARTS CATALOGUE.pdf,97,drawing_material_list,medium,MAN catalogue drawing/list page default
test6_man_bw_spares_catalogue,Test/Test 6/Extracted pages from MAN B&W SPARES PARTS CATALOGUE.pdf,98,spare_parts_table,high,known-good output rows
test6_man_bw_spares_catalogue,Test/Test 6/Extracted pages from MAN B&W SPARES PARTS CATALOGUE.pdf,99,spare_parts_table,high,known-good output rows
test6_man_bw_spares_catalogue,Test/Test 6/Extracted pages from MAN B&W SPARES PARTS CATALOGUE.pdf,100,spare_parts_table,high,known-good output rows
test6_man_bw_spares_catalogue,Test/Test 6/Extracted pages from MAN B&W SPARES PARTS CATALOGUE.pdf,101,spare_parts_table,high,known-good output rows
test6_man_bw_spares_catalogue,Test/Test 6/Extracted pages from MAN B&W SPARES PARTS CATALOGUE.pdf,102,drawing_material_list,medium,MAN catalogue drawing/list page default
test6_man_bw_spares_catalogue,Test/Test 6/Extracted pages from MAN B&W SPARES PARTS CATALOGUE.pdf,103,spare_parts_table,high,known-good output rows
test6_man_bw_spares_catalogue,Test/Test 6/Extracted pages from MAN B&W SPARES PARTS CATALOGUE.pdf,104,spare_parts_table,high,known-good output rows
test6_man_bw_spares_catalogue,Test/Test 6/Extracted pages from MAN B&W SPARES PARTS CATALOGUE.pdf,105,spare_parts_table,high,known-good output rows
test6_man_bw_spares_catalogue,Test/Test 6/Extracted pages from MAN B&W SPARES PARTS CATALOGUE.pdf,106,drawing_material_list,medium,MAN catalogue drawing/list page default
test6_man_bw_spares_catalogue,Test/Test 6/Extracted pages from MAN B&W SPARES PARTS CATALOGUE.pdf,107,spare_parts_table,high,known-good output rows
test6_man_bw_spares_catalogue,Test/Test 6/Extracted pages from MAN B&W SPARES PARTS CATALOGUE.pdf,108,drawing_material_list,medium,MAN catalogue drawing/list page default
test6_man_bw_spares_catalogue,Test/Test 6/Extracted pages from MAN B&W SPARES PARTS CATALOGUE.pdf,109,spare_parts_table,high,known-good output rows
test6_man_bw_spares_catalogue,Test/Test 6/Extracted pages from MAN B&W SPARES PARTS CATALOGUE.pdf,110,drawing_material_list,medium,MAN catalogue drawing/list page default
test6_man_bw_spares_catalogue,Test/Test 6/Extracted pages from MAN B&W SPARES PARTS CATALOGUE.pdf,111,spare_parts_table,high,known-good output rows
test6_man_bw_spares_catalogue,Test/Test 6/Extracted pages from MAN B&W SPARES PARTS CATALOGUE.pdf,112,spare_parts_table,high,known-good output rows
test6_man_bw_spares_catalogue,Test/Test 6/Extracted pages from MAN B&W SPARES PARTS CATALOGUE.pdf,113,drawing_material_list,medium,MAN catalogue drawing/list page default
test6_man_bw_spares_catalogue,Test/Test 6/Extracted pages from MAN B&W SPARES PARTS CATALOGUE.pdf,114,spare_parts_table,high,known-good output rows
test6_man_bw_spares_catalogue,Test/Test 6/Extracted pages from MAN B&W SPARES PARTS CATALOGUE.pdf,115,spare_parts_table,high,known-good output rows
test6_man_bw_spares_catalogue,Test/Test 6/Extracted pages from MAN B&W SPARES PARTS CATALOGUE.pdf,116,drawing_material_list,medium,MAN catalogue drawing/list page default
test6_man_bw_spares_catalogue,Test/Test 6/Extracted pages from MAN B&W SPARES PARTS CATALOGUE.pdf,117,spare_parts_table,high,known-good output rows
test6_man_bw_spares_catalogue,Test/Test 6/Extracted pages from MAN B&W SPARES PARTS CATALOGUE.pdf,118,spare_parts_table,high,known-good output rows
test6_man_bw_spares_catalogue,Test/Test 6/Extracted pages from MAN B&W SPARES PARTS CATALOGUE.pdf,119,drawing_material_list,medium,MAN catalogue drawing/list page default
test6_man_bw_spares_catalogue,Test/Test 6/Extracted pages from MAN B&W SPARES PARTS CATALOGUE.pdf,120,spare_parts_table,high,known-good output rows
test6_man_bw_spares_catalogue,Test/Test 6/Extracted pages from MAN B&W SPARES PARTS CATALOGUE.pdf,121,drawing_material_list,medium,MAN catalogue drawing/list page default
test6_man_bw_spares_catalogue,Test/Test 6/Extracted pages from MAN B&W SPARES PARTS CATALOGUE.pdf,122,spare_parts_table,high,known-good output rows
test6_man_bw_spares_catalogue,Test/Test 6/Extracted pages from MAN B&W SPARES PARTS CATALOGUE.pdf,123,drawing_material_list,medium,MAN catalogue drawing/list page default
test6_man_bw_spares_catalogue,Test/Test 6/Extracted pages from MAN B&W SPARES PARTS CATALOGUE.pdf,124,spare_parts_table,high,known-good output rows
test6_man_bw_spares_catalogue,Test/Test 6/Extracted pages from MAN B&W SPARES PARTS CATALOGUE.pdf,125,drawing_material_list,medium,MAN catalogue drawing/list page default
test6_man_bw_spares_catalogue,Test/Test 6/Extracted pages from MAN B&W SPARES PARTS CATALOGUE.pdf,126,spare_parts_table,high,known-good output rows
test6_man_bw_spares_catalogue,Test/Test 6/Extracted pages from MAN B&W SPARES PARTS CATALOGUE.pdf,127,spare_parts_table,high,known-good output rows
test6_man_bw_spares_catalogue,Test/Test 6/Extracted pages from MAN B&W SPARES PARTS CATALOGUE.pdf,128,drawing_material_list,medium,MAN catalogue drawing/list page default
test6_man_bw_spares_catalogue,Test/Test 6/Extracted pages from MAN B&W SPARES PARTS CATALOGUE.pdf,129,spare_parts_table,high,known-good output rows
test6_man_bw_spares_catalogue,Test/Test 6/Extracted pages from MAN B&W SPARES PARTS CATALOGUE.pdf,130,drawing_material_list,medium,MAN catalogue drawing/list page default
test6_man_bw_spares_catalogue,Test/Test 6/Extracted pages from MAN B&W SPARES PARTS CATALOGUE.pdf,131,drawing_material_list,medium,MAN catalogue drawing/list page default
test6_man_bw_spares_catalogue,Test/Test 6/Extracted pages from MAN B&W SPARES PARTS CATALOGUE.pdf,132,drawing_material_list,medium,MAN catalogue drawing/list page default
test6_man_bw_spares_catalogue,Test/Test 6/Extracted pages from MAN B&W SPARES PARTS CATALOGUE.pdf,133,drawing_material_list,medium,MAN catalogue drawing/list page default
test6_man_bw_spares_catalogue,Test/Test 6/Extracted pages from MAN B&W SPARES PARTS CATALOGUE.pdf,134,spare_parts_table,high,known-good output rows
test6_man_bw_spares_catalogue,Test/Test 6/Extracted pages from MAN B&W SPARES PARTS CATALOGUE.pdf,135,index_page,medium,cross-reference/list table candidate
test6_man_bw_spares_catalogue,Test/Test 6/Extracted pages from MAN B&W SPARES PARTS CATALOGUE.pdf,136,drawing_material_list,medium,MAN catalogue drawing/list page default
test6_man_bw_spares_catalogue,Test/Test 6/Extracted pages from MAN B&W SPARES PARTS CATALOGUE.pdf,137,drawing_material_list,medium,MAN catalogue drawing/list page default
test6_man_bw_spares_catalogue,Test/Test 6/Extracted pages from MAN B&W SPARES PARTS CATALOGUE.pdf,138,drawing_material_list,medium,MAN catalogue drawing/list page default
test6_man_bw_spares_catalogue,Test/Test 6/Extracted pages from MAN B&W SPARES PARTS CATALOGUE.pdf,139,drawing_material_list,medium,MAN catalogue drawing/list page default
test6_man_bw_spares_catalogue,Test/Test 6/Extracted pages from MAN B&W SPARES PARTS CATALOGUE.pdf,140,drawing_material_list,medium,MAN catalogue drawing/list page default
test6_man_bw_spares_catalogue,Test/Test 6/Extracted pages from MAN B&W SPARES PARTS CATALOGUE.pdf,141,spare_parts_table,high,known-good output rows
test6_man_bw_spares_catalogue,Test/Test 6/Extracted pages from MAN B&W SPARES PARTS CATALOGUE.pdf,142,spare_parts_table,high,known-good output rows
test6_man_bw_spares_catalogue,Test/Test 6/Extracted pages from MAN B&W SPARES PARTS CATALOGUE.pdf,143,spare_parts_table,high,known-good output rows
test6_man_bw_spares_catalogue,Test/Test 6/Extracted pages from MAN B&W SPARES PARTS CATALOGUE.pdf,144,drawing_material_list,medium,MAN catalogue drawing/list page default
test6_man_bw_spares_catalogue,Test/Test 6/Extracted pages from MAN B&W SPARES PARTS CATALOGUE.pdf,145,spare_parts_table,high,known-good output rows
test6_man_bw_spares_catalogue,Test/Test 6/Extracted pages from MAN B&W SPARES PARTS CATALOGUE.pdf,146,drawing_material_list,medium,MAN catalogue drawing/list page default
test6_man_bw_spares_catalogue,Test/Test 6/Extracted pages from MAN B&W SPARES PARTS CATALOGUE.pdf,147,spare_parts_table,high,known-good output rows
test6_man_bw_spares_catalogue,Test/Test 6/Extracted pages from MAN B&W SPARES PARTS CATALOGUE.pdf,148,drawing_material_list,medium,MAN catalogue drawing/list page default
test6_man_bw_spares_catalogue,Test/Test 6/Extracted pages from MAN B&W SPARES PARTS CATALOGUE.pdf,149,spare_parts_table,high,known-good output rows
test6_man_bw_spares_catalogue,Test/Test 6/Extracted pages from MAN B&W SPARES PARTS CATALOGUE.pdf,150,spare_parts_table,high,known-good output rows
test6_man_bw_spares_catalogue,Test/Test 6/Extracted pages from MAN B&W SPARES PARTS CATALOGUE.pdf,151,drawing_material_list,medium,MAN catalogue drawing/list page default
test6_man_bw_spares_catalogue,Test/Test 6/Extracted pages from MAN B&W SPARES PARTS CATALOGUE.pdf,152,spare_parts_table,high,known-good output rows
test6_man_bw_spares_catalogue,Test/Test 6/Extracted pages from MAN B&W SPARES PARTS CATALOGUE.pdf,153,spare_parts_table,high,known-good output rows
test6_man_bw_spares_catalogue,Test/Test 6/Extracted pages from MAN B&W SPARES PARTS CATALOGUE.pdf,154,drawing_material_list,medium,MAN catalogue drawing/list page default
test6_man_bw_spares_catalogue,Test/Test 6/Extracted pages from MAN B&W SPARES PARTS CATALOGUE.pdf,155,drawing_material_list,medium,MAN catalogue drawing/list page default
test6_man_bw_spares_catalogue,Test/Test 6/Extracted pages from MAN B&W SPARES PARTS CATALOGUE.pdf,156,spare_parts_table,high,known-good output rows
test6_man_bw_spares_catalogue,Test/Test 6/Extracted pages from MAN B&W SPARES PARTS CATALOGUE.pdf,157,drawing_material_list,medium,MAN catalogue drawing/list page default
test6_man_bw_spares_catalogue,Test/Test 6/Extracted pages from MAN B&W SPARES PARTS CATALOGUE.pdf,158,spare_parts_table,high,known-good output rows
test6_man_bw_spares_catalogue,Test/Test 6/Extracted pages from MAN B&W SPARES PARTS CATALOGUE.pdf,159,drawing_material_list,medium,MAN catalogue drawing/list page default
test6_man_bw_spares_catalogue,Test/Test 6/Extracted pages from MAN B&W SPARES PARTS CATALOGUE.pdf,160,drawing_material_list,medium,MAN catalogue drawing/list page default
test6_man_bw_spares_catalogue,Test/Test 6/Extracted pages from MAN B&W SPARES PARTS CATALOGUE.pdf,161,drawing_material_list,medium,MAN catalogue drawing/list page default
test6_man_bw_spares_catalogue,Test/Test 6/Extracted pages from MAN B&W SPARES PARTS CATALOGUE.pdf,162,drawing_material_list,medium,MAN catalogue drawing/list page default
test6_man_bw_spares_catalogue,Test/Test 6/Extracted pages from MAN B&W SPARES PARTS CATALOGUE.pdf,163,drawing_material_list,medium,MAN catalogue drawing/list page default
test6_man_bw_spares_catalogue,Test/Test 6/Extracted pages from MAN B&W SPARES PARTS CATALOGUE.pdf,164,drawing_material_list,medium,MAN catalogue drawing/list page default
test6_man_bw_spares_catalogue,Test/Test 6/Extracted pages from MAN B&W SPARES PARTS CATALOGUE.pdf,165,drawing_material_list,medium,MAN catalogue drawing/list page default
test6_man_bw_spares_catalogue,Test/Test 6/Extracted pages from MAN B&W SPARES PARTS CATALOGUE.pdf,166,spare_parts_table,high,known-good output rows
test6_man_bw_spares_catalogue,Test/Test 6/Extracted pages from MAN B&W SPARES PARTS CATALOGUE.pdf,167,spare_parts_table,high,known-good output rows
test6_man_bw_spares_catalogue,Test/Test 6/Extracted pages from MAN B&W SPARES PARTS CATALOGUE.pdf,168,spare_parts_table,high,known-good output rows
test6_man_bw_spares_catalogue,Test/Test 6/Extracted pages from MAN B&W SPARES PARTS CATALOGUE.pdf,169,spare_parts_table,high,known-good output rows
test6_man_bw_spares_catalogue,Test/Test 6/Extracted pages from MAN B&W SPARES PARTS CATALOGUE.pdf,170,spare_parts_table,high,known-good output rows
test6_man_bw_spares_catalogue,Test/Test 6/Extracted pages from MAN B&W SPARES PARTS CATALOGUE.pdf,171,spare_parts_table,high,known-good output rows
test6_man_bw_spares_catalogue,Test/Test 6/Extracted pages from MAN B&W SPARES PARTS CATALOGUE.pdf,172,spare_parts_table,high,known-good output rows
test6_man_bw_spares_catalogue,Test/Test 6/Extracted pages from MAN B&W SPARES PARTS CATALOGUE.pdf,173,spare_parts_table,high,known-good output rows
test6_man_bw_spares_catalogue,Test/Test 6/Extracted pages from MAN B&W SPARES PARTS CATALOGUE.pdf,174,spare_parts_table,high,known-good output rows
test6_man_bw_spares_catalogue,Test/Test 6/Extracted pages from MAN B&W SPARES PARTS CATALOGUE.pdf,175,spare_parts_table,high,known-good output rows
test6_man_bw_spares_catalogue,Test/Test 6/Extracted pages from MAN B&W SPARES PARTS CATALOGUE.pdf,176,spare_parts_table,high,known-good output rows
test6_man_bw_spares_catalogue,Test/Test 6/Extracted pages from MAN B&W SPARES PARTS CATALOGUE.pdf,177,spare_parts_table,high,known-good output rows
test6_man_bw_spares_catalogue,Test/Test 6/Extracted pages from MAN B&W SPARES PARTS CATALOGUE.pdf,178,spare_parts_table,high,known-good output rows
test6_man_bw_spares_catalogue,Test/Test 6/Extracted pages from MAN B&W SPARES PARTS CATALOGUE.pdf,179,drawing_material_list,medium,MAN catalogue drawing/list page default
test6_man_bw_spares_catalogue,Test/Test 6/Extracted pages from MAN B&W SPARES PARTS CATALOGUE.pdf,180,drawing_material_list,medium,MAN catalogue drawing/list page default
test6_man_bw_spares_catalogue,Test/Test 6/Extracted pages from MAN B&W SPARES PARTS CATALOGUE.pdf,181,drawing_material_list,medium,MAN catalogue drawing/list page default
test6_man_bw_spares_catalogue,Test/Test 6/Extracted pages from MAN B&W SPARES PARTS CATALOGUE.pdf,182,spare_parts_table,high,known-good output rows
test6_man_bw_spares_catalogue,Test/Test 6/Extracted pages from MAN B&W SPARES PARTS CATALOGUE.pdf,183,drawing_material_list,medium,MAN catalogue drawing/list page default
test6_man_bw_spares_catalogue,Test/Test 6/Extracted pages from MAN B&W SPARES PARTS CATALOGUE.pdf,184,drawing_material_list,medium,MAN catalogue drawing/list page default
test6_man_bw_spares_catalogue,Test/Test 6/Extracted pages from MAN B&W SPARES PARTS CATALOGUE.pdf,185,drawing_material_list,medium,MAN catalogue drawing/list page default
test6_man_bw_spares_catalogue,Test/Test 6/Extracted pages from MAN B&W SPARES PARTS CATALOGUE.pdf,186,drawing_material_list,medium,MAN catalogue drawing/list page default
test6_man_bw_spares_catalogue,Test/Test 6/Extracted pages from MAN B&W SPARES PARTS CATALOGUE.pdf,187,spare_parts_table,high,known-good output rows
test6_man_bw_spares_catalogue,Test/Test 6/Extracted pages from MAN B&W SPARES PARTS CATALOGUE.pdf,188,spare_parts_table,high,known-good output rows
test6_man_bw_spares_catalogue,Test/Test 6/Extracted pages from MAN B&W SPARES PARTS CATALOGUE.pdf,189,drawing_material_list,medium,MAN catalogue drawing/list page default
test6_man_bw_spares_catalogue,Test/Test 6/Extracted pages from MAN B&W SPARES PARTS CATALOGUE.pdf,190,drawing_material_list,medium,MAN catalogue drawing/list page default
test6_man_bw_spares_catalogue,Test/Test 6/Extracted pages from MAN B&W SPARES PARTS CATALOGUE.pdf,191,drawing_material_list,medium,MAN catalogue drawing/list page default
test7_auxiliary_engine_spare_parts_1,Test/Test 7/Auxiliary engine spare parts 1.pdf,1,drawing_only,medium,cover/title page
test7_auxiliary_engine_spare_parts_1,Test/Test 7/Auxiliary engine spare parts 1.pdf,2,index_page,medium,contents/index table pages
test7_auxiliary_engine_spare_parts_1,Test/Test 7/Auxiliary engine spare parts 1.pdf,3,index_page,medium,contents/index table pages
test7_auxiliary_engine_spare_parts_1,Test/Test 7/Auxiliary engine spare parts 1.pdf,4,index_page,medium,contents/index table pages
test7_auxiliary_engine_spare_parts_1,Test/Test 7/Auxiliary engine spare parts 1.pdf,5,drawing_material_list,high,exploded drawing page
test7_auxiliary_engine_spare_parts_1,Test/Test 7/Auxiliary engine spare parts 1.pdf,6,spare_parts_table,high,known-good output rows
test7_auxiliary_engine_spare_parts_1,Test/Test 7/Auxiliary engine spare parts 1.pdf,7,spare_parts_table,high,known-good output rows
test7_auxiliary_engine_spare_parts_1,Test/Test 7/Auxiliary engine spare parts 1.pdf,8,spare_parts_table,high,known-good output rows
test7_auxiliary_engine_spare_parts_1,Test/Test 7/Auxiliary engine spare parts 1.pdf,9,drawing_material_list,medium,auxiliary-engine drawing/table default
test7_auxiliary_engine_spare_parts_1,Test/Test 7/Auxiliary engine spare parts 1.pdf,10,spare_parts_table,high,known-good output rows
test7_auxiliary_engine_spare_parts_1,Test/Test 7/Auxiliary engine spare parts 1.pdf,11,spare_parts_table,high,known-good output rows
test7_auxiliary_engine_spare_parts_1,Test/Test 7/Auxiliary engine spare parts 1.pdf,12,spare_parts_table,high,known-good output rows
test7_auxiliary_engine_spare_parts_1,Test/Test 7/Auxiliary engine spare parts 1.pdf,13,drawing_material_list,medium,auxiliary-engine drawing/table default
test7_auxiliary_engine_spare_parts_1,Test/Test 7/Auxiliary engine spare parts 1.pdf,14,spare_parts_table,high,known-good output rows
test7_auxiliary_engine_spare_parts_1,Test/Test 7/Auxiliary engine spare parts 1.pdf,15,drawing_material_list,medium,auxiliary-engine drawing/table default
test7_auxiliary_engine_spare_parts_1,Test/Test 7/Auxiliary engine spare parts 1.pdf,16,spare_parts_table,high,known-good output rows
test7_auxiliary_engine_spare_parts_1,Test/Test 7/Auxiliary engine spare parts 1.pdf,17,spare_parts_table,high,known-good output rows
test7_auxiliary_engine_spare_parts_1,Test/Test 7/Auxiliary engine spare parts 1.pdf,18,drawing_material_list,medium,auxiliary-engine drawing/table default
test7_auxiliary_engine_spare_parts_1,Test/Test 7/Auxiliary engine spare parts 1.pdf,19,spare_parts_table,high,known-good output rows
test7_auxiliary_engine_spare_parts_1,Test/Test 7/Auxiliary engine spare parts 1.pdf,20,spare_parts_table,high,known-good output rows
test7_auxiliary_engine_spare_parts_1,Test/Test 7/Auxiliary engine spare parts 1.pdf,21,spare_parts_table,high,known-good output rows
test7_auxiliary_engine_spare_parts_1,Test/Test 7/Auxiliary engine spare parts 1.pdf,22,drawing_material_list,medium,auxiliary-engine drawing/table default
test7_auxiliary_engine_spare_parts_1,Test/Test 7/Auxiliary engine spare parts 1.pdf,23,drawing_material_list,medium,auxiliary-engine drawing/table default
test7_auxiliary_engine_spare_parts_1,Test/Test 7/Auxiliary engine spare parts 1.pdf,24,spare_parts_table,high,known-good output rows
test7_auxiliary_engine_spare_parts_1,Test/Test 7/Auxiliary engine spare parts 1.pdf,25,spare_parts_table,high,known-good output rows
test7_auxiliary_engine_spare_parts_1,Test/Test 7/Auxiliary engine spare parts 1.pdf,26,spare_parts_table,high,known-good output rows
test7_auxiliary_engine_spare_parts_1,Test/Test 7/Auxiliary engine spare parts 1.pdf,27,spare_parts_table,high,known-good output rows
test7_auxiliary_engine_spare_parts_1,Test/Test 7/Auxiliary engine spare parts 1.pdf,28,spare_parts_table,high,known-good output rows
test7_auxiliary_engine_spare_parts_1,Test/Test 7/Auxiliary engine spare parts 1.pdf,29,spare_parts_table,high,known-good output rows
test7_auxiliary_engine_spare_parts_1,Test/Test 7/Auxiliary engine spare parts 1.pdf,30,spare_parts_table,high,known-good output rows
test7_auxiliary_engine_spare_parts_1,Test/Test 7/Auxiliary engine spare parts 1.pdf,31,drawing_material_list,medium,auxiliary-engine drawing/table default
test7_auxiliary_engine_spare_parts_1,Test/Test 7/Auxiliary engine spare parts 1.pdf,32,spare_parts_table,high,known-good output rows
test7_auxiliary_engine_spare_parts_1,Test/Test 7/Auxiliary engine spare parts 1.pdf,33,drawing_material_list,medium,auxiliary-engine drawing/table default
test7_auxiliary_engine_spare_parts_1,Test/Test 7/Auxiliary engine spare parts 1.pdf,34,spare_parts_table,high,known-good output rows
test7_auxiliary_engine_spare_parts_1,Test/Test 7/Auxiliary engine spare parts 1.pdf,35,spare_parts_table,high,known-good output rows
test7_auxiliary_engine_spare_parts_1,Test/Test 7/Auxiliary engine spare parts 1.pdf,36,drawing_material_list,medium,auxiliary-engine drawing/table default
test7_auxiliary_engine_spare_parts_1,Test/Test 7/Auxiliary engine spare parts 1.pdf,37,spare_parts_table,high,known-good output rows
test7_auxiliary_engine_spare_parts_1,Test/Test 7/Auxiliary engine spare parts 1.pdf,38,spare_parts_table,high,known-good output rows
test7_auxiliary_engine_spare_parts_1,Test/Test 7/Auxiliary engine spare parts 1.pdf,39,drawing_material_list,medium,auxiliary-engine drawing/table default
test7_auxiliary_engine_spare_parts_1,Test/Test 7/Auxiliary engine spare parts 1.pdf,40,spare_parts_table,high,known-good output rows
test7_auxiliary_engine_spare_parts_1,Test/Test 7/Auxiliary engine spare parts 1.pdf,41,spare_parts_table,high,known-good output rows
test7_auxiliary_engine_spare_parts_1,Test/Test 7/Auxiliary engine spare parts 1.pdf,42,spare_parts_table,high,known-good output rows
test7_auxiliary_engine_spare_parts_1,Test/Test 7/Auxiliary engine spare parts 1.pdf,43,drawing_material_list,medium,auxiliary-engine drawing/table default
test7_auxiliary_engine_spare_parts_1,Test/Test 7/Auxiliary engine spare parts 1.pdf,44,drawing_material_list,medium,auxiliary-engine drawing/table default
test7_auxiliary_engine_spare_parts_1,Test/Test 7/Auxiliary engine spare parts 1.pdf,45,spare_parts_table,high,known-good output rows
test7_auxiliary_engine_spare_parts_1,Test/Test 7/Auxiliary engine spare parts 1.pdf,46,spare_parts_table,high,known-good output rows
test7_auxiliary_engine_spare_parts_1,Test/Test 7/Auxiliary engine spare parts 1.pdf,47,spare_parts_table,high,known-good output rows
test7_auxiliary_engine_spare_parts_1,Test/Test 7/Auxiliary engine spare parts 1.pdf,48,spare_parts_table,high,known-good output rows
test7_auxiliary_engine_spare_parts_1,Test/Test 7/Auxiliary engine spare parts 1.pdf,49,drawing_material_list,medium,auxiliary-engine drawing/table default
test7_auxiliary_engine_spare_parts_1,Test/Test 7/Auxiliary engine spare parts 1.pdf,50,drawing_material_list,medium,auxiliary-engine drawing/table default
test7_auxiliary_engine_spare_parts_1,Test/Test 7/Auxiliary engine spare parts 1.pdf,51,spare_parts_table,high,known-good output rows
test7_auxiliary_engine_spare_parts_1,Test/Test 7/Auxiliary engine spare parts 1.pdf,52,spare_parts_table,high,known-good output rows
test7_auxiliary_engine_spare_parts_1,Test/Test 7/Auxiliary engine spare parts 1.pdf,53,spare_parts_table,high,known-good output rows
test7_auxiliary_engine_spare_parts_1,Test/Test 7/Auxiliary engine spare parts 1.pdf,54,spare_parts_table,high,known-good output rows
test7_auxiliary_engine_spare_parts_1,Test/Test 7/Auxiliary engine spare parts 1.pdf,55,spare_parts_table,high,known-good output rows
test7_auxiliary_engine_spare_parts_1,Test/Test 7/Auxiliary engine spare parts 1.pdf,56,spare_parts_table,high,known-good output rows
test7_auxiliary_engine_spare_parts_1,Test/Test 7/Auxiliary engine spare parts 1.pdf,57,spare_parts_table,high,known-good output rows
test7_auxiliary_engine_spare_parts_1,Test/Test 7/Auxiliary engine spare parts 1.pdf,58,drawing_material_list,medium,auxiliary-engine drawing/table default
test7_auxiliary_engine_spare_parts_1,Test/Test 7/Auxiliary engine spare parts 1.pdf,59,drawing_material_list,medium,auxiliary-engine drawing/table default
test7_auxiliary_engine_spare_parts_1,Test/Test 7/Auxiliary engine spare parts 1.pdf,60,spare_parts_table,high,known-good output rows
test7_auxiliary_engine_spare_parts_1,Test/Test 7/Auxiliary engine spare parts 1.pdf,61,spare_parts_table,high,known-good output rows
test7_auxiliary_engine_spare_parts_1,Test/Test 7/Auxiliary engine spare parts 1.pdf,62,spare_parts_table,high,known-good output rows
test8_auxiliary_engine_spare_parts_2,Test/Test 8/Auxiliary engine spare parts 2 1.pdf,1,drawing_material_list,medium,auxiliary-engine drawing/table default
test8_auxiliary_engine_spare_parts_2,Test/Test 8/Auxiliary engine spare parts 2 1.pdf,2,spare_parts_table,high,known-good output rows
test8_auxiliary_engine_spare_parts_2,Test/Test 8/Auxiliary engine spare parts 2 1.pdf,3,spare_parts_table,high,known-good output rows
test8_auxiliary_engine_spare_parts_2,Test/Test 8/Auxiliary engine spare parts 2 1.pdf,4,spare_parts_table,high,known-good output rows
test8_auxiliary_engine_spare_parts_2,Test/Test 8/Auxiliary engine spare parts 2 1.pdf,5,drawing_material_list,medium,auxiliary-engine drawing/table default
test8_auxiliary_engine_spare_parts_2,Test/Test 8/Auxiliary engine spare parts 2 1.pdf,6,spare_parts_table,high,known-good output rows
test8_auxiliary_engine_spare_parts_2,Test/Test 8/Auxiliary engine spare parts 2 1.pdf,7,drawing_material_list,medium,auxiliary-engine drawing/table default
test8_auxiliary_engine_spare_parts_2,Test/Test 8/Auxiliary engine spare parts 2 1.pdf,8,spare_parts_table,high,known-good output rows
test8_auxiliary_engine_spare_parts_2,Test/Test 8/Auxiliary engine spare parts 2 1.pdf,9,spare_parts_table,high,known-good output rows
test8_auxiliary_engine_spare_parts_2,Test/Test 8/Auxiliary engine spare parts 2 1.pdf,10,drawing_material_list,medium,auxiliary-engine drawing/table default
test8_auxiliary_engine_spare_parts_2,Test/Test 8/Auxiliary engine spare parts 2 1.pdf,11,spare_parts_table,high,known-good output rows
test8_auxiliary_engine_spare_parts_2,Test/Test 8/Auxiliary engine spare parts 2 1.pdf,12,spare_parts_table,high,known-good output rows
test8_auxiliary_engine_spare_parts_2,Test/Test 8/Auxiliary engine spare parts 2 1.pdf,13,spare_parts_table,high,known-good output rows
test8_auxiliary_engine_spare_parts_2,Test/Test 8/Auxiliary engine spare parts 2 1.pdf,14,drawing_material_list,medium,auxiliary-engine drawing/table default
test8_auxiliary_engine_spare_parts_2,Test/Test 8/Auxiliary engine spare parts 2 1.pdf,15,spare_parts_table,high,known-good output rows
test8_auxiliary_engine_spare_parts_2,Test/Test 8/Auxiliary engine spare parts 2 1.pdf,16,spare_parts_table,high,known-good output rows
test8_auxiliary_engine_spare_parts_2,Test/Test 8/Auxiliary engine spare parts 2 1.pdf,17,spare_parts_table,high,known-good output rows
test8_auxiliary_engine_spare_parts_2,Test/Test 8/Auxiliary engine spare parts 2 1.pdf,18,drawing_material_list,medium,auxiliary-engine drawing/table default
test8_auxiliary_engine_spare_parts_2,Test/Test 8/Auxiliary engine spare parts 2 1.pdf,19,spare_parts_table,high,known-good output rows
test8_auxiliary_engine_spare_parts_2,Test/Test 8/Auxiliary engine spare parts 2 1.pdf,20,spare_parts_table,high,known-good output rows
test8_auxiliary_engine_spare_parts_2,Test/Test 8/Auxiliary engine spare parts 2 1.pdf,21,drawing_material_list,medium,auxiliary-engine drawing/table default
test8_auxiliary_engine_spare_parts_2,Test/Test 8/Auxiliary engine spare parts 2 1.pdf,22,spare_parts_table,high,known-good output rows
test8_auxiliary_engine_spare_parts_2,Test/Test 8/Auxiliary engine spare parts 2 1.pdf,23,spare_parts_table,high,known-good output rows
test8_auxiliary_engine_spare_parts_2,Test/Test 8/Auxiliary engine spare parts 2 1.pdf,24,spare_parts_table,high,known-good output rows
test8_auxiliary_engine_spare_parts_2,Test/Test 8/Auxiliary engine spare parts 2 1.pdf,25,spare_parts_table,high,known-good output rows
test8_auxiliary_engine_spare_parts_2,Test/Test 8/Auxiliary engine spare parts 2 1.pdf,26,spare_parts_table,high,known-good output rows
test8_auxiliary_engine_spare_parts_2,Test/Test 8/Auxiliary engine spare parts 2 1.pdf,27,spare_parts_table,high,known-good output rows
test8_auxiliary_engine_spare_parts_2,Test/Test 8/Auxiliary engine spare parts 2 1.pdf,28,spare_parts_table,high,known-good output rows
test8_auxiliary_engine_spare_parts_2,Test/Test 8/Auxiliary engine spare parts 2 1.pdf,29,spare_parts_table,high,known-good output rows
test8_auxiliary_engine_spare_parts_2,Test/Test 8/Auxiliary engine spare parts 2 1.pdf,30,spare_parts_table,high,known-good output rows
test8_auxiliary_engine_spare_parts_2,Test/Test 8/Auxiliary engine spare parts 2 1.pdf,31,spare_parts_table,high,known-good output rows
test8_auxiliary_engine_spare_parts_2,Test/Test 8/Auxiliary engine spare parts 2 1.pdf,32,spare_parts_table,high,known-good output rows
test8_auxiliary_engine_spare_parts_2,Test/Test 8/Auxiliary engine spare parts 2 1.pdf,33,spare_parts_table,high,known-good output rows
test8_auxiliary_engine_spare_parts_2,Test/Test 8/Auxiliary engine spare parts 2 1.pdf,34,spare_parts_table,high,known-good output rows
test8_auxiliary_engine_spare_parts_2,Test/Test 8/Auxiliary engine spare parts 2 1.pdf,35,spare_parts_table,high,known-good output rows
test8_auxiliary_engine_spare_parts_2,Test/Test 8/Auxiliary engine spare parts 2 1.pdf,36,spare_parts_table,high,known-good output rows
test8_auxiliary_engine_spare_parts_2,Test/Test 8/Auxiliary engine spare parts 2 1.pdf,37,spare_parts_table,high,known-good output rows
test8_auxiliary_engine_spare_parts_2,Test/Test 8/Auxiliary engine spare parts 2 1.pdf,38,spare_parts_table,high,known-good output rows
test8_auxiliary_engine_spare_parts_2,Test/Test 8/Auxiliary engine spare parts 2 1.pdf,39,spare_parts_table,high,known-good output rows
test8_auxiliary_engine_spare_parts_2,Test/Test 8/Auxiliary engine spare parts 2 1.pdf,40,spare_parts_table,high,known-good output rows
test8_auxiliary_engine_spare_parts_2,Test/Test 8/Auxiliary engine spare parts 2 1.pdf,41,spare_parts_table,high,known-good output rows
test8_auxiliary_engine_spare_parts_2,Test/Test 8/Auxiliary engine spare parts 2 1.pdf,42,spare_parts_table,high,known-good output rows
test8_auxiliary_engine_spare_parts_2,Test/Test 8/Auxiliary engine spare parts 2 1.pdf,43,spare_parts_table,high,known-good output rows
test8_auxiliary_engine_spare_parts_2,Test/Test 8/Auxiliary engine spare parts 2 1.pdf,44,drawing_material_list,medium,auxiliary-engine drawing/table default
test8_auxiliary_engine_spare_parts_2,Test/Test 8/Auxiliary engine spare parts 2 1.pdf,45,spare_parts_table,high,known-good output rows
test8_auxiliary_engine_spare_parts_2,Test/Test 8/Auxiliary engine spare parts 2 1.pdf,46,spare_parts_table,high,known-good output rows
test8_auxiliary_engine_spare_parts_2,Test/Test 8/Auxiliary engine spare parts 2 1.pdf,47,spare_parts_table,high,known-good output rows
test8_auxiliary_engine_spare_parts_2,Test/Test 8/Auxiliary engine spare parts 2 1.pdf,48,spare_parts_table,high,known-good output rows
test8_auxiliary_engine_spare_parts_2,Test/Test 8/Auxiliary engine spare parts 2 1.pdf,49,spare_parts_table,high,known-good output rows
test8_auxiliary_engine_spare_parts_2,Test/Test 8/Auxiliary engine spare parts 2 1.pdf,50,spare_parts_table,high,known-good output rows
test8_auxiliary_engine_spare_parts_2,Test/Test 8/Auxiliary engine spare parts 2 1.pdf,51,spare_parts_table,high,known-good output rows
test8_auxiliary_engine_spare_parts_2,Test/Test 8/Auxiliary engine spare parts 2 1.pdf,52,drawing_material_list,medium,auxiliary-engine drawing/table default
test8_auxiliary_engine_spare_parts_2,Test/Test 8/Auxiliary engine spare parts 2 1.pdf,53,spare_parts_table,high,known-good output rows
test8_auxiliary_engine_spare_parts_2,Test/Test 8/Auxiliary engine spare parts 2 1.pdf,54,spare_parts_table,high,known-good output rows
test8_auxiliary_engine_spare_parts_2,Test/Test 8/Auxiliary engine spare parts 2 1.pdf,55,spare_parts_table,high,known-good output rows
test8_auxiliary_engine_spare_parts_2,Test/Test 8/Auxiliary engine spare parts 2 1.pdf,56,spare_parts_table,high,known-good output rows
test8_auxiliary_engine_spare_parts_2,Test/Test 8/Auxiliary engine spare parts 2 1.pdf,57,spare_parts_table,high,known-good output rows
test8_auxiliary_engine_spare_parts_2,Test/Test 8/Auxiliary engine spare parts 2 1.pdf,58,spare_parts_table,high,known-good output rows
test8_auxiliary_engine_spare_parts_2,Test/Test 8/Auxiliary engine spare parts 2 1.pdf,59,spare_parts_table,high,known-good output rows
test8_auxiliary_engine_spare_parts_2,Test/Test 8/Auxiliary engine spare parts 2 1.pdf,60,spare_parts_table,high,known-good output rows
test8_auxiliary_engine_spare_parts_2,Test/Test 8/Auxiliary engine spare parts 2 1.pdf,61,spare_parts_table,high,known-good output rows
test8_auxiliary_engine_spare_parts_2,Test/Test 8/Auxiliary engine spare parts 2 1.pdf,62,spare_parts_table,high,known-good output rows
test8_auxiliary_engine_spare_parts_2,Test/Test 8/Auxiliary engine spare parts 2 1.pdf,63,spare_parts_table,high,known-good output rows
test8_auxiliary_engine_spare_parts_2,Test/Test 8/Auxiliary engine spare parts 2 1.pdf,64,spare_parts_table,high,known-good output rows
test8_auxiliary_engine_spare_parts_2,Test/Test 8/Auxiliary engine spare parts 2 1.pdf,65,spare_parts_table,high,known-good output rows
test8_auxiliary_engine_spare_parts_2,Test/Test 8/Auxiliary engine spare parts 2 1.pdf,66,spare_parts_table,high,known-good output rows
test8_auxiliary_engine_spare_parts_2,Test/Test 8/Auxiliary engine spare parts 2 1.pdf,67,spare_parts_table,high,known-good output rows
test8_auxiliary_engine_spare_parts_2,Test/Test 8/Auxiliary engine spare parts 2 1.pdf,68,spare_parts_table,high,known-good output rows
test8_auxiliary_engine_spare_parts_2,Test/Test 8/Auxiliary engine spare parts 2 1.pdf,69,spare_parts_table,high,known-good output rows
test8_auxiliary_engine_spare_parts_2,Test/Test 8/Auxiliary engine spare parts 2 1.pdf,70,spare_parts_table,high,known-good output rows
test8_auxiliary_engine_spare_parts_2,Test/Test 8/Auxiliary engine spare parts 2 1.pdf,71,spare_parts_table,high,known-good output rows
test8_auxiliary_engine_spare_parts_2,Test/Test 8/Auxiliary engine spare parts 2 1.pdf,72,spare_parts_table,high,known-good output rows
test8_auxiliary_engine_spare_parts_2,Test/Test 8/Auxiliary engine spare parts 2 1.pdf,73,spare_parts_table,high,known-good output rows
test8_auxiliary_engine_spare_parts_2,Test/Test 8/Auxiliary engine spare parts 2 1.pdf,74,spare_parts_table,high,known-good output rows
test8_auxiliary_engine_spare_parts_2,Test/Test 8/Auxiliary engine spare parts 2 1.pdf,75,spare_parts_table,high,known-good output rows
test8_auxiliary_engine_spare_parts_2,Test/Test 8/Auxiliary engine spare parts 2 1.pdf,76,spare_parts_table,high,known-good output rows
test8_auxiliary_engine_spare_parts_2,Test/Test 8/Auxiliary engine spare parts 2 1.pdf,77,spare_parts_table,high,known-good output rows
test8_auxiliary_engine_spare_parts_2,Test/Test 8/Auxiliary engine spare parts 2 1.pdf,78,spare_parts_table,high,known-good output rows
test8_auxiliary_engine_spare_parts_2,Test/Test 8/Auxiliary engine spare parts 2 1.pdf,79,spare_parts_table,high,known-good output rows
test8_auxiliary_engine_spare_parts_2,Test/Test 8/Auxiliary engine spare parts 2 1.pdf,80,spare_parts_table,high,known-good output rows
test8_auxiliary_engine_spare_parts_2,Test/Test 8/Auxiliary engine spare parts 2 1.pdf,81,spare_parts_table,high,known-good output rows
test8_auxiliary_engine_spare_parts_2,Test/Test 8/Auxiliary engine spare parts 2 1.pdf,82,drawing_material_list,medium,auxiliary-engine drawing/table default
test8_auxiliary_engine_spare_parts_2,Test/Test 8/Auxiliary engine spare parts 2 1.pdf,83,spare_parts_table,high,known-good output rows
test8_auxiliary_engine_spare_parts_2,Test/Test 8/Auxiliary engine spare parts 2 1.pdf,84,spare_parts_table,high,known-good output rows
test8_auxiliary_engine_spare_parts_2,Test/Test 8/Auxiliary engine spare parts 2 1.pdf,85,spare_parts_table,high,known-good output rows
test8_auxiliary_engine_spare_parts_2,Test/Test 8/Auxiliary engine spare parts 2 1.pdf,86,spare_parts_table,high,known-good output rows
test8_auxiliary_engine_spare_parts_2,Test/Test 8/Auxiliary engine spare parts 2 1.pdf,87,spare_parts_table,high,known-good output rows
test8_auxiliary_engine_spare_parts_2,Test/Test 8/Auxiliary engine spare parts 2 1.pdf,88,spare_parts_table,high,known-good output rows
test8_auxiliary_engine_spare_parts_2,Test/Test 8/Auxiliary engine spare parts 2 1.pdf,89,spare_parts_table,high,known-good output rows
test8_auxiliary_engine_spare_parts_2,Test/Test 8/Auxiliary engine spare parts 2 1.pdf,90,spare_parts_table,high,known-good output rows
test8_auxiliary_engine_spare_parts_2,Test/Test 8/Auxiliary engine spare parts 2 1.pdf,91,spare_parts_table,high,known-good output rows
test8_auxiliary_engine_spare_parts_2,Test/Test 8/Auxiliary engine spare parts 2 1.pdf,92,spare_parts_table,high,known-good output rows
test8_auxiliary_engine_spare_parts_2,Test/Test 8/Auxiliary engine spare parts 2 1.pdf,93,spare_parts_table,high,known-good output rows
test8_auxiliary_engine_spare_parts_2,Test/Test 8/Auxiliary engine spare parts 2 1.pdf,94,spare_parts_table,high,known-good output rows
test8_auxiliary_engine_spare_parts_2,Test/Test 8/Auxiliary engine spare parts 2 1.pdf,95,spare_parts_table,high,known-good output rows
test8_auxiliary_engine_spare_parts_2,Test/Test 8/Auxiliary engine spare parts 2 1.pdf,96,spare_parts_table,high,known-good output rows
test8_auxiliary_engine_spare_parts_2,Test/Test 8/Auxiliary engine spare parts 2 1.pdf,97,spare_parts_table,high,known-good output rows
test8_auxiliary_engine_spare_parts_2,Test/Test 8/Auxiliary engine spare parts 2 1.pdf,98,spare_parts_table,high,known-good output rows
test8_auxiliary_engine_spare_parts_2,Test/Test 8/Auxiliary engine spare parts 2 1.pdf,99,spare_parts_table,high,known-good output rows
test8_auxiliary_engine_spare_parts_2,Test/Test 8/Auxiliary engine spare parts 2 1.pdf,100,spare_parts_table,high,known-good output rows
test8_auxiliary_engine_spare_parts_2,Test/Test 8/Auxiliary engine spare parts 2 1.pdf,101,spare_parts_table,high,known-good output rows
test8_auxiliary_engine_spare_parts_2,Test/Test 8/Auxiliary engine spare parts 2 1.pdf,102,spare_parts_table,high,known-good output rows
test8_auxiliary_engine_spare_parts_2,Test/Test 8/Auxiliary engine spare parts 2 1.pdf,103,spare_parts_table,high,known-good output rows
test8_auxiliary_engine_spare_parts_2,Test/Test 8/Auxiliary engine spare parts 2 1.pdf,104,spare_parts_table,high,known-good output rows
test8_auxiliary_engine_spare_parts_2,Test/Test 8/Auxiliary engine spare parts 2 1.pdf,105,spare_parts_table,high,known-good output rows
test8_auxiliary_engine_spare_parts_2,Test/Test 8/Auxiliary engine spare parts 2 1.pdf,106,spare_parts_table,high,known-good output rows
test8_auxiliary_engine_spare_parts_2,Test/Test 8/Auxiliary engine spare parts 2 1.pdf,107,spare_parts_table,high,known-good output rows
test8_auxiliary_engine_spare_parts_2,Test/Test 8/Auxiliary engine spare parts 2 1.pdf,108,spare_parts_table,high,known-good output rows
test8_auxiliary_engine_spare_parts_2,Test/Test 8/Auxiliary engine spare parts 2 1.pdf,109,spare_parts_table,high,known-good output rows
test8_auxiliary_engine_spare_parts_2,Test/Test 8/Auxiliary engine spare parts 2 1.pdf,110,spare_parts_table,high,known-good output rows
test8_auxiliary_engine_spare_parts_2,Test/Test 8/Auxiliary engine spare parts 2 1.pdf,111,spare_parts_table,high,known-good output rows
test8_auxiliary_engine_spare_parts_2,Test/Test 8/Auxiliary engine spare parts 2 1.pdf,112,spare_parts_table,high,known-good output rows
test8_auxiliary_engine_spare_parts_2,Test/Test 8/Auxiliary engine spare parts 2 1.pdf,113,spare_parts_table,high,known-good output rows
test8_auxiliary_engine_spare_parts_2,Test/Test 8/Auxiliary engine spare parts 2 1.pdf,114,spare_parts_table,high,known-good output rows
test8_auxiliary_engine_spare_parts_2,Test/Test 8/Auxiliary engine spare parts 2 1.pdf,115,drawing_material_list,medium,auxiliary-engine drawing/table default
test8_auxiliary_engine_spare_parts_2,Test/Test 8/Auxiliary engine spare parts 2 1.pdf,116,spare_parts_table,high,known-good output rows
test8_auxiliary_engine_spare_parts_2,Test/Test 8/Auxiliary engine spare parts 2 1.pdf,117,spare_parts_table,high,known-good output rows
test8_auxiliary_engine_spare_parts_2,Test/Test 8/Auxiliary engine spare parts 2 1.pdf,118,drawing_material_list,medium,auxiliary-engine drawing/table default
test8_auxiliary_engine_spare_parts_2,Test/Test 8/Auxiliary engine spare parts 2 1.pdf,119,spare_parts_table,high,known-good output rows
test8_auxiliary_engine_spare_parts_2,Test/Test 8/Auxiliary engine spare parts 2 1.pdf,120,spare_parts_table,high,known-good output rows
test8_auxiliary_engine_spare_parts_2,Test/Test 8/Auxiliary engine spare parts 2 1.pdf,121,spare_parts_table,high,known-good output rows
test8_auxiliary_engine_spare_parts_2,Test/Test 8/Auxiliary engine spare parts 2 1.pdf,122,spare_parts_table,high,known-good output rows
test8_auxiliary_engine_spare_parts_2,Test/Test 8/Auxiliary engine spare parts 2 1.pdf,123,spare_parts_table,high,known-good output rows
test8_auxiliary_engine_spare_parts_2,Test/Test 8/Auxiliary engine spare parts 2 1.pdf,124,spare_parts_table,high,known-good output rows
test8_auxiliary_engine_spare_parts_2,Test/Test 8/Auxiliary engine spare parts 2 1.pdf,125,spare_parts_table,high,known-good output rows
test8_auxiliary_engine_spare_parts_2,Test/Test 8/Auxiliary engine spare parts 2 1.pdf,126,drawing_material_list,medium,auxiliary-engine drawing/table default
test8_auxiliary_engine_spare_parts_2,Test/Test 8/Auxiliary engine spare parts 2 1.pdf,127,spare_parts_table,high,known-good output rows
test8_auxiliary_engine_spare_parts_2,Test/Test 8/Auxiliary engine spare parts 2 1.pdf,128,spare_parts_table,high,known-good output rows
test8_auxiliary_engine_spare_parts_2,Test/Test 8/Auxiliary engine spare parts 2 1.pdf,129,spare_parts_table,high,known-good output rows
test8_auxiliary_engine_spare_parts_2,Test/Test 8/Auxiliary engine spare parts 2 1.pdf,130,spare_parts_table,high,known-good output rows
test8_auxiliary_engine_spare_parts_2,Test/Test 8/Auxiliary engine spare parts 2 1.pdf,131,spare_parts_table,high,known-good output rows
test8_auxiliary_engine_spare_parts_2,Test/Test 8/Auxiliary engine spare parts 2 1.pdf,132,spare_parts_table,high,known-good output rows
test8_auxiliary_engine_spare_parts_2,Test/Test 8/Auxiliary engine spare parts 2 1.pdf,133,spare_parts_table,high,known-good output rows
test8_auxiliary_engine_spare_parts_2,Test/Test 8/Auxiliary engine spare parts 2 1.pdf,134,spare_parts_table,high,known-good output rows
test8_auxiliary_engine_spare_parts_2,Test/Test 8/Auxiliary engine spare parts 2 1.pdf,135,spare_parts_table,high,known-good output rows
test8_auxiliary_engine_spare_parts_2,Test/Test 8/Auxiliary engine spare parts 2 1.pdf,136,spare_parts_table,high,known-good output rows
test8_auxiliary_engine_spare_parts_2,Test/Test 8/Auxiliary engine spare parts 2 1.pdf,137,spare_parts_table,high,known-good output rows
test8_auxiliary_engine_spare_parts_2,Test/Test 8/Auxiliary engine spare parts 2 1.pdf,138,spare_parts_table,high,known-good output rows
test8_auxiliary_engine_spare_parts_2,Test/Test 8/Auxiliary engine spare parts 2 1.pdf,139,drawing_material_list,medium,auxiliary-engine drawing/table default
test8_auxiliary_engine_spare_parts_2,Test/Test 8/Auxiliary engine spare parts 2 1.pdf,140,spare_parts_table,high,known-good output rows
test8_auxiliary_engine_spare_parts_2,Test/Test 8/Auxiliary engine spare parts 2 1.pdf,141,spare_parts_table,high,known-good output rows
test8_auxiliary_engine_spare_parts_2,Test/Test 8/Auxiliary engine spare parts 2 1.pdf,142,spare_parts_table,high,known-good output rows
test8_auxiliary_engine_spare_parts_2,Test/Test 8/Auxiliary engine spare parts 2 1.pdf,143,spare_parts_table,high,known-good output rows
test8_auxiliary_engine_spare_parts_2,Test/Test 8/Auxiliary engine spare parts 2 1.pdf,144,spare_parts_table,high,known-good output rows
test8_auxiliary_engine_spare_parts_2,Test/Test 8/Auxiliary engine spare parts 2 1.pdf,145,spare_parts_table,high,known-good output rows
test8_auxiliary_engine_spare_parts_2,Test/Test 8/Auxiliary engine spare parts 2 1.pdf,146,spare_parts_table,high,known-good output rows
test8_auxiliary_engine_spare_parts_2,Test/Test 8/Auxiliary engine spare parts 2 1.pdf,147,spare_parts_table,high,known-good output rows
test8_auxiliary_engine_spare_parts_2,Test/Test 8/Auxiliary engine spare parts 2 1.pdf,148,spare_parts_table,high,known-good output rows
test8_auxiliary_engine_spare_parts_2,Test/Test 8/Auxiliary engine spare parts 2 1.pdf,149,spare_parts_table,high,known-good output rows
test8_auxiliary_engine_spare_parts_2,Test/Test 8/Auxiliary engine spare parts 2 1.pdf,150,spare_parts_table,high,known-good output rows
test8_auxiliary_engine_spare_parts_2,Test/Test 8/Auxiliary engine spare parts 2 1.pdf,151,spare_parts_table,high,known-good output rows
test8_auxiliary_engine_spare_parts_2,Test/Test 8/Auxiliary engine spare parts 2 1.pdf,152,spare_parts_table,high,known-good output rows
test8_auxiliary_engine_spare_parts_2,Test/Test 8/Auxiliary engine spare parts 2 1.pdf,153,spare_parts_table,high,known-good output rows
test8_auxiliary_engine_spare_parts_2,Test/Test 8/Auxiliary engine spare parts 2 1.pdf,154,spare_parts_table,high,known-good output rows
test8_auxiliary_engine_spare_parts_2,Test/Test 8/Auxiliary engine spare parts 2 1.pdf,155,spare_parts_table,high,known-good output rows
test8_auxiliary_engine_spare_parts_2,Test/Test 8/Auxiliary engine spare parts 2 1.pdf,156,spare_parts_table,high,known-good output rows
test8_auxiliary_engine_spare_parts_2,Test/Test 8/Auxiliary engine spare parts 2 1.pdf,157,drawing_material_list,medium,auxiliary-engine drawing/table default
test8_auxiliary_engine_spare_parts_2,Test/Test 8/Auxiliary engine spare parts 2 1.pdf,158,spare_parts_table,high,known-good output rows
test8_auxiliary_engine_spare_parts_2,Test/Test 8/Auxiliary engine spare parts 2 1.pdf,159,spare_parts_table,high,known-good output rows
test8_auxiliary_engine_spare_parts_2,Test/Test 8/Auxiliary engine spare parts 2 1.pdf,160,spare_parts_table,high,known-good output rows
test8_auxiliary_engine_spare_parts_2,Test/Test 8/Auxiliary engine spare parts 2 1.pdf,161,spare_parts_table,high,known-good output rows
test8_auxiliary_engine_spare_parts_2,Test/Test 8/Auxiliary engine spare parts 2 1.pdf,162,spare_parts_table,high,known-good output rows
test8_auxiliary_engine_spare_parts_2,Test/Test 8/Auxiliary engine spare parts 2 1.pdf,163,spare_parts_table,high,known-good output rows
test8_auxiliary_engine_spare_parts_2,Test/Test 8/Auxiliary engine spare parts 2 1.pdf,164,spare_parts_table,high,known-good output rows
test8_auxiliary_engine_spare_parts_2,Test/Test 8/Auxiliary engine spare parts 2 1.pdf,165,spare_parts_table,high,known-good output rows
test8_auxiliary_engine_spare_parts_2,Test/Test 8/Auxiliary engine spare parts 2 1.pdf,166,spare_parts_table,high,known-good output rows
test8_auxiliary_engine_spare_parts_2,Test/Test 8/Auxiliary engine spare parts 2 1.pdf,167,spare_parts_table,high,known-good output rows
test8_auxiliary_engine_spare_parts_2,Test/Test 8/Auxiliary engine spare parts 2 1.pdf,168,spare_parts_table,high,known-good output rows
test8_auxiliary_engine_spare_parts_2,Test/Test 8/Auxiliary engine spare parts 2 1.pdf,169,spare_parts_table,high,known-good output rows
test8_auxiliary_engine_spare_parts_2,Test/Test 8/Auxiliary engine spare parts 2 1.pdf,170,spare_parts_table,high,known-good output rows
test8_auxiliary_engine_spare_parts_2,Test/Test 8/Auxiliary engine spare parts 2 1.pdf,171,spare_parts_table,high,known-good output rows
test8_auxiliary_engine_spare_parts_2,Test/Test 8/Auxiliary engine spare parts 2 1.pdf,172,spare_parts_table,high,known-good output rows
test8_auxiliary_engine_spare_parts_2,Test/Test 8/Auxiliary engine spare parts 2 1.pdf,173,spare_parts_table,high,known-good output rows
test8_auxiliary_engine_spare_parts_2,Test/Test 8/Auxiliary engine spare parts 2 1.pdf,174,spare_parts_table,high,known-good output rows
test8_auxiliary_engine_spare_parts_2,Test/Test 8/Auxiliary engine spare parts 2 1.pdf,175,spare_parts_table,high,known-good output rows
test8_auxiliary_engine_spare_parts_2,Test/Test 8/Auxiliary engine spare parts 2 1.pdf,176,spare_parts_table,high,known-good output rows
test8_auxiliary_engine_spare_parts_2,Test/Test 8/Auxiliary engine spare parts 2 1.pdf,177,spare_parts_table,high,known-good output rows
test8_auxiliary_engine_spare_parts_2,Test/Test 8/Auxiliary engine spare parts 2 1.pdf,178,spare_parts_table,high,known-good output rows
test8_auxiliary_engine_spare_parts_2,Test/Test 8/Auxiliary engine spare parts 2 1.pdf,179,spare_parts_table,high,known-good output rows
test8_auxiliary_engine_spare_parts_2,Test/Test 8/Auxiliary engine spare parts 2 1.pdf,180,spare_parts_table,high,known-good output rows
test8_auxiliary_engine_spare_parts_2,Test/Test 8/Auxiliary engine spare parts 2 1.pdf,181,spare_parts_table,high,known-good output rows
test8_auxiliary_engine_spare_parts_2,Test/Test 8/Auxiliary engine spare parts 2 1.pdf,182,spare_parts_table,high,known-good output rows
test8_auxiliary_engine_spare_parts_2,Test/Test 8/Auxiliary engine spare parts 2 1.pdf,183,spare_parts_table,high,known-good output rows
test8_auxiliary_engine_spare_parts_2,Test/Test 8/Auxiliary engine spare parts 2 1.pdf,184,spare_parts_table,high,known-good output rows
test8_auxiliary_engine_spare_parts_2,Test/Test 8/Auxiliary engine spare parts 2 1.pdf,185,spare_parts_table,high,known-good output rows
test8_auxiliary_engine_spare_parts_2,Test/Test 8/Auxiliary engine spare parts 2 1.pdf,186,drawing_material_list,medium,auxiliary-engine drawing/table default
test8_auxiliary_engine_spare_parts_2,Test/Test 8/Auxiliary engine spare parts 2 1.pdf,187,spare_parts_table,high,known-good output rows
test8_auxiliary_engine_spare_parts_2,Test/Test 8/Auxiliary engine spare parts 2 1.pdf,188,spare_parts_table,high,known-good output rows
test8_auxiliary_engine_spare_parts_2,Test/Test 8/Auxiliary engine spare parts 2 1.pdf,189,spare_parts_table,high,known-good output rows
test8_auxiliary_engine_spare_parts_2,Test/Test 8/Auxiliary engine spare parts 2 1.pdf,190,spare_parts_table,high,known-good output rows
test8_auxiliary_engine_spare_parts_2,Test/Test 8/Auxiliary engine spare parts 2 1.pdf,191,spare_parts_table,high,known-good output rows
test8_auxiliary_engine_spare_parts_2,Test/Test 8/Auxiliary engine spare parts 2 1.pdf,192,spare_parts_table,high,known-good output rows
test8_auxiliary_engine_spare_parts_2,Test/Test 8/Auxiliary engine spare parts 2 1.pdf,193,spare_parts_table,high,known-good output rows
test8_auxiliary_engine_spare_parts_2,Test/Test 8/Auxiliary engine spare parts 2 1.pdf,194,spare_parts_table,high,known-good output rows
test8_auxiliary_engine_spare_parts_2,Test/Test 8/Auxiliary engine spare parts 2 1.pdf,195,spare_parts_table,high,known-good output rows
test8_auxiliary_engine_spare_parts_2,Test/Test 8/Auxiliary engine spare parts 2 1.pdf,196,spare_parts_table,high,known-good output rows
test8_auxiliary_engine_spare_parts_2,Test/Test 8/Auxiliary engine spare parts 2 1.pdf,197,spare_parts_table,high,known-good output rows
test8_auxiliary_engine_spare_parts_2,Test/Test 8/Auxiliary engine spare parts 2 1.pdf,198,spare_parts_table,high,known-good output rows
test8_auxiliary_engine_spare_parts_2,Test/Test 8/Auxiliary engine spare parts 2 1.pdf,199,spare_parts_table,high,known-good output rows
test8_auxiliary_engine_spare_parts_2,Test/Test 8/Auxiliary engine spare parts 2 1.pdf,200,spare_parts_table,high,known-good output rows
test8_auxiliary_engine_spare_parts_2,Test/Test 8/Auxiliary engine spare parts 2 1.pdf,201,spare_parts_table,high,known-good output rows
test8_auxiliary_engine_spare_parts_2,Test/Test 8/Auxiliary engine spare parts 2 1.pdf,202,spare_parts_table,high,known-good output rows
test8_auxiliary_engine_spare_parts_2,Test/Test 8/Auxiliary engine spare parts 2 1.pdf,203,drawing_material_list,medium,auxiliary-engine drawing/table default
test8_auxiliary_engine_spare_parts_2,Test/Test 8/Auxiliary engine spare parts 2 1.pdf,204,spare_parts_table,high,known-good output rows
test8_auxiliary_engine_spare_parts_2,Test/Test 8/Auxiliary engine spare parts 2 1.pdf,205,spare_parts_table,high,known-good output rows
test8_auxiliary_engine_spare_parts_2,Test/Test 8/Auxiliary engine spare parts 2 1.pdf,206,spare_parts_table,high,known-good output rows
test8_auxiliary_engine_spare_parts_2,Test/Test 8/Auxiliary engine spare parts 2 1.pdf,207,spare_parts_table,high,known-good output rows
test8_auxiliary_engine_spare_parts_2,Test/Test 8/Auxiliary engine spare parts 2 1.pdf,208,spare_parts_table,high,known-good output rows
test8_auxiliary_engine_spare_parts_2,Test/Test 8/Auxiliary engine spare parts 2 1.pdf,209,spare_parts_table,high,known-good output rows
test8_auxiliary_engine_spare_parts_2,Test/Test 8/Auxiliary engine spare parts 2 1.pdf,210,spare_parts_table,high,known-good output rows
test8_auxiliary_engine_spare_parts_2,Test/Test 8/Auxiliary engine spare parts 2 1.pdf,211,spare_parts_table,high,known-good output rows
test8_auxiliary_engine_spare_parts_2,Test/Test 8/Auxiliary engine spare parts 2 1.pdf,212,spare_parts_table,high,known-good output rows
test8_auxiliary_engine_spare_parts_2,Test/Test 8/Auxiliary engine spare parts 2 1.pdf,213,spare_parts_table,high,known-good output rows
test8_auxiliary_engine_spare_parts_2,Test/Test 8/Auxiliary engine spare parts 2 1.pdf,214,spare_parts_table,high,known-good output rows
test8_auxiliary_engine_spare_parts_2,Test/Test 8/Auxiliary engine spare parts 2 1.pdf,215,spare_parts_table,high,known-good output rows
test8_auxiliary_engine_spare_parts_2,Test/Test 8/Auxiliary engine spare parts 2 1.pdf,216,spare_parts_table,high,known-good output rows
test9_obp_spare_full_list,Test/Test 9/13k obp spare - full list rev 4 (2) (1).pdf,1,spare_parts_table,high,known-good output rows
test9_obp_spare_full_list,Test/Test 9/13k obp spare - full list rev 4 (2) (1).pdf,2,spare_parts_table,high,known-good output rows
test9_obp_spare_full_list,Test/Test 9/13k obp spare - full list rev 4 (2) (1).pdf,3,spare_parts_table,high,known-good output rows
test9_obp_spare_full_list,Test/Test 9/13k obp spare - full list rev 4 (2) (1).pdf,4,spare_parts_table,high,known-good output rows
test9_obp_spare_full_list,Test/Test 9/13k obp spare - full list rev 4 (2) (1).pdf,5,spare_parts_table,high,known-good output rows
test9_obp_spare_full_list,Test/Test 9/13k obp spare - full list rev 4 (2) (1).pdf,6,spare_parts_table,high,known-good output rows
test9_obp_spare_full_list,Test/Test 9/13k obp spare - full list rev 4 (2) (1).pdf,7,spare_parts_table,high,known-good output rows
test9_obp_spare_full_list,Test/Test 9/13k obp spare - full list rev 4 (2) (1).pdf,8,drawing_only,low,blank/section/default page
test9_obp_spare_full_list,Test/Test 9/13k obp spare - full list rev 4 (2) (1).pdf,9,spare_parts_table,high,known-good output rows
test9_obp_spare_full_list,Test/Test 9/13k obp spare - full list rev 4 (2) (1).pdf,10,spare_parts_table,high,known-good output rows
test9_obp_spare_full_list,Test/Test 9/13k obp spare - full list rev 4 (2) (1).pdf,11,spare_parts_table,high,known-good output rows
test9_obp_spare_full_list,Test/Test 9/13k obp spare - full list rev 4 (2) (1).pdf,12,spare_parts_table,high,known-good output rows
test9_obp_spare_full_list,Test/Test 9/13k obp spare - full list rev 4 (2) (1).pdf,13,drawing_only,low,blank/section/default page
test9_obp_spare_full_list,Test/Test 9/13k obp spare - full list rev 4 (2) (1).pdf,14,spare_parts_table,high,known-good output rows
test9_obp_spare_full_list,Test/Test 9/13k obp spare - full list rev 4 (2) (1).pdf,15,drawing_only,low,blank/section/default page
test9_obp_spare_full_list,Test/Test 9/13k obp spare - full list rev 4 (2) (1).pdf,16,spare_parts_table,high,known-good output rows
test9_obp_spare_full_list,Test/Test 9/13k obp spare - full list rev 4 (2) (1).pdf,17,spare_parts_table,high,known-good output rows
test9_obp_spare_full_list,Test/Test 9/13k obp spare - full list rev 4 (2) (1).pdf,18,spare_parts_table,high,known-good output rows
test9_obp_spare_full_list,Test/Test 9/13k obp spare - full list rev 4 (2) (1).pdf,19,spare_parts_table,high,known-good output rows
test9_obp_spare_full_list,Test/Test 9/13k obp spare - full list rev 4 (2) (1).pdf,20,spare_parts_table,high,known-good output rows
test9_obp_spare_full_list,Test/Test 9/13k obp spare - full list rev 4 (2) (1).pdf,21,spare_parts_table,high,known-good output rows
test9_obp_spare_full_list,Test/Test 9/13k obp spare - full list rev 4 (2) (1).pdf,22,spare_parts_table,high,known-good output rows
test9_obp_spare_full_list,Test/Test 9/13k obp spare - full list rev 4 (2) (1).pdf,23,spare_parts_table,high,known-good output rows
test9_obp_spare_full_list,Test/Test 9/13k obp spare - full list rev 4 (2) (1).pdf,24,spare_parts_table,high,known-good output rows
test9_obp_spare_full_list,Test/Test 9/13k obp spare - full list rev 4 (2) (1).pdf,25,spare_parts_table,high,known-good output rows
test9_obp_spare_full_list,Test/Test 9/13k obp spare - full list rev 4 (2) (1).pdf,26,spare_parts_table,high,known-good output rows
test9_obp_spare_full_list,Test/Test 9/13k obp spare - full list rev 4 (2) (1).pdf,27,spare_parts_table,high,known-good output rows
test9_obp_spare_full_list,Test/Test 9/13k obp spare - full list rev 4 (2) (1).pdf,28,spare_parts_table,high,known-good output rows
test9_obp_spare_full_list,Test/Test 9/13k obp spare - full list rev 4 (2) (1).pdf,29,spare_parts_table,high,known-good output rows
test9_obp_spare_full_list,Test/Test 9/13k obp spare - full list rev 4 (2) (1).pdf,30,spare_parts_table,high,known-good output rows
test9_obp_spare_full_list,Test/Test 9/13k obp spare - full list rev 4 (2) (1).pdf,31,spare_parts_table,high,known-good output rows
test9_obp_spare_full_list,Test/Test 9/13k obp spare - full list rev 4 (2) (1).pdf,32,spare_parts_table,high,known-good output rows
test9_obp_spare_full_list,Test/Test 9/13k obp spare - full list rev 4 (2) (1).pdf,33,spare_parts_table,high,known-good output rows
test9_obp_spare_full_list,Test/Test 9/13k obp spare - full list rev 4 (2) (1).pdf,34,spare_parts_table,high,known-good output rows
test10_cargo_area_fans,Test/Test 10/V-202-V0000004-cargo area fans-Rev.1.1.pdf,1,spare_parts_table,high,fan spare-list output pages
test10_cargo_area_fans,Test/Test 10/V-202-V0000004-cargo area fans-Rev.1.1.pdf,2,spare_parts_table,high,fan spare-list output pages
test10_cargo_area_fans,Test/Test 10/V-202-V0000004-cargo area fans-Rev.1.1.pdf,3,spare_parts_table,high,fan spare-list output pages
test10_cargo_area_fans,Test/Test 10/V-202-V0000004-cargo area fans-Rev.1.1.pdf,4,spare_parts_table,high,fan spare-list output pages
test10_cargo_area_fans,Test/Test 10/V-202-V0000004-cargo area fans-Rev.1.1.pdf,5,spare_parts_table,high,fan spare-list output pages
test10_cargo_area_fans,Test/Test 10/V-202-V0000004-cargo area fans-Rev.1.1.pdf,6,spare_parts_table,high,fan spare-list output pages
test10_cargo_area_fans,Test/Test 10/V-202-V0000004-cargo area fans-Rev.1.1.pdf,7,spare_parts_table,high,fan spare-list output pages
test10_cargo_area_fans,Test/Test 10/V-202-V0000004-cargo area fans-Rev.1.1.pdf,8,spare_parts_table,high,fan spare-list output pages
test11_accommodation_fans,Test/Test 11/V-203-V0000015-accommodation fans-Rev.1.1.pdf,1,spare_parts_table,high,fan spare-list output pages
test11_accommodation_fans,Test/Test 11/V-203-V0000015-accommodation fans-Rev.1.1.pdf,2,spare_parts_table,high,fan spare-list output pages
test11_accommodation_fans,Test/Test 11/V-203-V0000015-accommodation fans-Rev.1.1.pdf,3,spare_parts_table,high,fan spare-list output pages
test11_accommodation_fans,Test/Test 11/V-203-V0000015-accommodation fans-Rev.1.1.pdf,4,spare_parts_table,high,fan spare-list output pages
test11_accommodation_fans,Test/Test 11/V-203-V0000015-accommodation fans-Rev.1.1.pdf,5,spare_parts_table,high,fan spare-list output pages
test11_accommodation_fans,Test/Test 11/V-203-V0000015-accommodation fans-Rev.1.1.pdf,6,spare_parts_table,high,fan spare-list output pages
test11_accommodation_fans,Test/Test 11/V-203-V0000015-accommodation fans-Rev.1.1.pdf,7,spare_parts_table,high,fan spare-list output pages
test11_accommodation_fans,Test/Test 11/V-203-V0000015-accommodation fans-Rev.1.1.pdf,8,spare_parts_table,high,fan spare-list output pages
test11_accommodation_fans,Test/Test 11/V-203-V0000015-accommodation fans-Rev.1.1.pdf,9,spare_parts_table,high,fan spare-list output pages
test11_accommodation_fans,Test/Test 11/V-203-V0000015-accommodation fans-Rev.1.1.pdf,10,spare_parts_table,high,fan spare-list output pages
test11_accommodation_fans,Test/Test 11/V-203-V0000015-accommodation fans-Rev.1.1.pdf,11,spare_parts_table,high,fan spare-list output pages
test11_accommodation_fans,Test/Test 11/V-203-V0000015-accommodation fans-Rev.1.1.pdf,12,spare_parts_table,high,fan spare-list output pages
test11_accommodation_fans,Test/Test 11/V-203-V0000015-accommodation fans-Rev.1.1.pdf,13,spare_parts_table,high,fan spare-list output pages
test11_accommodation_fans,Test/Test 11/V-203-V0000015-accommodation fans-Rev.1.1.pdf,14,spare_parts_table,high,fan spare-list output pages
test12_positive_displacement_pump,Test/Test 12/M-213-M0000012-Positive Displacement Pump-1 REV1.1 (2).pdf,1,drawing_material_list,high,NANIWA drawing/material pages
test12_positive_displacement_pump,Test/Test 12/M-213-M0000012-Positive Displacement Pump-1 REV1.1 (2).pdf,2,drawing_material_list,high,NANIWA drawing/material pages
test12_positive_displacement_pump,Test/Test 12/M-213-M0000012-Positive Displacement Pump-1 REV1.1 (2).pdf,3,spare_parts_table,high,compact spare-parts list page
test12_positive_displacement_pump,Test/Test 12/M-213-M0000012-Positive Displacement Pump-1 REV1.1 (2).pdf,4,drawing_material_list,high,NANIWA drawing/material pages
test12_positive_displacement_pump,Test/Test 12/M-213-M0000012-Positive Displacement Pump-1 REV1.1 (2).pdf,5,drawing_material_list,high,NANIWA drawing/material pages
test12_positive_displacement_pump,Test/Test 12/M-213-M0000012-Positive Displacement Pump-1 REV1.1 (2).pdf,6,spare_parts_table,high,compact spare-parts list page
test12_positive_displacement_pump,Test/Test 12/M-213-M0000012-Positive Displacement Pump-1 REV1.1 (2).pdf,7,drawing_material_list,high,NANIWA drawing/material pages
test12_positive_displacement_pump,Test/Test 12/M-213-M0000012-Positive Displacement Pump-1 REV1.1 (2).pdf,8,drawing_material_list,high,NANIWA drawing/material pages
test12_positive_displacement_pump,Test/Test 12/M-213-M0000012-Positive Displacement Pump-1 REV1.1 (2).pdf,9,spare_parts_table,high,compact spare-parts list page
test12_positive_displacement_pump,Test/Test 12/M-213-M0000012-Positive Displacement Pump-1 REV1.1 (2).pdf,10,drawing_material_list,high,NANIWA drawing/material pages
test12_positive_displacement_pump,Test/Test 12/M-213-M0000012-Positive Displacement Pump-1 REV1.1 (2).pdf,11,drawing_material_list,high,NANIWA drawing/material pages
test12_positive_displacement_pump,Test/Test 12/M-213-M0000012-Positive Displacement Pump-1 REV1.1 (2).pdf,12,drawing_material_list,high,NANIWA drawing/material pages
test12_positive_displacement_pump,Test/Test 12/M-213-M0000012-Positive Displacement Pump-1 REV1.1 (2).pdf,13,drawing_material_list,high,NANIWA drawing/material pages
test12_positive_displacement_pump,Test/Test 12/M-213-M0000012-Positive Displacement Pump-1 REV1.1 (2).pdf,14,spare_parts_table,high,compact spare-parts list page
test12_positive_displacement_pump,Test/Test 12/M-213-M0000012-Positive Displacement Pump-1 REV1.1 (2).pdf,15,drawing_material_list,high,NANIWA drawing/material pages
test12_positive_displacement_pump,Test/Test 12/M-213-M0000012-Positive Displacement Pump-1 REV1.1 (2).pdf,16,drawing_material_list,high,NANIWA drawing/material pages
test12_positive_displacement_pump,Test/Test 12/M-213-M0000012-Positive Displacement Pump-1 REV1.1 (2).pdf,17,spare_parts_table,high,compact spare-parts list page
test12_positive_displacement_pump,Test/Test 12/M-213-M0000012-Positive Displacement Pump-1 REV1.1 (2).pdf,18,drawing_material_list,high,NANIWA drawing/material pages
test12_positive_displacement_pump,Test/Test 12/M-213-M0000012-Positive Displacement Pump-1 REV1.1 (2).pdf,19,drawing_material_list,high,NANIWA drawing/material pages
test12_positive_displacement_pump,Test/Test 12/M-213-M0000012-Positive Displacement Pump-1 REV1.1 (2).pdf,20,spare_parts_table,high,compact spare-parts list page
test12_positive_displacement_pump,Test/Test 12/M-213-M0000012-Positive Displacement Pump-1 REV1.1 (2).pdf,21,drawing_material_list,high,NANIWA drawing/material pages
test12_positive_displacement_pump,Test/Test 12/M-213-M0000012-Positive Displacement Pump-1 REV1.1 (2).pdf,22,drawing_material_list,high,NANIWA drawing/material pages
test12_positive_displacement_pump,Test/Test 12/M-213-M0000012-Positive Displacement Pump-1 REV1.1 (2).pdf,23,spare_parts_table,high,compact spare-parts list page
test12_positive_displacement_pump,Test/Test 12/M-213-M0000012-Positive Displacement Pump-1 REV1.1 (2).pdf,24,drawing_material_list,high,NANIWA drawing/material pages
test13_centrifugal_pump,Test/Test 13/M-212-M0000011-Centrifugal Pump REV1.1 (3).pdf,1,drawing_only,low,unused/cover/default page
test13_centrifugal_pump,Test/Test 13/M-212-M0000011-Centrifugal Pump REV1.1 (3).pdf,2,drawing_only,low,unused/cover/default page
test13_centrifugal_pump,Test/Test 13/M-212-M0000011-Centrifugal Pump REV1.1 (3).pdf,3,drawing_only,low,unused/cover/default page
test13_centrifugal_pump,Test/Test 13/M-212-M0000011-Centrifugal Pump REV1.1 (3).pdf,4,repair_kit,high,ACCESSORIES FOR EACH 1 PUMP
test13_centrifugal_pump,Test/Test 13/M-212-M0000011-Centrifugal Pump REV1.1 (3).pdf,5,drawing_material_list,high,pump material/section/spare list pages from runner
test13_centrifugal_pump,Test/Test 13/M-212-M0000011-Centrifugal Pump REV1.1 (3).pdf,6,drawing_material_list,high,pump material/section/spare list pages from runner
test13_centrifugal_pump,Test/Test 13/M-212-M0000011-Centrifugal Pump REV1.1 (3).pdf,7,drawing_material_list,high,pump material/section/spare list pages from runner
test13_centrifugal_pump,Test/Test 13/M-212-M0000011-Centrifugal Pump REV1.1 (3).pdf,8,drawing_material_list,high,pump material/section/spare list pages from runner
test13_centrifugal_pump,Test/Test 13/M-212-M0000011-Centrifugal Pump REV1.1 (3).pdf,9,drawing_material_list,high,pump material/section/spare list pages from runner
test13_centrifugal_pump,Test/Test 13/M-212-M0000011-Centrifugal Pump REV1.1 (3).pdf,10,drawing_material_list,high,pump material/section/spare list pages from runner
test13_centrifugal_pump,Test/Test 13/M-212-M0000011-Centrifugal Pump REV1.1 (3).pdf,11,drawing_material_list,high,pump material/section/spare list pages from runner
test13_centrifugal_pump,Test/Test 13/M-212-M0000011-Centrifugal Pump REV1.1 (3).pdf,12,drawing_material_list,high,pump material/section/spare list pages from runner
test13_centrifugal_pump,Test/Test 13/M-212-M0000011-Centrifugal Pump REV1.1 (3).pdf,13,drawing_material_list,high,pump material/section/spare list pages from runner
test13_centrifugal_pump,Test/Test 13/M-212-M0000011-Centrifugal Pump REV1.1 (3).pdf,14,drawing_material_list,high,pump material/section/spare list pages from runner
test13_centrifugal_pump,Test/Test 13/M-212-M0000011-Centrifugal Pump REV1.1 (3).pdf,15,drawing_material_list,high,pump material/section/spare list pages from runner
test13_centrifugal_pump,Test/Test 13/M-212-M0000011-Centrifugal Pump REV1.1 (3).pdf,16,drawing_material_list,high,pump material/section/spare list pages from runner
test13_centrifugal_pump,Test/Test 13/M-212-M0000011-Centrifugal Pump REV1.1 (3).pdf,17,drawing_material_list,high,pump material/section/spare list pages from runner
test13_centrifugal_pump,Test/Test 13/M-212-M0000011-Centrifugal Pump REV1.1 (3).pdf,18,drawing_material_list,high,pump material/section/spare list pages from runner
test13_centrifugal_pump,Test/Test 13/M-212-M0000011-Centrifugal Pump REV1.1 (3).pdf,19,drawing_material_list,high,pump material/section/spare list pages from runner
test13_centrifugal_pump,Test/Test 13/M-212-M0000011-Centrifugal Pump REV1.1 (3).pdf,20,drawing_material_list,high,pump material/section/spare list pages from runner
test13_centrifugal_pump,Test/Test 13/M-212-M0000011-Centrifugal Pump REV1.1 (3).pdf,21,drawing_material_list,high,pump material/section/spare list pages from runner
test13_centrifugal_pump,Test/Test 13/M-212-M0000011-Centrifugal Pump REV1.1 (3).pdf,22,drawing_material_list,high,pump material/section/spare list pages from runner
test13_centrifugal_pump,Test/Test 13/M-212-M0000011-Centrifugal Pump REV1.1 (3).pdf,23,drawing_material_list,high,pump material/section/spare list pages from runner
test13_centrifugal_pump,Test/Test 13/M-212-M0000011-Centrifugal Pump REV1.1 (3).pdf,24,drawing_material_list,high,pump material/section/spare list pages from runner
test13_centrifugal_pump,Test/Test 13/M-212-M0000011-Centrifugal Pump REV1.1 (3).pdf,25,drawing_material_list,high,pump material/section/spare list pages from runner
test13_centrifugal_pump,Test/Test 13/M-212-M0000011-Centrifugal Pump REV1.1 (3).pdf,26,drawing_material_list,high,pump material/section/spare list pages from runner
test13_centrifugal_pump,Test/Test 13/M-212-M0000011-Centrifugal Pump REV1.1 (3).pdf,27,drawing_material_list,high,pump material/section/spare list pages from runner
test13_centrifugal_pump,Test/Test 13/M-212-M0000011-Centrifugal Pump REV1.1 (3).pdf,28,drawing_material_list,high,pump material/section/spare list pages from runner
test13_centrifugal_pump,Test/Test 13/M-212-M0000011-Centrifugal Pump REV1.1 (3).pdf,29,drawing_material_list,high,pump material/section/spare list pages from runner
test13_centrifugal_pump,Test/Test 13/M-212-M0000011-Centrifugal Pump REV1.1 (3).pdf,30,drawing_material_list,high,pump material/section/spare list pages from runner
test13_centrifugal_pump,Test/Test 13/M-212-M0000011-Centrifugal Pump REV1.1 (3).pdf,31,drawing_material_list,high,pump material/section/spare list pages from runner
test13_centrifugal_pump,Test/Test 13/M-212-M0000011-Centrifugal Pump REV1.1 (3).pdf,32,drawing_material_list,high,pump material/section/spare list pages from runner
test13_centrifugal_pump,Test/Test 13/M-212-M0000011-Centrifugal Pump REV1.1 (3).pdf,33,drawing_material_list,high,pump material/section/spare list pages from runner
test13_centrifugal_pump,Test/Test 13/M-212-M0000011-Centrifugal Pump REV1.1 (3).pdf,34,drawing_material_list,high,pump material/section/spare list pages from runner
test13_centrifugal_pump,Test/Test 13/M-212-M0000011-Centrifugal Pump REV1.1 (3).pdf,35,drawing_material_list,high,pump material/section/spare list pages from runner
test13_centrifugal_pump,Test/Test 13/M-212-M0000011-Centrifugal Pump REV1.1 (3).pdf,36,drawing_material_list,high,pump material/section/spare list pages from runner
test13_centrifugal_pump,Test/Test 13/M-212-M0000011-Centrifugal Pump REV1.1 (3).pdf,37,drawing_material_list,high,pump material/section/spare list pages from runner
test13_centrifugal_pump,Test/Test 13/M-212-M0000011-Centrifugal Pump REV1.1 (3).pdf,38,drawing_material_list,high,pump material/section/spare list pages from runner
test13_centrifugal_pump,Test/Test 13/M-212-M0000011-Centrifugal Pump REV1.1 (3).pdf,39,drawing_material_list,high,pump material/section/spare list pages from runner
test13_centrifugal_pump,Test/Test 13/M-212-M0000011-Centrifugal Pump REV1.1 (3).pdf,40,drawing_material_list,high,pump material/section/spare list pages from runner
test13_centrifugal_pump,Test/Test 13/M-212-M0000011-Centrifugal Pump REV1.1 (3).pdf,41,drawing_material_list,high,pump material/section/spare list pages from runner
test13_centrifugal_pump,Test/Test 13/M-212-M0000011-Centrifugal Pump REV1.1 (3).pdf,42,drawing_material_list,high,pump material/section/spare list pages from runner
test13_centrifugal_pump,Test/Test 13/M-212-M0000011-Centrifugal Pump REV1.1 (3).pdf,43,drawing_material_list,high,pump material/section/spare list pages from runner
test13_centrifugal_pump,Test/Test 13/M-212-M0000011-Centrifugal Pump REV1.1 (3).pdf,44,drawing_material_list,high,pump material/section/spare list pages from runner
test13_centrifugal_pump,Test/Test 13/M-212-M0000011-Centrifugal Pump REV1.1 (3).pdf,45,drawing_material_list,high,pump material/section/spare list pages from runner
test13_centrifugal_pump,Test/Test 13/M-212-M0000011-Centrifugal Pump REV1.1 (3).pdf,46,drawing_material_list,high,pump material/section/spare list pages from runner
test13_centrifugal_pump,Test/Test 13/M-212-M0000011-Centrifugal Pump REV1.1 (3).pdf,47,drawing_material_list,high,pump material/section/spare list pages from runner
test13_centrifugal_pump,Test/Test 13/M-212-M0000011-Centrifugal Pump REV1.1 (3).pdf,48,drawing_material_list,high,pump material/section/spare list pages from runner
test13_centrifugal_pump,Test/Test 13/M-212-M0000011-Centrifugal Pump REV1.1 (3).pdf,49,drawing_material_list,high,pump material/section/spare list pages from runner
test13_centrifugal_pump,Test/Test 13/M-212-M0000011-Centrifugal Pump REV1.1 (3).pdf,50,drawing_material_list,high,pump material/section/spare list pages from runner
test13_centrifugal_pump,Test/Test 13/M-212-M0000011-Centrifugal Pump REV1.1 (3).pdf,51,drawing_material_list,high,pump material/section/spare list pages from runner
test13_centrifugal_pump,Test/Test 13/M-212-M0000011-Centrifugal Pump REV1.1 (3).pdf,52,drawing_material_list,high,pump material/section/spare list pages from runner
test13_centrifugal_pump,Test/Test 13/M-212-M0000011-Centrifugal Pump REV1.1 (3).pdf,53,drawing_material_list,high,pump material/section/spare list pages from runner
test13_centrifugal_pump,Test/Test 13/M-212-M0000011-Centrifugal Pump REV1.1 (3).pdf,54,drawing_material_list,high,pump material/section/spare list pages from runner
test13_centrifugal_pump,Test/Test 13/M-212-M0000011-Centrifugal Pump REV1.1 (3).pdf,55,drawing_material_list,high,pump material/section/spare list pages from runner
test13_centrifugal_pump,Test/Test 13/M-212-M0000011-Centrifugal Pump REV1.1 (3).pdf,56,drawing_material_list,high,pump material/section/spare list pages from runner
test13_centrifugal_pump,Test/Test 13/M-212-M0000011-Centrifugal Pump REV1.1 (3).pdf,57,drawing_material_list,high,pump material/section/spare list pages from runner
test13_centrifugal_pump,Test/Test 13/M-212-M0000011-Centrifugal Pump REV1.1 (3).pdf,58,drawing_material_list,high,pump material/section/spare list pages from runner
test13_centrifugal_pump,Test/Test 13/M-212-M0000011-Centrifugal Pump REV1.1 (3).pdf,59,drawing_material_list,high,pump material/section/spare list pages from runner
test13_centrifugal_pump,Test/Test 13/M-212-M0000011-Centrifugal Pump REV1.1 (3).pdf,60,drawing_material_list,high,pump material/section/spare list pages from runner
test13_centrifugal_pump,Test/Test 13/M-212-M0000011-Centrifugal Pump REV1.1 (3).pdf,61,drawing_material_list,high,pump material/section/spare list pages from runner
test13_centrifugal_pump,Test/Test 13/M-212-M0000011-Centrifugal Pump REV1.1 (3).pdf,62,drawing_material_list,high,pump material/section/spare list pages from runner
test13_centrifugal_pump,Test/Test 13/M-212-M0000011-Centrifugal Pump REV1.1 (3).pdf,63,drawing_material_list,high,pump material/section/spare list pages from runner
test13_centrifugal_pump,Test/Test 13/M-212-M0000011-Centrifugal Pump REV1.1 (3).pdf,64,drawing_material_list,high,pump material/section/spare list pages from runner
test13_centrifugal_pump,Test/Test 13/M-212-M0000011-Centrifugal Pump REV1.1 (3).pdf,65,drawing_material_list,high,pump material/section/spare list pages from runner
test13_centrifugal_pump,Test/Test 13/M-212-M0000011-Centrifugal Pump REV1.1 (3).pdf,66,drawing_material_list,high,pump material/section/spare list pages from runner
test13_centrifugal_pump,Test/Test 13/M-212-M0000011-Centrifugal Pump REV1.1 (3).pdf,67,drawing_material_list,high,pump material/section/spare list pages from runner
test13_centrifugal_pump,Test/Test 13/M-212-M0000011-Centrifugal Pump REV1.1 (3).pdf,68,drawing_material_list,high,pump material/section/spare list pages from runner
test13_centrifugal_pump,Test/Test 13/M-212-M0000011-Centrifugal Pump REV1.1 (3).pdf,69,drawing_material_list,high,pump material/section/spare list pages from runner
test13_centrifugal_pump,Test/Test 13/M-212-M0000011-Centrifugal Pump REV1.1 (3).pdf,70,drawing_material_list,high,pump material/section/spare list pages from runner
test13_centrifugal_pump,Test/Test 13/M-212-M0000011-Centrifugal Pump REV1.1 (3).pdf,71,drawing_material_list,high,pump material/section/spare list pages from runner
test13_centrifugal_pump,Test/Test 13/M-212-M0000011-Centrifugal Pump REV1.1 (3).pdf,72,drawing_material_list,high,pump material/section/spare list pages from runner
test13_centrifugal_pump,Test/Test 13/M-212-M0000011-Centrifugal Pump REV1.1 (3).pdf,73,drawing_material_list,high,pump material/section/spare list pages from runner
test13_centrifugal_pump,Test/Test 13/M-212-M0000011-Centrifugal Pump REV1.1 (3).pdf,74,drawing_material_list,high,pump material/section/spare list pages from runner
test13_centrifugal_pump,Test/Test 13/M-212-M0000011-Centrifugal Pump REV1.1 (3).pdf,75,drawing_material_list,high,pump material/section/spare list pages from runner
test13_centrifugal_pump,Test/Test 13/M-212-M0000011-Centrifugal Pump REV1.1 (3).pdf,76,drawing_material_list,high,pump material/section/spare list pages from runner
test13_centrifugal_pump,Test/Test 13/M-212-M0000011-Centrifugal Pump REV1.1 (3).pdf,77,drawing_material_list,high,pump material/section/spare list pages from runner
test13_centrifugal_pump,Test/Test 13/M-212-M0000011-Centrifugal Pump REV1.1 (3).pdf,78,drawing_material_list,high,pump material/section/spare list pages from runner
test13_centrifugal_pump,Test/Test 13/M-212-M0000011-Centrifugal Pump REV1.1 (3).pdf,79,drawing_material_list,high,pump material/section/spare list pages from runner
test13_centrifugal_pump,Test/Test 13/M-212-M0000011-Centrifugal Pump REV1.1 (3).pdf,80,drawing_material_list,high,pump material/section/spare list pages from runner
test13_centrifugal_pump,Test/Test 13/M-212-M0000011-Centrifugal Pump REV1.1 (3).pdf,81,drawing_material_list,high,pump material/section/spare list pages from runner
test13_centrifugal_pump,Test/Test 13/M-212-M0000011-Centrifugal Pump REV1.1 (3).pdf,82,drawing_material_list,high,pump material/section/spare list pages from runner
test13_centrifugal_pump,Test/Test 13/M-212-M0000011-Centrifugal Pump REV1.1 (3).pdf,83,drawing_only,low,unused/cover/default page
test13_centrifugal_pump,Test/Test 13/M-212-M0000011-Centrifugal Pump REV1.1 (3).pdf,84,drawing_only,low,unused/cover/default page
test13_centrifugal_pump,Test/Test 13/M-212-M0000011-Centrifugal Pump REV1.1 (3).pdf,85,drawing_only,low,unused/cover/default page
test13_centrifugal_pump,Test/Test 13/M-212-M0000011-Centrifugal Pump REV1.1 (3).pdf,86,drawing_only,low,unused/cover/default page
test13_centrifugal_pump,Test/Test 13/M-212-M0000011-Centrifugal Pump REV1.1 (3).pdf,87,drawing_only,low,unused/cover/default page
test13_centrifugal_pump,Test/Test 13/M-212-M0000011-Centrifugal Pump REV1.1 (3).pdf,88,drawing_only,low,unused/cover/default page
test13_centrifugal_pump,Test/Test 13/M-212-M0000011-Centrifugal Pump REV1.1 (3).pdf,89,drawing_only,low,unused/cover/default page
test13_centrifugal_pump,Test/Test 13/M-212-M0000011-Centrifugal Pump REV1.1 (3).pdf,90,drawing_only,low,unused/cover/default page
test13_centrifugal_pump,Test/Test 13/M-212-M0000011-Centrifugal Pump REV1.1 (3).pdf,91,drawing_only,low,unused/cover/default page
test13_centrifugal_pump,Test/Test 13/M-212-M0000011-Centrifugal Pump REV1.1 (3).pdf,92,drawing_only,low,unused/cover/default page
test13_centrifugal_pump,Test/Test 13/M-212-M0000011-Centrifugal Pump REV1.1 (3).pdf,93,drawing_only,low,unused/cover/default page
test13_centrifugal_pump,Test/Test 13/M-212-M0000011-Centrifugal Pump REV1.1 (3).pdf,94,drawing_only,low,unused/cover/default page
test13_centrifugal_pump,Test/Test 13/M-212-M0000011-Centrifugal Pump REV1.1 (3).pdf,95,drawing_only,low,unused/cover/default page
test13_centrifugal_pump,Test/Test 13/M-212-M0000011-Centrifugal Pump REV1.1 (3).pdf,96,drawing_only,low,unused/cover/default page
test13_centrifugal_pump,Test/Test 13/M-212-M0000011-Centrifugal Pump REV1.1 (3).pdf,97,drawing_only,low,unused/cover/default page
test13_centrifugal_pump,Test/Test 13/M-212-M0000011-Centrifugal Pump REV1.1 (3).pdf,98,drawing_only,low,unused/cover/default page
test13_centrifugal_pump,Test/Test 13/M-212-M0000011-Centrifugal Pump REV1.1 (3).pdf,99,drawing_only,low,unused/cover/default page
test13_centrifugal_pump,Test/Test 13/M-212-M0000011-Centrifugal Pump REV1.1 (3).pdf,100,drawing_only,low,unused/cover/default page
test13_centrifugal_pump,Test/Test 13/M-212-M0000011-Centrifugal Pump REV1.1 (3).pdf,101,drawing_only,low,unused/cover/default page
test13_centrifugal_pump,Test/Test 13/M-212-M0000011-Centrifugal Pump REV1.1 (3).pdf,102,drawing_only,low,unused/cover/default page
test13_centrifugal_pump,Test/Test 13/M-212-M0000011-Centrifugal Pump REV1.1 (3).pdf,103,drawing_only,low,unused/cover/default page
test13_centrifugal_pump,Test/Test 13/M-212-M0000011-Centrifugal Pump REV1.1 (3).pdf,104,drawing_only,low,unused/cover/default page
test13_centrifugal_pump,Test/Test 13/M-212-M0000011-Centrifugal Pump REV1.1 (3).pdf,105,drawing_only,low,unused/cover/default page
test13_centrifugal_pump,Test/Test 13/M-212-M0000011-Centrifugal Pump REV1.1 (3).pdf,106,drawing_only,low,unused/cover/default page
test13_centrifugal_pump,Test/Test 13/M-212-M0000011-Centrifugal Pump REV1.1 (3).pdf,107,drawing_only,low,unused/cover/default page
test13_centrifugal_pump,Test/Test 13/M-212-M0000011-Centrifugal Pump REV1.1 (3).pdf,108,drawing_only,low,unused/cover/default page
test13_centrifugal_pump,Test/Test 13/M-212-M0000011-Centrifugal Pump REV1.1 (3).pdf,109,drawing_only,low,unused/cover/default page
test13_centrifugal_pump,Test/Test 13/M-212-M0000011-Centrifugal Pump REV1.1 (3).pdf,110,drawing_only,low,unused/cover/default page
test13_centrifugal_pump,Test/Test 13/M-212-M0000011-Centrifugal Pump REV1.1 (3).pdf,111,drawing_only,low,unused/cover/default page
test13_centrifugal_pump,Test/Test 13/M-212-M0000011-Centrifugal Pump REV1.1 (3).pdf,112,drawing_only,low,unused/cover/default page
test13_centrifugal_pump,Test/Test 13/M-212-M0000011-Centrifugal Pump REV1.1 (3).pdf,113,drawing_only,low,unused/cover/default page
test13_centrifugal_pump,Test/Test 13/M-212-M0000011-Centrifugal Pump REV1.1 (3).pdf,114,drawing_only,low,unused/cover/default page
test13_centrifugal_pump,Test/Test 13/M-212-M0000011-Centrifugal Pump REV1.1 (3).pdf,115,drawing_only,low,unused/cover/default page
test13_centrifugal_pump,Test/Test 13/M-212-M0000011-Centrifugal Pump REV1.1 (3).pdf,116,drawing_only,low,unused/cover/default page
test13_centrifugal_pump,Test/Test 13/M-212-M0000011-Centrifugal Pump REV1.1 (3).pdf,117,drawing_only,low,unused/cover/default page
test13_centrifugal_pump,Test/Test 13/M-212-M0000011-Centrifugal Pump REV1.1 (3).pdf,118,drawing_only,low,unused/cover/default page
test13_centrifugal_pump,Test/Test 13/M-212-M0000011-Centrifugal Pump REV1.1 (3).pdf,119,drawing_only,low,unused/cover/default page
test13_centrifugal_pump,Test/Test 13/M-212-M0000011-Centrifugal Pump REV1.1 (3).pdf,120,drawing_only,low,unused/cover/default page
test13_centrifugal_pump,Test/Test 13/M-212-M0000011-Centrifugal Pump REV1.1 (3).pdf,121,drawing_only,low,unused/cover/default page
test13_centrifugal_pump,Test/Test 13/M-212-M0000011-Centrifugal Pump REV1.1 (3).pdf,122,drawing_only,low,unused/cover/default page
test13_centrifugal_pump,Test/Test 13/M-212-M0000011-Centrifugal Pump REV1.1 (3).pdf,123,drawing_only,low,unused/cover/default page
test13_centrifugal_pump,Test/Test 13/M-212-M0000011-Centrifugal Pump REV1.1 (3).pdf,124,drawing_only,low,unused/cover/default page
test13_centrifugal_pump,Test/Test 13/M-212-M0000011-Centrifugal Pump REV1.1 (3).pdf,125,drawing_only,low,unused/cover/default page
test13_centrifugal_pump,Test/Test 13/M-212-M0000011-Centrifugal Pump REV1.1 (3).pdf,126,drawing_only,low,unused/cover/default page
test13_centrifugal_pump,Test/Test 13/M-212-M0000011-Centrifugal Pump REV1.1 (3).pdf,127,drawing_only,low,unused/cover/default page
test13_centrifugal_pump,Test/Test 13/M-212-M0000011-Centrifugal Pump REV1.1 (3).pdf,128,drawing_only,low,unused/cover/default page
test13_centrifugal_pump,Test/Test 13/M-212-M0000011-Centrifugal Pump REV1.1 (3).pdf,129,drawing_only,low,unused/cover/default page
test13_centrifugal_pump,Test/Test 13/M-212-M0000011-Centrifugal Pump REV1.1 (3).pdf,130,drawing_material_list,medium,runner explicit material page
test13_centrifugal_pump,Test/Test 13/M-212-M0000011-Centrifugal Pump REV1.1 (3).pdf,131,drawing_only,low,unused/cover/default page
test13_centrifugal_pump,Test/Test 13/M-212-M0000011-Centrifugal Pump REV1.1 (3).pdf,132,drawing_only,low,unused/cover/default page
test13_centrifugal_pump,Test/Test 13/M-212-M0000011-Centrifugal Pump REV1.1 (3).pdf,133,drawing_only,low,unused/cover/default page
test13_centrifugal_pump,Test/Test 13/M-212-M0000011-Centrifugal Pump REV1.1 (3).pdf,134,drawing_only,low,unused/cover/default page
test13_centrifugal_pump,Test/Test 13/M-212-M0000011-Centrifugal Pump REV1.1 (3).pdf,135,drawing_only,low,unused/cover/default page
test13_centrifugal_pump,Test/Test 13/M-212-M0000011-Centrifugal Pump REV1.1 (3).pdf,136,drawing_only,low,unused/cover/default page
test13_centrifugal_pump,Test/Test 13/M-212-M0000011-Centrifugal Pump REV1.1 (3).pdf,137,drawing_only,low,unused/cover/default page
test13_centrifugal_pump,Test/Test 13/M-212-M0000011-Centrifugal Pump REV1.1 (3).pdf,138,drawing_only,low,unused/cover/default page
test13_centrifugal_pump,Test/Test 13/M-212-M0000011-Centrifugal Pump REV1.1 (3).pdf,139,drawing_only,low,unused/cover/default page
test13_centrifugal_pump,Test/Test 13/M-212-M0000011-Centrifugal Pump REV1.1 (3).pdf,140,drawing_only,low,unused/cover/default page
test13_centrifugal_pump,Test/Test 13/M-212-M0000011-Centrifugal Pump REV1.1 (3).pdf,141,drawing_only,low,unused/cover/default page
test13_centrifugal_pump,Test/Test 13/M-212-M0000011-Centrifugal Pump REV1.1 (3).pdf,142,drawing_only,low,unused/cover/default page
test13_centrifugal_pump,Test/Test 13/M-212-M0000011-Centrifugal Pump REV1.1 (3).pdf,143,drawing_only,low,unused/cover/default page
test13_centrifugal_pump,Test/Test 13/M-212-M0000011-Centrifugal Pump REV1.1 (3).pdf,144,drawing_only,low,unused/cover/default page
test13_centrifugal_pump,Test/Test 13/M-212-M0000011-Centrifugal Pump REV1.1 (3).pdf,145,drawing_only,low,unused/cover/default page
test13_centrifugal_pump,Test/Test 13/M-212-M0000011-Centrifugal Pump REV1.1 (3).pdf,146,drawing_only,low,unused/cover/default page
test13_centrifugal_pump,Test/Test 13/M-212-M0000011-Centrifugal Pump REV1.1 (3).pdf,147,drawing_only,low,unused/cover/default page
test13_centrifugal_pump,Test/Test 13/M-212-M0000011-Centrifugal Pump REV1.1 (3).pdf,148,drawing_only,low,unused/cover/default page
test13_centrifugal_pump,Test/Test 13/M-212-M0000011-Centrifugal Pump REV1.1 (3).pdf,149,drawing_only,low,unused/cover/default page
test13_centrifugal_pump,Test/Test 13/M-212-M0000011-Centrifugal Pump REV1.1 (3).pdf,150,drawing_only,low,unused/cover/default page
test13_centrifugal_pump,Test/Test 13/M-212-M0000011-Centrifugal Pump REV1.1 (3).pdf,151,drawing_only,low,unused/cover/default page
test13_centrifugal_pump,Test/Test 13/M-212-M0000011-Centrifugal Pump REV1.1 (3).pdf,152,drawing_only,low,unused/cover/default page
test14_obp_spare_full_list,Test/Test 14/13k obp spare - full list rev 4 (2) (1) (1).pdf,1,drawing_only,low,cover/section/default page
test14_obp_spare_full_list,Test/Test 14/13k obp spare - full list rev 4 (2) (1) (1).pdf,2,index_page,high,content pages
test14_obp_spare_full_list,Test/Test 14/13k obp spare - full list rev 4 (2) (1) (1).pdf,3,index_page,high,content pages
test14_obp_spare_full_list,Test/Test 14/13k obp spare - full list rev 4 (2) (1) (1).pdf,4,index_page,high,content pages
test14_obp_spare_full_list,Test/Test 14/13k obp spare - full list rev 4 (2) (1) (1).pdf,5,drawing_only,low,cover/section/default page
test14_obp_spare_full_list,Test/Test 14/13k obp spare - full list rev 4 (2) (1) (1).pdf,6,drawing_only,low,cover/section/default page
test14_obp_spare_full_list,Test/Test 14/13k obp spare - full list rev 4 (2) (1) (1).pdf,7,drawing_only,low,cover/section/default page
test14_obp_spare_full_list,Test/Test 14/13k obp spare - full list rev 4 (2) (1) (1).pdf,8,repair_kit,medium,front OBP spare table page
test14_obp_spare_full_list,Test/Test 14/13k obp spare - full list rev 4 (2) (1) (1).pdf,9,repair_kit,medium,front OBP spare table page
test14_obp_spare_full_list,Test/Test 14/13k obp spare - full list rev 4 (2) (1) (1).pdf,10,drawing_only,low,cover/section/default page
test14_obp_spare_full_list,Test/Test 14/13k obp spare - full list rev 4 (2) (1) (1).pdf,11,repair_kit,medium,front OBP spare table page
test14_obp_spare_full_list,Test/Test 14/13k obp spare - full list rev 4 (2) (1) (1).pdf,12,repair_kit,medium,front OBP spare table page
test14_obp_spare_full_list,Test/Test 14/13k obp spare - full list rev 4 (2) (1) (1).pdf,13,drawing_only,low,cover/section/default page
test14_obp_spare_full_list,Test/Test 14/13k obp spare - full list rev 4 (2) (1) (1).pdf,14,repair_kit,medium,front OBP spare table page
test14_obp_spare_full_list,Test/Test 14/13k obp spare - full list rev 4 (2) (1) (1).pdf,15,drawing_only,low,cover/section/default page
test14_obp_spare_full_list,Test/Test 14/13k obp spare - full list rev 4 (2) (1) (1).pdf,16,repair_kit,medium,front OBP spare table page
test14_obp_spare_full_list,Test/Test 14/13k obp spare - full list rev 4 (2) (1) (1).pdf,17,repair_kit,medium,front OBP spare table page
test14_obp_spare_full_list,Test/Test 14/13k obp spare - full list rev 4 (2) (1) (1).pdf,18,repair_kit,medium,front OBP spare table page
test14_obp_spare_full_list,Test/Test 14/13k obp spare - full list rev 4 (2) (1) (1).pdf,19,repair_kit,medium,front OBP spare table page
test14_obp_spare_full_list,Test/Test 14/13k obp spare - full list rev 4 (2) (1) (1).pdf,20,drawing_only,low,cover/section/default page
test14_obp_spare_full_list,Test/Test 14/13k obp spare - full list rev 4 (2) (1) (1).pdf,21,repair_kit,medium,front OBP spare table page
test14_obp_spare_full_list,Test/Test 14/13k obp spare - full list rev 4 (2) (1) (1).pdf,22,drawing_only,low,cover/section/default page
test14_obp_spare_full_list,Test/Test 14/13k obp spare - full list rev 4 (2) (1) (1).pdf,23,repair_kit,medium,front OBP spare table page
test14_obp_spare_full_list,Test/Test 14/13k obp spare - full list rev 4 (2) (1) (1).pdf,24,drawing_only,low,cover/section/default page
test14_obp_spare_full_list,Test/Test 14/13k obp spare - full list rev 4 (2) (1) (1).pdf,25,repair_kit,medium,front OBP spare table page
test14_obp_spare_full_list,Test/Test 14/13k obp spare - full list rev 4 (2) (1) (1).pdf,26,drawing_only,low,cover/section/default page
test14_obp_spare_full_list,Test/Test 14/13k obp spare - full list rev 4 (2) (1) (1).pdf,27,repair_kit,medium,front OBP spare table page
test14_obp_spare_full_list,Test/Test 14/13k obp spare - full list rev 4 (2) (1) (1).pdf,28,drawing_only,low,cover/section/default page
test14_obp_spare_full_list,Test/Test 14/13k obp spare - full list rev 4 (2) (1) (1).pdf,29,drawing_only,low,cover/section/default page
test14_obp_spare_full_list,Test/Test 14/13k obp spare - full list rev 4 (2) (1) (1).pdf,30,repair_kit,medium,front OBP spare table page
test14_obp_spare_full_list,Test/Test 14/13k obp spare - full list rev 4 (2) (1) (1).pdf,31,drawing_only,low,cover/section/default page
test14_obp_spare_full_list,Test/Test 14/13k obp spare - full list rev 4 (2) (1) (1).pdf,32,repair_kit,medium,front OBP spare table page
test14_obp_spare_full_list,Test/Test 14/13k obp spare - full list rev 4 (2) (1) (1).pdf,33,drawing_only,low,cover/section/default page
test14_obp_spare_full_list,Test/Test 14/13k obp spare - full list rev 4 (2) (1) (1).pdf,34,repair_kit,medium,front OBP spare table page
test14_obp_spare_full_list,Test/Test 14/13k obp spare - full list rev 4 (2) (1) (1).pdf,35,drawing_only,low,cover/section/default page
test14_obp_spare_full_list,Test/Test 14/13k obp spare - full list rev 4 (2) (1) (1).pdf,36,repair_kit,medium,front OBP spare table page
test14_obp_spare_full_list,Test/Test 14/13k obp spare - full list rev 4 (2) (1) (1).pdf,37,drawing_only,low,cover/section/default page
test14_obp_spare_full_list,Test/Test 14/13k obp spare - full list rev 4 (2) (1) (1).pdf,38,repair_kit,medium,front OBP spare table page
test14_obp_spare_full_list,Test/Test 14/13k obp spare - full list rev 4 (2) (1) (1).pdf,39,drawing_only,low,cover/section/default page
test14_obp_spare_full_list,Test/Test 14/13k obp spare - full list rev 4 (2) (1) (1).pdf,40,drawing_only,low,cover/section/default page
test14_obp_spare_full_list,Test/Test 14/13k obp spare - full list rev 4 (2) (1) (1).pdf,41,drawing_only,low,cover/section/default page
test14_obp_spare_full_list,Test/Test 14/13k obp spare - full list rev 4 (2) (1) (1).pdf,42,drawing_only,low,cover/section/default page
test14_obp_spare_full_list,Test/Test 14/13k obp spare - full list rev 4 (2) (1) (1).pdf,43,drawing_only,low,cover/section/default page
test14_obp_spare_full_list,Test/Test 14/13k obp spare - full list rev 4 (2) (1) (1).pdf,44,drawing_only,low,cover/section/default page
test14_obp_spare_full_list,Test/Test 14/13k obp spare - full list rev 4 (2) (1) (1).pdf,45,drawing_only,low,cover/section/default page
test14_obp_spare_full_list,Test/Test 14/13k obp spare - full list rev 4 (2) (1) (1).pdf,46,drawing_only,low,cover/section/default page
test14_obp_spare_full_list,Test/Test 14/13k obp spare - full list rev 4 (2) (1) (1).pdf,47,drawing_only,low,cover/section/default page
test14_obp_spare_full_list,Test/Test 14/13k obp spare - full list rev 4 (2) (1) (1).pdf,48,drawing_only,low,cover/section/default page
test14_obp_spare_full_list,Test/Test 14/13k obp spare - full list rev 4 (2) (1) (1).pdf,49,drawing_only,low,cover/section/default page
test14_obp_spare_full_list,Test/Test 14/13k obp spare - full list rev 4 (2) (1) (1).pdf,50,drawing_only,low,cover/section/default page
test14_obp_spare_full_list,Test/Test 14/13k obp spare - full list rev 4 (2) (1) (1).pdf,51,drawing_only,low,cover/section/default page
test14_obp_spare_full_list,Test/Test 14/13k obp spare - full list rev 4 (2) (1) (1).pdf,52,drawing_only,low,cover/section/default page
test14_obp_spare_full_list,Test/Test 14/13k obp spare - full list rev 4 (2) (1) (1).pdf,53,drawing_only,low,cover/section/default page
test14_obp_spare_full_list,Test/Test 14/13k obp spare - full list rev 4 (2) (1) (1).pdf,54,drawing_only,low,cover/section/default page
test14_obp_spare_full_list,Test/Test 14/13k obp spare - full list rev 4 (2) (1) (1).pdf,55,drawing_only,low,cover/section/default page
test14_obp_spare_full_list,Test/Test 14/13k obp spare - full list rev 4 (2) (1) (1).pdf,56,drawing_only,low,cover/section/default page
test14_obp_spare_full_list,Test/Test 14/13k obp spare - full list rev 4 (2) (1) (1).pdf,57,drawing_only,low,cover/section/default page
test14_obp_spare_full_list,Test/Test 14/13k obp spare - full list rev 4 (2) (1) (1).pdf,58,drawing_only,low,cover/section/default page
test14_obp_spare_full_list,Test/Test 14/13k obp spare - full list rev 4 (2) (1) (1).pdf,59,drawing_only,low,cover/section/default page
test14_obp_spare_full_list,Test/Test 14/13k obp spare - full list rev 4 (2) (1) (1).pdf,60,drawing_only,low,cover/section/default page
test14_obp_spare_full_list,Test/Test 14/13k obp spare - full list rev 4 (2) (1) (1).pdf,61,drawing_only,low,cover/section/default page
test14_obp_spare_full_list,Test/Test 14/13k obp spare - full list rev 4 (2) (1) (1).pdf,62,drawing_only,low,cover/section/default page
test14_obp_spare_full_list,Test/Test 14/13k obp spare - full list rev 4 (2) (1) (1).pdf,63,drawing_only,low,cover/section/default page
test14_obp_spare_full_list,Test/Test 14/13k obp spare - full list rev 4 (2) (1) (1).pdf,64,drawing_only,low,cover/section/default page
test14_obp_spare_full_list,Test/Test 14/13k obp spare - full list rev 4 (2) (1) (1).pdf,65,drawing_only,low,cover/section/default page
test14_obp_spare_full_list,Test/Test 14/13k obp spare - full list rev 4 (2) (1) (1).pdf,66,drawing_only,low,cover/section/default page
test14_obp_spare_full_list,Test/Test 14/13k obp spare - full list rev 4 (2) (1) (1).pdf,67,drawing_only,low,cover/section/default page
test14_obp_spare_full_list,Test/Test 14/13k obp spare - full list rev 4 (2) (1) (1).pdf,68,drawing_only,low,cover/section/default page
test14_obp_spare_full_list,Test/Test 14/13k obp spare - full list rev 4 (2) (1) (1).pdf,69,drawing_only,low,cover/section/default page
test14_obp_spare_full_list,Test/Test 14/13k obp spare - full list rev 4 (2) (1) (1).pdf,70,drawing_only,low,cover/section/default page
test14_obp_spare_full_list,Test/Test 14/13k obp spare - full list rev 4 (2) (1) (1).pdf,71,drawing_only,low,cover/section/default page
test14_obp_spare_full_list,Test/Test 14/13k obp spare - full list rev 4 (2) (1) (1).pdf,72,drawing_only,low,cover/section/default page
test14_obp_spare_full_list,Test/Test 14/13k obp spare - full list rev 4 (2) (1) (1).pdf,73,drawing_only,low,cover/section/default page
test14_obp_spare_full_list,Test/Test 14/13k obp spare - full list rev 4 (2) (1) (1).pdf,74,drawing_only,low,cover/section/default page
test14_obp_spare_full_list,Test/Test 14/13k obp spare - full list rev 4 (2) (1) (1).pdf,75,drawing_only,low,cover/section/default page
test14_obp_spare_full_list,Test/Test 14/13k obp spare - full list rev 4 (2) (1) (1).pdf,76,drawing_only,low,cover/section/default page
test14_obp_spare_full_list,Test/Test 14/13k obp spare - full list rev 4 (2) (1) (1).pdf,77,drawing_only,low,cover/section/default page
test14_obp_spare_full_list,Test/Test 14/13k obp spare - full list rev 4 (2) (1) (1).pdf,78,drawing_only,low,cover/section/default page
test14_obp_spare_full_list,Test/Test 14/13k obp spare - full list rev 4 (2) (1) (1).pdf,79,drawing_only,low,cover/section/default page
test14_obp_spare_full_list,Test/Test 14/13k obp spare - full list rev 4 (2) (1) (1).pdf,80,drawing_only,low,cover/section/default page
test14_obp_spare_full_list,Test/Test 14/13k obp spare - full list rev 4 (2) (1) (1).pdf,81,drawing_only,low,cover/section/default page
test14_obp_spare_full_list,Test/Test 14/13k obp spare - full list rev 4 (2) (1) (1).pdf,82,drawing_only,low,cover/section/default page
test14_obp_spare_full_list,Test/Test 14/13k obp spare - full list rev 4 (2) (1) (1).pdf,83,drawing_only,low,cover/section/default page
test14_obp_spare_full_list,Test/Test 14/13k obp spare - full list rev 4 (2) (1) (1).pdf,84,repair_kit,high,known-good OBP spare/kit output rows
test14_obp_spare_full_list,Test/Test 14/13k obp spare - full list rev 4 (2) (1) (1).pdf,85,drawing_only,low,cover/section/default page
test14_obp_spare_full_list,Test/Test 14/13k obp spare - full list rev 4 (2) (1) (1).pdf,86,repair_kit,high,known-good OBP spare/kit output rows
test14_obp_spare_full_list,Test/Test 14/13k obp spare - full list rev 4 (2) (1) (1).pdf,87,drawing_only,low,cover/section/default page
test14_obp_spare_full_list,Test/Test 14/13k obp spare - full list rev 4 (2) (1) (1).pdf,88,repair_kit,high,known-good OBP spare/kit output rows
test14_obp_spare_full_list,Test/Test 14/13k obp spare - full list rev 4 (2) (1) (1).pdf,89,drawing_only,low,cover/section/default page
test14_obp_spare_full_list,Test/Test 14/13k obp spare - full list rev 4 (2) (1) (1).pdf,90,repair_kit,high,known-good OBP spare/kit output rows
test14_obp_spare_full_list,Test/Test 14/13k obp spare - full list rev 4 (2) (1) (1).pdf,91,drawing_only,low,cover/section/default page
test14_obp_spare_full_list,Test/Test 14/13k obp spare - full list rev 4 (2) (1) (1).pdf,92,repair_kit,high,known-good OBP spare/kit output rows
test14_obp_spare_full_list,Test/Test 14/13k obp spare - full list rev 4 (2) (1) (1).pdf,93,drawing_only,low,cover/section/default page
test14_obp_spare_full_list,Test/Test 14/13k obp spare - full list rev 4 (2) (1) (1).pdf,94,repair_kit,high,known-good OBP spare/kit output rows
test14_obp_spare_full_list,Test/Test 14/13k obp spare - full list rev 4 (2) (1) (1).pdf,95,drawing_only,low,cover/section/default page
test14_obp_spare_full_list,Test/Test 14/13k obp spare - full list rev 4 (2) (1) (1).pdf,96,repair_kit,high,known-good OBP spare/kit output rows
test14_obp_spare_full_list,Test/Test 14/13k obp spare - full list rev 4 (2) (1) (1).pdf,97,drawing_only,low,cover/section/default page
test14_obp_spare_full_list,Test/Test 14/13k obp spare - full list rev 4 (2) (1) (1).pdf,98,repair_kit,high,known-good OBP spare/kit output rows
test14_obp_spare_full_list,Test/Test 14/13k obp spare - full list rev 4 (2) (1) (1).pdf,99,drawing_only,low,cover/section/default page
test14_obp_spare_full_list,Test/Test 14/13k obp spare - full list rev 4 (2) (1) (1).pdf,100,repair_kit,high,known-good OBP spare/kit output rows
test14_obp_spare_full_list,Test/Test 14/13k obp spare - full list rev 4 (2) (1) (1).pdf,101,drawing_only,low,cover/section/default page
test14_obp_spare_full_list,Test/Test 14/13k obp spare - full list rev 4 (2) (1) (1).pdf,102,repair_kit,high,known-good OBP spare/kit output rows
test14_obp_spare_full_list,Test/Test 14/13k obp spare - full list rev 4 (2) (1) (1).pdf,103,drawing_only,low,cover/section/default page
test14_obp_spare_full_list,Test/Test 14/13k obp spare - full list rev 4 (2) (1) (1).pdf,104,repair_kit,high,known-good OBP spare/kit output rows
test14_obp_spare_full_list,Test/Test 14/13k obp spare - full list rev 4 (2) (1) (1).pdf,105,drawing_only,low,cover/section/default page
test14_obp_spare_full_list,Test/Test 14/13k obp spare - full list rev 4 (2) (1) (1).pdf,106,repair_kit,high,known-good OBP spare/kit output rows
test14_obp_spare_full_list,Test/Test 14/13k obp spare - full list rev 4 (2) (1) (1).pdf,107,drawing_only,low,cover/section/default page
test14_obp_spare_full_list,Test/Test 14/13k obp spare - full list rev 4 (2) (1) (1).pdf,108,repair_kit,high,known-good OBP spare/kit output rows
test14_obp_spare_full_list,Test/Test 14/13k obp spare - full list rev 4 (2) (1) (1).pdf,109,repair_kit,high,known-good OBP spare/kit output rows
test14_obp_spare_full_list,Test/Test 14/13k obp spare - full list rev 4 (2) (1) (1).pdf,110,repair_kit,high,known-good OBP spare/kit output rows
test14_obp_spare_full_list,Test/Test 14/13k obp spare - full list rev 4 (2) (1) (1).pdf,111,repair_kit,high,known-good OBP spare/kit output rows
test14_obp_spare_full_list,Test/Test 14/13k obp spare - full list rev 4 (2) (1) (1).pdf,112,repair_kit,high,known-good OBP spare/kit output rows
test14_obp_spare_full_list,Test/Test 14/13k obp spare - full list rev 4 (2) (1) (1).pdf,113,repair_kit,high,known-good OBP spare/kit output rows
test14_obp_spare_full_list,Test/Test 14/13k obp spare - full list rev 4 (2) (1) (1).pdf,114,drawing_only,low,cover/section/default page
test14_obp_spare_full_list,Test/Test 14/13k obp spare - full list rev 4 (2) (1) (1).pdf,115,repair_kit,high,known-good OBP spare/kit output rows
test14_obp_spare_full_list,Test/Test 14/13k obp spare - full list rev 4 (2) (1) (1).pdf,116,repair_kit,high,known-good OBP spare/kit output rows
test14_obp_spare_full_list,Test/Test 14/13k obp spare - full list rev 4 (2) (1) (1).pdf,117,repair_kit,high,known-good OBP spare/kit output rows
test14_obp_spare_full_list,Test/Test 14/13k obp spare - full list rev 4 (2) (1) (1).pdf,118,repair_kit,high,known-good OBP spare/kit output rows
test14_obp_spare_full_list,Test/Test 14/13k obp spare - full list rev 4 (2) (1) (1).pdf,119,repair_kit,high,known-good OBP spare/kit output rows
test14_obp_spare_full_list,Test/Test 14/13k obp spare - full list rev 4 (2) (1) (1).pdf,120,repair_kit,high,known-good OBP spare/kit output rows
test14_obp_spare_full_list,Test/Test 14/13k obp spare - full list rev 4 (2) (1) (1).pdf,121,repair_kit,high,known-good OBP spare/kit output rows
test14_obp_spare_full_list,Test/Test 14/13k obp spare - full list rev 4 (2) (1) (1).pdf,122,drawing_only,low,cover/section/default page
test14_obp_spare_full_list,Test/Test 14/13k obp spare - full list rev 4 (2) (1) (1).pdf,123,repair_kit,high,known-good OBP spare/kit output rows
test14_obp_spare_full_list,Test/Test 14/13k obp spare - full list rev 4 (2) (1) (1).pdf,124,drawing_only,low,cover/section/default page
test14_obp_spare_full_list,Test/Test 14/13k obp spare - full list rev 4 (2) (1) (1).pdf,125,repair_kit,high,known-good OBP spare/kit output rows
test14_obp_spare_full_list,Test/Test 14/13k obp spare - full list rev 4 (2) (1) (1).pdf,126,drawing_only,low,cover/section/default page
test14_obp_spare_full_list,Test/Test 14/13k obp spare - full list rev 4 (2) (1) (1).pdf,127,repair_kit,high,known-good OBP spare/kit output rows
test14_obp_spare_full_list,Test/Test 14/13k obp spare - full list rev 4 (2) (1) (1).pdf,128,drawing_only,low,cover/section/default page
test14_obp_spare_full_list,Test/Test 14/13k obp spare - full list rev 4 (2) (1) (1).pdf,129,repair_kit,high,known-good OBP spare/kit output rows
test14_obp_spare_full_list,Test/Test 14/13k obp spare - full list rev 4 (2) (1) (1).pdf,130,drawing_only,low,cover/section/default page
test14_obp_spare_full_list,Test/Test 14/13k obp spare - full list rev 4 (2) (1) (1).pdf,131,repair_kit,high,known-good OBP spare/kit output rows
test14_obp_spare_full_list,Test/Test 14/13k obp spare - full list rev 4 (2) (1) (1).pdf,132,drawing_only,low,cover/section/default page
test14_obp_spare_full_list,Test/Test 14/13k obp spare - full list rev 4 (2) (1) (1).pdf,133,drawing_only,low,cover/section/default page
test14_obp_spare_full_list,Test/Test 14/13k obp spare - full list rev 4 (2) (1) (1).pdf,134,repair_kit,high,known-good OBP spare/kit output rows
test14_obp_spare_full_list,Test/Test 14/13k obp spare - full list rev 4 (2) (1) (1).pdf,135,drawing_only,low,cover/section/default page
test14_obp_spare_full_list,Test/Test 14/13k obp spare - full list rev 4 (2) (1) (1).pdf,136,repair_kit,high,known-good OBP spare/kit output rows
test14_obp_spare_full_list,Test/Test 14/13k obp spare - full list rev 4 (2) (1) (1).pdf,137,drawing_only,low,cover/section/default page
test14_obp_spare_full_list,Test/Test 14/13k obp spare - full list rev 4 (2) (1) (1).pdf,138,repair_kit,high,known-good OBP spare/kit output rows
test14_obp_spare_full_list,Test/Test 14/13k obp spare - full list rev 4 (2) (1) (1).pdf,139,drawing_only,low,cover/section/default page
test14_obp_spare_full_list,Test/Test 14/13k obp spare - full list rev 4 (2) (1) (1).pdf,140,repair_kit,high,known-good OBP spare/kit output rows
test14_obp_spare_full_list,Test/Test 14/13k obp spare - full list rev 4 (2) (1) (1).pdf,141,drawing_only,low,cover/section/default page
test14_obp_spare_full_list,Test/Test 14/13k obp spare - full list rev 4 (2) (1) (1).pdf,142,repair_kit,high,known-good OBP spare/kit output rows
test14_obp_spare_full_list,Test/Test 14/13k obp spare - full list rev 4 (2) (1) (1).pdf,143,drawing_only,low,cover/section/default page
test14_obp_spare_full_list,Test/Test 14/13k obp spare - full list rev 4 (2) (1) (1).pdf,144,repair_kit,high,known-good OBP spare/kit output rows
test14_obp_spare_full_list,Test/Test 14/13k obp spare - full list rev 4 (2) (1) (1).pdf,145,drawing_only,low,cover/section/default page
test14_obp_spare_full_list,Test/Test 14/13k obp spare - full list rev 4 (2) (1) (1).pdf,146,repair_kit,high,known-good OBP spare/kit output rows
test14_obp_spare_full_list,Test/Test 14/13k obp spare - full list rev 4 (2) (1) (1).pdf,147,drawing_only,low,cover/section/default page
test14_obp_spare_full_list,Test/Test 14/13k obp spare - full list rev 4 (2) (1) (1).pdf,148,repair_kit,high,known-good OBP spare/kit output rows
test14_obp_spare_full_list,Test/Test 14/13k obp spare - full list rev 4 (2) (1) (1).pdf,149,drawing_only,low,cover/section/default page
test14_obp_spare_full_list,Test/Test 14/13k obp spare - full list rev 4 (2) (1) (1).pdf,150,repair_kit,high,known-good OBP spare/kit output rows
test14_obp_spare_full_list,Test/Test 14/13k obp spare - full list rev 4 (2) (1) (1).pdf,151,drawing_only,low,cover/section/default page
test14_obp_spare_full_list,Test/Test 14/13k obp spare - full list rev 4 (2) (1) (1).pdf,152,drawing_only,low,cover/section/default page
test14_obp_spare_full_list,Test/Test 14/13k obp spare - full list rev 4 (2) (1) (1).pdf,153,drawing_only,low,cover/section/default page
test14_obp_spare_full_list,Test/Test 14/13k obp spare - full list rev 4 (2) (1) (1).pdf,154,drawing_only,low,cover/section/default page
test14_obp_spare_full_list,Test/Test 14/13k obp spare - full list rev 4 (2) (1) (1).pdf,155,drawing_only,low,cover/section/default page
test15_hydraulic_winch,Test/Test 15/Extracted pages from Hydraulic winch.pdf,1,spare_parts_table,high,Hydrowega parts-list table page
test15_hydraulic_winch,Test/Test 15/Extracted pages from Hydraulic winch.pdf,2,drawing_material_list,high,Hydrowega drawing/material page
test15_hydraulic_winch,Test/Test 15/Extracted pages from Hydraulic winch.pdf,3,spare_parts_table,high,Hydrowega parts-list table page
test15_hydraulic_winch,Test/Test 15/Extracted pages from Hydraulic winch.pdf,4,spare_parts_table,high,Hydrowega parts-list table page
test15_hydraulic_winch,Test/Test 15/Extracted pages from Hydraulic winch.pdf,5,drawing_material_list,high,Hydrowega drawing/material page
test15_hydraulic_winch,Test/Test 15/Extracted pages from Hydraulic winch.pdf,6,spare_parts_table,high,Hydrowega parts-list table page
test15_hydraulic_winch,Test/Test 15/Extracted pages from Hydraulic winch.pdf,7,drawing_material_list,high,Hydrowega drawing/material page
test15_hydraulic_winch,Test/Test 15/Extracted pages from Hydraulic winch.pdf,8,spare_parts_table,high,Hydrowega parts-list table page
test15_hydraulic_winch,Test/Test 15/Extracted pages from Hydraulic winch.pdf,9,drawing_material_list,high,Hydrowega drawing/material page
test15_hydraulic_winch,Test/Test 15/Extracted pages from Hydraulic winch.pdf,10,spare_parts_table,high,Hydrowega parts-list table page
test15_hydraulic_winch,Test/Test 15/Extracted pages from Hydraulic winch.pdf,11,drawing_material_list,high,Hydrowega drawing/material page
test15_hydraulic_winch,Test/Test 15/Extracted pages from Hydraulic winch.pdf,12,spare_parts_table,high,Hydrowega parts-list table page
test15_hydraulic_winch,Test/Test 15/Extracted pages from Hydraulic winch.pdf,13,spare_parts_table,high,Hydrowega parts-list table page
test15_hydraulic_winch,Test/Test 15/Extracted pages from Hydraulic winch.pdf,14,drawing_material_list,high,Hydrowega drawing/material page
test15_hydraulic_winch,Test/Test 15/Extracted pages from Hydraulic winch.pdf,15,spare_parts_table,high,Hydrowega parts-list table page
test15_hydraulic_winch,Test/Test 15/Extracted pages from Hydraulic winch.pdf,16,drawing_material_list,high,Hydrowega drawing/material page
test15_hydraulic_winch,Test/Test 15/Extracted pages from Hydraulic winch.pdf,17,spare_parts_table,high,Hydrowega parts-list table page
test15_hydraulic_winch,Test/Test 15/Extracted pages from Hydraulic winch.pdf,18,spare_parts_table,high,Hydrowega parts-list table page
test15_hydraulic_winch,Test/Test 15/Extracted pages from Hydraulic winch.pdf,19,drawing_material_list,high,Hydrowega drawing/material page
test15_hydraulic_winch,Test/Test 15/Extracted pages from Hydraulic winch.pdf,20,drawing_material_list,high,Hydrowega drawing/material page
test15_hydraulic_winch,Test/Test 15/Extracted pages from Hydraulic winch.pdf,21,spare_parts_table,high,Hydrowega parts-list table page
test15_hydraulic_winch,Test/Test 15/Extracted pages from Hydraulic winch.pdf,22,drawing_material_list,high,Hydrowega drawing/material page
test15_hydraulic_winch,Test/Test 15/Extracted pages from Hydraulic winch.pdf,23,spare_parts_table,high,Hydrowega parts-list table page
test15_hydraulic_winch,Test/Test 15/Extracted pages from Hydraulic winch.pdf,24,drawing_material_list,high,Hydrowega drawing/material page
test15_hydraulic_winch,Test/Test 15/Extracted pages from Hydraulic winch.pdf,25,spare_parts_table,high,Hydrowega parts-list table page
test15_hydraulic_winch,Test/Test 15/Extracted pages from Hydraulic winch.pdf,26,drawing_material_list,high,Hydrowega drawing/material page
test15_hydraulic_winch,Test/Test 15/Extracted pages from Hydraulic winch.pdf,27,drawing_material_list,high,Hydrowega drawing/material page
test15_hydraulic_winch,Test/Test 15/Extracted pages from Hydraulic winch.pdf,28,spare_parts_table,high,Hydrowega parts-list table page
test15_hydraulic_winch,Test/Test 15/Extracted pages from Hydraulic winch.pdf,29,drawing_material_list,high,Hydrowega drawing/material page
test15_hydraulic_winch,Test/Test 15/Extracted pages from Hydraulic winch.pdf,30,spare_parts_table,high,Hydrowega parts-list table page
test15_hydraulic_winch,Test/Test 15/Extracted pages from Hydraulic winch.pdf,31,drawing_material_list,high,Hydrowega drawing/material page
test15_hydraulic_winch,Test/Test 15/Extracted pages from Hydraulic winch.pdf,32,spare_parts_table,high,Hydrowega parts-list table page
test15_hydraulic_winch,Test/Test 15/Extracted pages from Hydraulic winch.pdf,33,drawing_material_list,high,Hydrowega drawing/material page
test15_hydraulic_winch,Test/Test 15/Extracted pages from Hydraulic winch.pdf,34,spare_parts_table,high,Hydrowega parts-list table page
test15_hydraulic_winch,Test/Test 15/Extracted pages from Hydraulic winch.pdf,35,drawing_material_list,high,Hydrowega drawing/material page
test15_hydraulic_winch,Test/Test 15/Extracted pages from Hydraulic winch.pdf,36,spare_parts_table,high,Hydrowega parts-list table page
test15_hydraulic_winch,Test/Test 15/Extracted pages from Hydraulic winch.pdf,37,drawing_material_list,high,Hydrowega drawing/material page
test15_hydraulic_winch,Test/Test 15/Extracted pages from Hydraulic winch.pdf,38,spare_parts_table,high,Hydrowega parts-list table page
test15_hydraulic_winch,Test/Test 15/Extracted pages from Hydraulic winch.pdf,39,drawing_material_list,high,Hydrowega drawing/material page
test15_hydraulic_winch,Test/Test 15/Extracted pages from Hydraulic winch.pdf,40,spare_parts_table,high,Hydrowega parts-list table page
test15_hydraulic_winch,Test/Test 15/Extracted pages from Hydraulic winch.pdf,41,drawing_material_list,high,Hydrowega drawing/material page
test15_hydraulic_winch,Test/Test 15/Extracted pages from Hydraulic winch.pdf,42,spare_parts_table,high,Hydrowega parts-list table page
test15_hydraulic_winch,Test/Test 15/Extracted pages from Hydraulic winch.pdf,43,drawing_material_list,high,Hydrowega drawing/material page
test15_hydraulic_winch,Test/Test 15/Extracted pages from Hydraulic winch.pdf,44,spare_parts_table,high,Hydrowega parts-list table page
test15_hydraulic_winch,Test/Test 15/Extracted pages from Hydraulic winch.pdf,45,drawing_material_list,high,Hydrowega drawing/material page
test15_hydraulic_winch,Test/Test 15/Extracted pages from Hydraulic winch.pdf,46,spare_parts_table,high,Hydrowega parts-list table page
test15_hydraulic_winch,Test/Test 15/Extracted pages from Hydraulic winch.pdf,47,drawing_material_list,high,Hydrowega drawing/material page
test15_hydraulic_winch,Test/Test 15/Extracted pages from Hydraulic winch.pdf,48,spare_parts_table,high,Hydrowega parts-list table page
test15_hydraulic_winch,Test/Test 15/Extracted pages from Hydraulic winch.pdf,49,drawing_material_list,high,Hydrowega drawing/material page
test15_hydraulic_winch,Test/Test 15/Extracted pages from Hydraulic winch.pdf,50,spare_parts_table,high,Hydrowega parts-list table page
test15_hydraulic_winch,Test/Test 15/Extracted pages from Hydraulic winch.pdf,51,drawing_material_list,high,Hydrowega drawing/material page
test15_hydraulic_winch,Test/Test 15/Extracted pages from Hydraulic winch.pdf,52,spare_parts_table,high,Hydrowega parts-list table page
test16_carrier_5h_blowup_diagram,Test/Test 16/5H _blowUpDiagram (1).pdf,1,drawing_material_list,high,Carrier exploded drawing page
test16_carrier_5h_blowup_diagram,Test/Test 16/5H _blowUpDiagram (1).pdf,2,index_page,medium,Carrier chart/history/cross-reference page
test16_carrier_5h_blowup_diagram,Test/Test 16/5H _blowUpDiagram (1).pdf,3,index_page,medium,Carrier chart/history/cross-reference page
test16_carrier_5h_blowup_diagram,Test/Test 16/5H _blowUpDiagram (1).pdf,4,index_page,medium,Carrier chart/history/cross-reference page
test16_carrier_5h_blowup_diagram,Test/Test 16/5H _blowUpDiagram (1).pdf,5,index_page,medium,Carrier chart/history/cross-reference page
test16_carrier_5h_blowup_diagram,Test/Test 16/5H _blowUpDiagram (1).pdf,6,index_page,medium,Carrier chart/history/cross-reference page
test16_carrier_5h_blowup_diagram,Test/Test 16/5H _blowUpDiagram (1).pdf,7,index_page,medium,Carrier chart/history/cross-reference page
test16_carrier_5h_blowup_diagram,Test/Test 16/5H _blowUpDiagram (1).pdf,8,index_page,medium,Carrier chart/history/cross-reference page
test16_carrier_5h_blowup_diagram,Test/Test 16/5H _blowUpDiagram (1).pdf,9,index_page,medium,Carrier chart/history/cross-reference page
test16_carrier_5h_blowup_diagram,Test/Test 16/5H _blowUpDiagram (1).pdf,10,index_page,medium,Carrier chart/history/cross-reference page
test16_carrier_5h_blowup_diagram,Test/Test 16/5H _blowUpDiagram (1).pdf,11,index_page,medium,Carrier chart/history/cross-reference page
test16_carrier_5h_blowup_diagram,Test/Test 16/5H _blowUpDiagram (1).pdf,12,index_page,medium,Carrier chart/history/cross-reference page
test16_carrier_5h_blowup_diagram,Test/Test 16/5H _blowUpDiagram (1).pdf,13,index_page,medium,Carrier chart/history/cross-reference page
test16_carrier_5h_blowup_diagram,Test/Test 16/5H _blowUpDiagram (1).pdf,14,index_page,medium,Carrier chart/history/cross-reference page
test16_carrier_5h_blowup_diagram,Test/Test 16/5H _blowUpDiagram (1).pdf,15,index_page,medium,Carrier chart/history/cross-reference page
test16_carrier_5h_blowup_diagram,Test/Test 16/5H _blowUpDiagram (1).pdf,16,index_page,medium,Carrier chart/history/cross-reference page
test16_carrier_5h_blowup_diagram,Test/Test 16/5H _blowUpDiagram (1).pdf,17,drawing_material_list,high,Carrier exploded drawing page
test16_carrier_5h_blowup_diagram,Test/Test 16/5H _blowUpDiagram (1).pdf,18,index_page,medium,Carrier chart/history/cross-reference page
test16_carrier_5h_blowup_diagram,Test/Test 16/5H _blowUpDiagram (1).pdf,19,drawing_material_list,high,Carrier exploded drawing page
test16_carrier_5h_blowup_diagram,Test/Test 16/5H _blowUpDiagram (1).pdf,20,index_page,medium,Carrier chart/history/cross-reference page
test16_carrier_5h_blowup_diagram,Test/Test 16/5H _blowUpDiagram (1).pdf,21,index_page,medium,Carrier chart/history/cross-reference page
test16_carrier_5h_blowup_diagram,Test/Test 16/5H _blowUpDiagram (1).pdf,22,index_page,medium,Carrier chart/history/cross-reference page
test16_carrier_5h_blowup_diagram,Test/Test 16/5H _blowUpDiagram (1).pdf,23,index_page,medium,Carrier chart/history/cross-reference page
test16_carrier_5h_blowup_diagram,Test/Test 16/5H _blowUpDiagram (1).pdf,24,index_page,medium,Carrier chart/history/cross-reference page
test16_carrier_5h_blowup_diagram,Test/Test 16/5H _blowUpDiagram (1).pdf,25,index_page,medium,Carrier chart/history/cross-reference page
test16_carrier_5h_blowup_diagram,Test/Test 16/5H _blowUpDiagram (1).pdf,26,index_page,medium,Carrier chart/history/cross-reference page
test16_carrier_5h_blowup_diagram,Test/Test 16/5H _blowUpDiagram (1).pdf,27,index_page,medium,Carrier chart/history/cross-reference page
test16_carrier_5h_blowup_diagram,Test/Test 16/5H _blowUpDiagram (1).pdf,28,index_page,medium,Carrier chart/history/cross-reference page
test16_carrier_5h_blowup_diagram,Test/Test 16/5H _blowUpDiagram (1).pdf,29,index_page,medium,Carrier chart/history/cross-reference page
test16_carrier_5h_blowup_diagram,Test/Test 16/5H _blowUpDiagram (1).pdf,30,index_page,medium,Carrier chart/history/cross-reference page
test16_carrier_5h_blowup_diagram,Test/Test 16/5H _blowUpDiagram (1).pdf,31,index_page,medium,Carrier chart/history/cross-reference page
test16_carrier_5h_blowup_diagram,Test/Test 16/5H _blowUpDiagram (1).pdf,32,index_page,medium,Carrier chart/history/cross-reference page
test16_carrier_5h_blowup_diagram,Test/Test 16/5H _blowUpDiagram (1).pdf,33,index_page,medium,Carrier chart/history/cross-reference page
test16_carrier_5h_blowup_diagram,Test/Test 16/5H _blowUpDiagram (1).pdf,34,index_page,medium,Carrier chart/history/cross-reference page
test16_carrier_5h_blowup_diagram,Test/Test 16/5H _blowUpDiagram (1).pdf,35,index_page,medium,Carrier chart/history/cross-reference page
test16_carrier_5h_blowup_diagram,Test/Test 16/5H _blowUpDiagram (1).pdf,36,index_page,medium,Carrier chart/history/cross-reference page
test17_emergency_diesel_engine,Test/Test 17/Emergency diesel engine 1 1.pdf,1,drawing_only,medium,front/non-extraction pages
test17_emergency_diesel_engine,Test/Test 17/Emergency diesel engine 1 1.pdf,2,drawing_only,medium,front/non-extraction pages
test17_emergency_diesel_engine,Test/Test 17/Emergency diesel engine 1 1.pdf,3,drawing_only,medium,front/non-extraction pages
test17_emergency_diesel_engine,Test/Test 17/Emergency diesel engine 1 1.pdf,4,drawing_only,medium,front/non-extraction pages
test17_emergency_diesel_engine,Test/Test 17/Emergency diesel engine 1 1.pdf,5,drawing_only,medium,front/non-extraction pages
test17_emergency_diesel_engine,Test/Test 17/Emergency diesel engine 1 1.pdf,6,drawing_only,medium,front/non-extraction pages
test17_emergency_diesel_engine,Test/Test 17/Emergency diesel engine 1 1.pdf,7,drawing_only,medium,front/non-extraction pages
test17_emergency_diesel_engine,Test/Test 17/Emergency diesel engine 1 1.pdf,8,drawing_only,medium,front/non-extraction pages
test17_emergency_diesel_engine,Test/Test 17/Emergency diesel engine 1 1.pdf,9,drawing_material_list,high,emergency diesel drawing/material extraction range
test17_emergency_diesel_engine,Test/Test 17/Emergency diesel engine 1 1.pdf,10,drawing_material_list,high,emergency diesel drawing/material extraction range
test17_emergency_diesel_engine,Test/Test 17/Emergency diesel engine 1 1.pdf,11,drawing_material_list,high,emergency diesel drawing/material extraction range
test17_emergency_diesel_engine,Test/Test 17/Emergency diesel engine 1 1.pdf,12,drawing_material_list,high,emergency diesel drawing/material extraction range
test17_emergency_diesel_engine,Test/Test 17/Emergency diesel engine 1 1.pdf,13,drawing_material_list,high,emergency diesel drawing/material extraction range
test17_emergency_diesel_engine,Test/Test 17/Emergency diesel engine 1 1.pdf,14,drawing_material_list,high,emergency diesel drawing/material extraction range
test17_emergency_diesel_engine,Test/Test 17/Emergency diesel engine 1 1.pdf,15,drawing_material_list,high,emergency diesel drawing/material extraction range
test17_emergency_diesel_engine,Test/Test 17/Emergency diesel engine 1 1.pdf,16,drawing_material_list,high,emergency diesel drawing/material extraction range
test17_emergency_diesel_engine,Test/Test 17/Emergency diesel engine 1 1.pdf,17,drawing_material_list,high,emergency diesel drawing/material extraction range
test17_emergency_diesel_engine,Test/Test 17/Emergency diesel engine 1 1.pdf,18,drawing_material_list,high,emergency diesel drawing/material extraction range
test17_emergency_diesel_engine,Test/Test 17/Emergency diesel engine 1 1.pdf,19,drawing_material_list,high,emergency diesel drawing/material extraction range
test17_emergency_diesel_engine,Test/Test 17/Emergency diesel engine 1 1.pdf,20,drawing_material_list,high,emergency diesel drawing/material extraction range
test17_emergency_diesel_engine,Test/Test 17/Emergency diesel engine 1 1.pdf,21,drawing_material_list,high,emergency diesel drawing/material extraction range
test17_emergency_diesel_engine,Test/Test 17/Emergency diesel engine 1 1.pdf,22,drawing_material_list,high,emergency diesel drawing/material extraction range
test17_emergency_diesel_engine,Test/Test 17/Emergency diesel engine 1 1.pdf,23,drawing_material_list,high,emergency diesel drawing/material extraction range
test17_emergency_diesel_engine,Test/Test 17/Emergency diesel engine 1 1.pdf,24,drawing_material_list,high,emergency diesel drawing/material extraction range
test17_emergency_diesel_engine,Test/Test 17/Emergency diesel engine 1 1.pdf,25,drawing_material_list,high,emergency diesel drawing/material extraction range
test17_emergency_diesel_engine,Test/Test 17/Emergency diesel engine 1 1.pdf,26,drawing_material_list,high,emergency diesel drawing/material extraction range
test17_emergency_diesel_engine,Test/Test 17/Emergency diesel engine 1 1.pdf,27,drawing_material_list,high,emergency diesel drawing/material extraction range
test17_emergency_diesel_engine,Test/Test 17/Emergency diesel engine 1 1.pdf,28,drawing_material_list,high,emergency diesel drawing/material extraction range
test17_emergency_diesel_engine,Test/Test 17/Emergency diesel engine 1 1.pdf,29,drawing_material_list,high,emergency diesel drawing/material extraction range
test17_emergency_diesel_engine,Test/Test 17/Emergency diesel engine 1 1.pdf,30,drawing_material_list,high,emergency diesel drawing/material extraction range
test17_emergency_diesel_engine,Test/Test 17/Emergency diesel engine 1 1.pdf,31,drawing_material_list,high,emergency diesel drawing/material extraction range
test17_emergency_diesel_engine,Test/Test 17/Emergency diesel engine 1 1.pdf,32,drawing_material_list,high,emergency diesel drawing/material extraction range
test17_emergency_diesel_engine,Test/Test 17/Emergency diesel engine 1 1.pdf,33,drawing_material_list,high,emergency diesel drawing/material extraction range
test17_emergency_diesel_engine,Test/Test 17/Emergency diesel engine 1 1.pdf,34,drawing_material_list,high,emergency diesel drawing/material extraction range
test17_emergency_diesel_engine,Test/Test 17/Emergency diesel engine 1 1.pdf,35,drawing_material_list,high,emergency diesel drawing/material extraction range
test17_emergency_diesel_engine,Test/Test 17/Emergency diesel engine 1 1.pdf,36,drawing_material_list,high,emergency diesel drawing/material extraction range
test17_emergency_diesel_engine,Test/Test 17/Emergency diesel engine 1 1.pdf,37,drawing_material_list,high,emergency diesel drawing/material extraction range
test17_emergency_diesel_engine,Test/Test 17/Emergency diesel engine 1 1.pdf,38,drawing_material_list,high,emergency diesel drawing/material extraction range
test17_emergency_diesel_engine,Test/Test 17/Emergency diesel engine 1 1.pdf,39,drawing_material_list,high,emergency diesel drawing/material extraction range
test17_emergency_diesel_engine,Test/Test 17/Emergency diesel engine 1 1.pdf,40,drawing_material_list,high,emergency diesel drawing/material extraction range
test17_emergency_diesel_engine,Test/Test 17/Emergency diesel engine 1 1.pdf,41,drawing_material_list,high,emergency diesel drawing/material extraction range
test17_emergency_diesel_engine,Test/Test 17/Emergency diesel engine 1 1.pdf,42,drawing_material_list,high,emergency diesel drawing/material extraction range
test17_emergency_diesel_engine,Test/Test 17/Emergency diesel engine 1 1.pdf,43,drawing_material_list,high,emergency diesel drawing/material extraction range
test17_emergency_diesel_engine,Test/Test 17/Emergency diesel engine 1 1.pdf,44,drawing_material_list,high,emergency diesel drawing/material extraction range
test17_emergency_diesel_engine,Test/Test 17/Emergency diesel engine 1 1.pdf,45,drawing_material_list,high,emergency diesel drawing/material extraction range
test17_emergency_diesel_engine,Test/Test 17/Emergency diesel engine 1 1.pdf,46,drawing_material_list,high,emergency diesel drawing/material extraction range
test17_emergency_diesel_engine,Test/Test 17/Emergency diesel engine 1 1.pdf,47,drawing_material_list,high,emergency diesel drawing/material extraction range
test17_emergency_diesel_engine,Test/Test 17/Emergency diesel engine 1 1.pdf,48,drawing_material_list,high,emergency diesel drawing/material extraction range
test17_emergency_diesel_engine,Test/Test 17/Emergency diesel engine 1 1.pdf,49,drawing_material_list,high,emergency diesel drawing/material extraction range
test17_emergency_diesel_engine,Test/Test 17/Emergency diesel engine 1 1.pdf,50,drawing_material_list,high,emergency diesel drawing/material extraction range
test17_emergency_diesel_engine,Test/Test 17/Emergency diesel engine 1 1.pdf,51,drawing_material_list,high,emergency diesel drawing/material extraction range
test17_emergency_diesel_engine,Test/Test 17/Emergency diesel engine 1 1.pdf,52,drawing_material_list,high,emergency diesel drawing/material extraction range
test17_emergency_diesel_engine,Test/Test 17/Emergency diesel engine 1 1.pdf,53,drawing_material_list,high,emergency diesel drawing/material extraction range
test17_emergency_diesel_engine,Test/Test 17/Emergency diesel engine 1 1.pdf,54,drawing_material_list,high,emergency diesel drawing/material extraction range
test17_emergency_diesel_engine,Test/Test 17/Emergency diesel engine 1 1.pdf,55,drawing_material_list,high,emergency diesel drawing/material extraction range
test17_emergency_diesel_engine,Test/Test 17/Emergency diesel engine 1 1.pdf,56,drawing_material_list,high,emergency diesel drawing/material extraction range
test17_emergency_diesel_engine,Test/Test 17/Emergency diesel engine 1 1.pdf,57,drawing_material_list,high,emergency diesel drawing/material extraction range
test17_emergency_diesel_engine,Test/Test 17/Emergency diesel engine 1 1.pdf,58,drawing_material_list,high,emergency diesel drawing/material extraction range
test17_emergency_diesel_engine,Test/Test 17/Emergency diesel engine 1 1.pdf,59,drawing_material_list,high,emergency diesel drawing/material extraction range
test17_emergency_diesel_engine,Test/Test 17/Emergency diesel engine 1 1.pdf,60,drawing_material_list,high,emergency diesel drawing/material extraction range
test17_emergency_diesel_engine,Test/Test 17/Emergency diesel engine 1 1.pdf,61,drawing_material_list,high,emergency diesel drawing/material extraction range
test17_emergency_diesel_engine,Test/Test 17/Emergency diesel engine 1 1.pdf,62,drawing_material_list,high,emergency diesel drawing/material extraction range
test17_emergency_diesel_engine,Test/Test 17/Emergency diesel engine 1 1.pdf,63,drawing_material_list,high,emergency diesel drawing/material extraction range
test17_emergency_diesel_engine,Test/Test 17/Emergency diesel engine 1 1.pdf,64,drawing_material_list,high,emergency diesel drawing/material extraction range
test17_emergency_diesel_engine,Test/Test 17/Emergency diesel engine 1 1.pdf,65,drawing_material_list,high,emergency diesel drawing/material extraction range
test17_emergency_diesel_engine,Test/Test 17/Emergency diesel engine 1 1.pdf,66,drawing_material_list,high,emergency diesel drawing/material extraction range
test17_emergency_diesel_engine,Test/Test 17/Emergency diesel engine 1 1.pdf,67,drawing_material_list,high,emergency diesel drawing/material extraction range
test17_emergency_diesel_engine,Test/Test 17/Emergency diesel engine 1 1.pdf,68,drawing_material_list,high,emergency diesel drawing/material extraction range
test17_emergency_diesel_engine,Test/Test 17/Emergency diesel engine 1 1.pdf,69,drawing_material_list,high,emergency diesel drawing/material extraction range
test17_emergency_diesel_engine,Test/Test 17/Emergency diesel engine 1 1.pdf,70,drawing_material_list,high,emergency diesel drawing/material extraction range
test17_emergency_diesel_engine,Test/Test 17/Emergency diesel engine 1 1.pdf,71,drawing_material_list,high,emergency diesel drawing/material extraction range
test17_emergency_diesel_engine,Test/Test 17/Emergency diesel engine 1 1.pdf,72,drawing_material_list,high,emergency diesel drawing/material extraction range
test17_emergency_diesel_engine,Test/Test 17/Emergency diesel engine 1 1.pdf,73,drawing_material_list,high,emergency diesel drawing/material extraction range
test17_emergency_diesel_engine,Test/Test 17/Emergency diesel engine 1 1.pdf,74,drawing_material_list,high,emergency diesel drawing/material extraction range
test17_emergency_diesel_engine,Test/Test 17/Emergency diesel engine 1 1.pdf,75,drawing_material_list,high,emergency diesel drawing/material extraction range
test17_emergency_diesel_engine,Test/Test 17/Emergency diesel engine 1 1.pdf,76,drawing_material_list,high,emergency diesel drawing/material extraction range
test17_emergency_diesel_engine,Test/Test 17/Emergency diesel engine 1 1.pdf,77,drawing_material_list,high,emergency diesel drawing/material extraction range
test17_emergency_diesel_engine,Test/Test 17/Emergency diesel engine 1 1.pdf,78,drawing_material_list,high,emergency diesel drawing/material extraction range
test17_emergency_diesel_engine,Test/Test 17/Emergency diesel engine 1 1.pdf,79,drawing_material_list,high,emergency diesel drawing/material extraction range
test17_emergency_diesel_engine,Test/Test 17/Emergency diesel engine 1 1.pdf,80,drawing_material_list,high,emergency diesel drawing/material extraction range
test17_emergency_diesel_engine,Test/Test 17/Emergency diesel engine 1 1.pdf,81,drawing_material_list,high,emergency diesel drawing/material extraction range
test17_emergency_diesel_engine,Test/Test 17/Emergency diesel engine 1 1.pdf,82,drawing_material_list,high,emergency diesel drawing/material extraction range
test17_emergency_diesel_engine,Test/Test 17/Emergency diesel engine 1 1.pdf,83,drawing_material_list,high,emergency diesel drawing/material extraction range
test17_emergency_diesel_engine,Test/Test 17/Emergency diesel engine 1 1.pdf,84,drawing_material_list,high,emergency diesel drawing/material extraction range
test17_emergency_diesel_engine,Test/Test 17/Emergency diesel engine 1 1.pdf,85,drawing_material_list,high,emergency diesel drawing/material extraction range
test17_emergency_diesel_engine,Test/Test 17/Emergency diesel engine 1 1.pdf,86,drawing_material_list,high,emergency diesel drawing/material extraction range
test17_emergency_diesel_engine,Test/Test 17/Emergency diesel engine 1 1.pdf,87,drawing_material_list,high,emergency diesel drawing/material extraction range
test17_emergency_diesel_engine,Test/Test 17/Emergency diesel engine 1 1.pdf,88,drawing_material_list,high,emergency diesel drawing/material extraction range
test17_emergency_diesel_engine,Test/Test 17/Emergency diesel engine 1 1.pdf,89,drawing_material_list,high,emergency diesel drawing/material extraction range
test17_emergency_diesel_engine,Test/Test 17/Emergency diesel engine 1 1.pdf,90,drawing_material_list,high,emergency diesel drawing/material extraction range
test17_emergency_diesel_engine,Test/Test 17/Emergency diesel engine 1 1.pdf,91,drawing_material_list,high,emergency diesel drawing/material extraction range
test17_emergency_diesel_engine,Test/Test 17/Emergency diesel engine 1 1.pdf,92,drawing_material_list,high,emergency diesel drawing/material extraction range
test17_emergency_diesel_engine,Test/Test 17/Emergency diesel engine 1 1.pdf,93,drawing_material_list,high,emergency diesel drawing/material extraction range
test17_emergency_diesel_engine,Test/Test 17/Emergency diesel engine 1 1.pdf,94,drawing_material_list,high,emergency diesel drawing/material extraction range
test17_emergency_diesel_engine,Test/Test 17/Emergency diesel engine 1 1.pdf,95,drawing_material_list,high,emergency diesel drawing/material extraction range
test17_emergency_diesel_engine,Test/Test 17/Emergency diesel engine 1 1.pdf,96,drawing_material_list,high,emergency diesel drawing/material extraction range
test17_emergency_diesel_engine,Test/Test 17/Emergency diesel engine 1 1.pdf,97,drawing_material_list,high,emergency diesel drawing/material extraction range
test17_emergency_diesel_engine,Test/Test 17/Emergency diesel engine 1 1.pdf,98,drawing_material_list,high,emergency diesel drawing/material extraction range
test17_emergency_diesel_engine,Test/Test 17/Emergency diesel engine 1 1.pdf,99,drawing_material_list,high,emergency diesel drawing/material extraction range
test17_emergency_diesel_engine,Test/Test 17/Emergency diesel engine 1 1.pdf,100,drawing_material_list,high,emergency diesel drawing/material extraction range
test17_emergency_diesel_engine,Test/Test 17/Emergency diesel engine 1 1.pdf,101,drawing_material_list,high,emergency diesel drawing/material extraction range
test17_emergency_diesel_engine,Test/Test 17/Emergency diesel engine 1 1.pdf,102,drawing_material_list,high,emergency diesel drawing/material extraction range
test17_emergency_diesel_engine,Test/Test 17/Emergency diesel engine 1 1.pdf,103,drawing_material_list,high,emergency diesel drawing/material extraction range
test17_emergency_diesel_engine,Test/Test 17/Emergency diesel engine 1 1.pdf,104,drawing_material_list,high,emergency diesel drawing/material extraction range
test17_emergency_diesel_engine,Test/Test 17/Emergency diesel engine 1 1.pdf,105,drawing_material_list,high,emergency diesel drawing/material extraction range
test17_emergency_diesel_engine,Test/Test 17/Emergency diesel engine 1 1.pdf,106,drawing_material_list,high,emergency diesel drawing/material extraction range
test17_emergency_diesel_engine,Test/Test 17/Emergency diesel engine 1 1.pdf,107,drawing_material_list,high,emergency diesel drawing/material extraction range
test17_emergency_diesel_engine,Test/Test 17/Emergency diesel engine 1 1.pdf,108,drawing_material_list,high,emergency diesel drawing/material extraction range
test17_emergency_diesel_engine,Test/Test 17/Emergency diesel engine 1 1.pdf,109,drawing_material_list,high,emergency diesel drawing/material extraction range
test17_emergency_diesel_engine,Test/Test 17/Emergency diesel engine 1 1.pdf,110,drawing_material_list,high,emergency diesel drawing/material extraction range
test17_emergency_diesel_engine,Test/Test 17/Emergency diesel engine 1 1.pdf,111,drawing_material_list,high,emergency diesel drawing/material extraction range
test17_emergency_diesel_engine,Test/Test 17/Emergency diesel engine 1 1.pdf,112,drawing_material_list,high,emergency diesel drawing/material extraction range
test17_emergency_diesel_engine,Test/Test 17/Emergency diesel engine 1 1.pdf,113,drawing_material_list,high,emergency diesel drawing/material extraction range
test17_emergency_diesel_engine,Test/Test 17/Emergency diesel engine 1 1.pdf,114,drawing_material_list,high,emergency diesel drawing/material extraction range
test17_emergency_diesel_engine,Test/Test 17/Emergency diesel engine 1 1.pdf,115,drawing_material_list,high,emergency diesel drawing/material extraction range
test17_emergency_diesel_engine,Test/Test 17/Emergency diesel engine 1 1.pdf,116,drawing_material_list,high,emergency diesel drawing/material extraction range
test17_emergency_diesel_engine,Test/Test 17/Emergency diesel engine 1 1.pdf,117,drawing_material_list,high,emergency diesel drawing/material extraction range
test17_emergency_diesel_engine,Test/Test 17/Emergency diesel engine 1 1.pdf,118,drawing_material_list,high,emergency diesel drawing/material extraction range
test17_emergency_diesel_engine,Test/Test 17/Emergency diesel engine 1 1.pdf,119,drawing_material_list,high,emergency diesel drawing/material extraction range
test17_emergency_diesel_engine,Test/Test 17/Emergency diesel engine 1 1.pdf,120,drawing_material_list,high,emergency diesel drawing/material extraction range
test17_emergency_diesel_engine,Test/Test 17/Emergency diesel engine 1 1.pdf,121,drawing_material_list,high,emergency diesel drawing/material extraction range
test17_emergency_diesel_engine,Test/Test 17/Emergency diesel engine 1 1.pdf,122,drawing_material_list,high,emergency diesel drawing/material extraction range
test17_emergency_diesel_engine,Test/Test 17/Emergency diesel engine 1 1.pdf,123,drawing_material_list,high,emergency diesel drawing/material extraction range
test17_emergency_diesel_engine,Test/Test 17/Emergency diesel engine 1 1.pdf,124,drawing_material_list,high,emergency diesel drawing/material extraction range
test17_emergency_diesel_engine,Test/Test 17/Emergency diesel engine 1 1.pdf,125,drawing_material_list,high,emergency diesel drawing/material extraction range
test17_emergency_diesel_engine,Test/Test 17/Emergency diesel engine 1 1.pdf,126,drawing_material_list,high,emergency diesel drawing/material extraction range
test17_emergency_diesel_engine,Test/Test 17/Emergency diesel engine 1 1.pdf,127,drawing_material_list,high,emergency diesel drawing/material extraction range
test17_emergency_diesel_engine,Test/Test 17/Emergency diesel engine 1 1.pdf,128,drawing_material_list,high,emergency diesel drawing/material extraction range
test17_emergency_diesel_engine,Test/Test 17/Emergency diesel engine 1 1.pdf,129,drawing_material_list,high,emergency diesel drawing/material extraction range
test17_emergency_diesel_engine,Test/Test 17/Emergency diesel engine 1 1.pdf,130,drawing_material_list,high,emergency diesel drawing/material extraction range
test17_emergency_diesel_engine,Test/Test 17/Emergency diesel engine 1 1.pdf,131,drawing_material_list,high,emergency diesel drawing/material extraction range
test17_emergency_diesel_engine,Test/Test 17/Emergency diesel engine 1 1.pdf,132,drawing_material_list,high,emergency diesel drawing/material extraction range
test17_emergency_diesel_engine,Test/Test 17/Emergency diesel engine 1 1.pdf,133,drawing_material_list,high,emergency diesel drawing/material extraction range
test17_emergency_diesel_engine,Test/Test 17/Emergency diesel engine 1 1.pdf,134,drawing_material_list,high,emergency diesel drawing/material extraction range
test17_emergency_diesel_engine,Test/Test 17/Emergency diesel engine 1 1.pdf,135,drawing_material_list,high,emergency diesel drawing/material extraction range
test17_emergency_diesel_engine,Test/Test 17/Emergency diesel engine 1 1.pdf,136,drawing_material_list,high,emergency diesel drawing/material extraction range
test17_emergency_diesel_engine,Test/Test 17/Emergency diesel engine 1 1.pdf,137,drawing_material_list,high,emergency diesel drawing/material extraction range
test17_emergency_diesel_engine,Test/Test 17/Emergency diesel engine 1 1.pdf,138,drawing_material_list,high,emergency diesel drawing/material extraction range
test17_emergency_diesel_engine,Test/Test 17/Emergency diesel engine 1 1.pdf,139,drawing_material_list,high,emergency diesel drawing/material extraction range
test17_emergency_diesel_engine,Test/Test 17/Emergency diesel engine 1 1.pdf,140,drawing_material_list,high,emergency diesel drawing/material extraction range
test17_emergency_diesel_engine,Test/Test 17/Emergency diesel engine 1 1.pdf,141,drawing_material_list,high,emergency diesel drawing/material extraction range
test17_emergency_diesel_engine,Test/Test 17/Emergency diesel engine 1 1.pdf,142,drawing_material_list,high,emergency diesel drawing/material extraction range
test17_emergency_diesel_engine,Test/Test 17/Emergency diesel engine 1 1.pdf,143,drawing_material_list,high,emergency diesel drawing/material extraction range
test17_emergency_diesel_engine,Test/Test 17/Emergency diesel engine 1 1.pdf,144,drawing_material_list,high,emergency diesel drawing/material extraction range
test17_emergency_diesel_engine,Test/Test 17/Emergency diesel engine 1 1.pdf,145,drawing_material_list,high,emergency diesel drawing/material extraction range
test17_emergency_diesel_engine,Test/Test 17/Emergency diesel engine 1 1.pdf,146,drawing_material_list,high,emergency diesel drawing/material extraction range
test17_emergency_diesel_engine,Test/Test 17/Emergency diesel engine 1 1.pdf,147,drawing_material_list,high,emergency diesel drawing/material extraction range
test17_emergency_diesel_engine,Test/Test 17/Emergency diesel engine 1 1.pdf,148,drawing_material_list,high,emergency diesel drawing/material extraction range
test17_emergency_diesel_engine,Test/Test 17/Emergency diesel engine 1 1.pdf,149,drawing_material_list,high,emergency diesel drawing/material extraction range
test17_emergency_diesel_engine,Test/Test 17/Emergency diesel engine 1 1.pdf,150,drawing_material_list,high,emergency diesel drawing/material extraction range
test17_emergency_diesel_engine,Test/Test 17/Emergency diesel engine 1 1.pdf,151,drawing_material_list,high,emergency diesel drawing/material extraction range
test17_emergency_diesel_engine,Test/Test 17/Emergency diesel engine 1 1.pdf,152,drawing_material_list,high,emergency diesel drawing/material extraction range
test17_emergency_diesel_engine,Test/Test 17/Emergency diesel engine 1 1.pdf,153,drawing_material_list,high,emergency diesel drawing/material extraction range
test17_emergency_diesel_engine,Test/Test 17/Emergency diesel engine 1 1.pdf,154,drawing_material_list,high,emergency diesel drawing/material extraction range
test17_emergency_diesel_engine,Test/Test 17/Emergency diesel engine 1 1.pdf,155,drawing_material_list,high,emergency diesel drawing/material extraction range
test17_emergency_diesel_engine,Test/Test 17/Emergency diesel engine 1 1.pdf,156,drawing_material_list,high,emergency diesel drawing/material extraction range
test17_emergency_diesel_engine,Test/Test 17/Emergency diesel engine 1 1.pdf,157,drawing_material_list,high,emergency diesel drawing/material extraction range
test17_emergency_diesel_engine,Test/Test 17/Emergency diesel engine 1 1.pdf,158,drawing_material_list,high,emergency diesel drawing/material extraction range
test17_emergency_diesel_engine,Test/Test 17/Emergency diesel engine 1 1.pdf,159,drawing_material_list,high,emergency diesel drawing/material extraction range
test17_emergency_diesel_engine,Test/Test 17/Emergency diesel engine 1 1.pdf,160,drawing_material_list,high,emergency diesel drawing/material extraction range
test17_emergency_diesel_engine,Test/Test 17/Emergency diesel engine 1 1.pdf,161,drawing_material_list,high,emergency diesel drawing/material extraction range
test17_emergency_diesel_engine,Test/Test 17/Emergency diesel engine 1 1.pdf,162,drawing_material_list,high,emergency diesel drawing/material extraction range
test17_emergency_diesel_engine,Test/Test 17/Emergency diesel engine 1 1.pdf,163,drawing_material_list,high,emergency diesel drawing/material extraction range
test17_emergency_diesel_engine,Test/Test 17/Emergency diesel engine 1 1.pdf,164,drawing_material_list,high,emergency diesel drawing/material extraction range
test17_emergency_diesel_engine,Test/Test 17/Emergency diesel engine 1 1.pdf,165,drawing_material_list,high,emergency diesel drawing/material extraction range
test17_emergency_diesel_engine,Test/Test 17/Emergency diesel engine 1 1.pdf,166,drawing_material_list,high,emergency diesel drawing/material extraction range
test17_emergency_diesel_engine,Test/Test 17/Emergency diesel engine 1 1.pdf,167,drawing_material_list,high,emergency diesel drawing/material extraction range
test17_emergency_diesel_engine,Test/Test 17/Emergency diesel engine 1 1.pdf,168,drawing_material_list,high,emergency diesel drawing/material extraction range
test17_emergency_diesel_engine,Test/Test 17/Emergency diesel engine 1 1.pdf,169,drawing_material_list,high,emergency diesel drawing/material extraction range
test17_emergency_diesel_engine,Test/Test 17/Emergency diesel engine 1 1.pdf,170,drawing_material_list,high,emergency diesel drawing/material extraction range
test17_emergency_diesel_engine,Test/Test 17/Emergency diesel engine 1 1.pdf,171,drawing_material_list,high,emergency diesel drawing/material extraction range
test17_emergency_diesel_engine,Test/Test 17/Emergency diesel engine 1 1.pdf,172,drawing_material_list,high,emergency diesel drawing/material extraction range
test17_emergency_diesel_engine,Test/Test 17/Emergency diesel engine 1 1.pdf,173,drawing_material_list,high,emergency diesel drawing/material extraction range
test17_emergency_diesel_engine,Test/Test 17/Emergency diesel engine 1 1.pdf,174,drawing_material_list,high,emergency diesel drawing/material extraction range
test17_emergency_diesel_engine,Test/Test 17/Emergency diesel engine 1 1.pdf,175,drawing_material_list,high,emergency diesel drawing/material extraction range
test17_emergency_diesel_engine,Test/Test 17/Emergency diesel engine 1 1.pdf,176,drawing_material_list,high,emergency diesel drawing/material extraction range
test17_emergency_diesel_engine,Test/Test 17/Emergency diesel engine 1 1.pdf,177,drawing_material_list,high,emergency diesel drawing/material extraction range
test17_emergency_diesel_engine,Test/Test 17/Emergency diesel engine 1 1.pdf,178,drawing_material_list,high,emergency diesel drawing/material extraction range
test17_emergency_diesel_engine,Test/Test 17/Emergency diesel engine 1 1.pdf,179,drawing_material_list,high,emergency diesel drawing/material extraction range
test17_emergency_diesel_engine,Test/Test 17/Emergency diesel engine 1 1.pdf,180,drawing_material_list,high,emergency diesel drawing/material extraction range
test17_emergency_diesel_engine,Test/Test 17/Emergency diesel engine 1 1.pdf,181,drawing_material_list,high,emergency diesel drawing/material extraction range
test18_main_engine_accessories,Test/Test 18/Extracted pages from Main engine assessories (1).pdf,1,drawing_only,medium,dimension/spec/drawing pages audited
test18_main_engine_accessories,Test/Test 18/Extracted pages from Main engine assessories (1).pdf,2,drawing_only,medium,dimension/spec/drawing pages audited
test18_main_engine_accessories,Test/Test 18/Extracted pages from Main engine assessories (1).pdf,3,drawing_only,medium,dimension/spec/drawing pages audited
test18_main_engine_accessories,Test/Test 18/Extracted pages from Main engine assessories (1).pdf,4,drawing_only,medium,dimension/spec/drawing pages audited
test18_main_engine_accessories,Test/Test 18/Extracted pages from Main engine assessories (1).pdf,5,spare_parts_table,high,Pleiger spare list pages
test18_main_engine_accessories,Test/Test 18/Extracted pages from Main engine assessories (1).pdf,6,spare_parts_table,high,Pleiger spare list pages
test18_main_engine_accessories,Test/Test 18/Extracted pages from Main engine assessories (1).pdf,7,spare_parts_table,high,Pleiger spare list pages
test18_main_engine_accessories,Test/Test 18/Extracted pages from Main engine assessories (1).pdf,8,drawing_only,medium,drawing/title pages audited
test18_main_engine_accessories,Test/Test 18/Extracted pages from Main engine assessories (1).pdf,9,drawing_only,medium,drawing/title pages audited
test18_main_engine_accessories,Test/Test 18/Extracted pages from Main engine assessories (1).pdf,10,spare_parts_table,high,Pleiger spare list pages
test18_main_engine_accessories,Test/Test 18/Extracted pages from Main engine assessories (1).pdf,11,spare_parts_table,high,Pleiger spare list pages
test18_main_engine_accessories,Test/Test 18/Extracted pages from Main engine assessories (1).pdf,12,spare_parts_table,high,Pleiger spare list pages
test18_main_engine_accessories,Test/Test 18/Extracted pages from Main engine assessories (1).pdf,13,spare_parts_table,high,Pleiger spare list pages
test18_main_engine_accessories,Test/Test 18/Extracted pages from Main engine assessories (1).pdf,14,drawing_only,medium,drawing page audited
test18_main_engine_accessories,Test/Test 18/Extracted pages from Main engine assessories (1).pdf,15,spare_parts_table,high,Pleiger spare/annex list pages
test18_main_engine_accessories,Test/Test 18/Extracted pages from Main engine assessories (1).pdf,16,spare_parts_table,high,Pleiger spare/annex list pages
test18_main_engine_accessories,Test/Test 18/Extracted pages from Main engine assessories (1).pdf,17,spare_parts_table,high,Pleiger spare/annex list pages
test18_main_engine_accessories,Test/Test 18/Extracted pages from Main engine assessories (1).pdf,18,spare_parts_table,high,Pleiger spare/annex list pages
test18_main_engine_accessories,Test/Test 18/Extracted pages from Main engine assessories (1).pdf,19,spare_parts_table,high,Pleiger spare/annex list pages
test18_main_engine_accessories,Test/Test 18/Extracted pages from Main engine assessories (1).pdf,20,spare_parts_table,high,Pleiger spare/annex list pages
test18_main_engine_accessories,Test/Test 18/Extracted pages from Main engine assessories (1).pdf,21,spare_parts_table,high,Pleiger spare/annex list pages
test18_main_engine_accessories,Test/Test 18/Extracted pages from Main engine assessories (1).pdf,22,spare_parts_table,high,Pleiger spare/annex list pages
test18_main_engine_accessories,Test/Test 18/Extracted pages from Main engine assessories (1).pdf,23,spare_parts_table,high,Pleiger spare/annex list pages
test18_main_engine_accessories,Test/Test 18/Extracted pages from Main engine assessories (1).pdf,24,spare_parts_table,high,Pleiger spare/annex list pages
test18_main_engine_accessories,Test/Test 18/Extracted pages from Main engine assessories (1).pdf,25,spare_parts_table,high,Pleiger spare/annex list pages
test18_main_engine_accessories,Test/Test 18/Extracted pages from Main engine assessories (1).pdf,26,spare_parts_table,high,Pleiger spare/annex list pages
test18_main_engine_accessories,Test/Test 18/Extracted pages from Main engine assessories (1).pdf,27,repair_kit,medium,heat exchanger embedded list of parts
test18_main_engine_accessories,Test/Test 18/Extracted pages from Main engine assessories (1).pdf,28,drawing_only,medium,EDUR section drawing
test18_main_engine_accessories,Test/Test 18/Extracted pages from Main engine assessories (1).pdf,29,spare_parts_table,high,EDUR/Boll standard parts list pages
test18_main_engine_accessories,Test/Test 18/Extracted pages from Main engine assessories (1).pdf,30,spare_parts_table,high,EDUR/Boll standard parts list pages
test18_main_engine_accessories,Test/Test 18/Extracted pages from Main engine assessories (1).pdf,31,spare_parts_table,high,EDUR/Boll standard parts list pages
test18_main_engine_accessories,Test/Test 18/Extracted pages from Main engine assessories (1).pdf,32,spare_parts_table,high,EDUR/Boll standard parts list pages
test18_main_engine_accessories,Test/Test 18/Extracted pages from Main engine assessories (1).pdf,33,spare_parts_table,high,EDUR/Boll standard parts list pages
test18_main_engine_accessories,Test/Test 18/Extracted pages from Main engine assessories (1).pdf,34,spare_parts_table,high,EDUR/Boll standard parts list pages
test18_main_engine_accessories,Test/Test 18/Extracted pages from Main engine assessories (1).pdf,35,spare_parts_table,high,EDUR/Boll standard parts list pages
test18_main_engine_accessories,Test/Test 18/Extracted pages from Main engine assessories (1).pdf,36,spare_parts_table,high,EDUR/Boll standard parts list pages
test18_main_engine_accessories,Test/Test 18/Extracted pages from Main engine assessories (1).pdf,37,spare_parts_table,high,EDUR/Boll standard parts list pages
test18_main_engine_accessories,Test/Test 18/Extracted pages from Main engine assessories (1).pdf,38,spare_parts_table,high,EDUR/Boll standard parts list pages
test18_main_engine_accessories,Test/Test 18/Extracted pages from Main engine assessories (1).pdf,39,spare_parts_table,high,EDUR/Boll standard parts list pages
test18_main_engine_accessories,Test/Test 18/Extracted pages from Main engine assessories (1).pdf,40,spare_parts_table,high,EDUR/Boll standard parts list pages
test18_main_engine_accessories,Test/Test 18/Extracted pages from Main engine assessories (1).pdf,41,spare_parts_table,high,EDUR/Boll standard parts list pages
test18_main_engine_accessories,Test/Test 18/Extracted pages from Main engine assessories (1).pdf,42,spare_parts_table,high,EDUR/Boll standard parts list pages
test18_main_engine_accessories,Test/Test 18/Extracted pages from Main engine assessories (1).pdf,43,spare_parts_table,high,EDUR/Boll standard parts list pages
test18_main_engine_accessories,Test/Test 18/Extracted pages from Main engine assessories (1).pdf,44,spare_parts_table,high,EDUR/Boll standard parts list pages
test18_main_engine_accessories,Test/Test 18/Extracted pages from Main engine assessories (1).pdf,45,spare_parts_table,high,EDUR/Boll standard parts list pages
test18_main_engine_accessories,Test/Test 18/Extracted pages from Main engine assessories (1).pdf,46,spare_parts_table,high,EDUR/Boll standard parts list pages
test18_main_engine_accessories,Test/Test 18/Extracted pages from Main engine assessories (1).pdf,47,spare_parts_table,high,EDUR/Boll standard parts list pages
test18_main_engine_accessories,Test/Test 18/Extracted pages from Main engine assessories (1).pdf,48,spare_parts_table,high,EDUR/Boll standard parts list pages
test18_main_engine_accessories,Test/Test 18/Extracted pages from Main engine assessories (1).pdf,49,spare_parts_table,high,EDUR/Boll standard parts list pages
test18_main_engine_accessories,Test/Test 18/Extracted pages from Main engine assessories (1).pdf,50,spare_parts_table,high,EDUR/Boll standard parts list pages
test18_main_engine_accessories,Test/Test 18/Extracted pages from Main engine assessories (1).pdf,51,spare_parts_table,high,EDUR/Boll standard parts list pages
test18_main_engine_accessories,Test/Test 18/Extracted pages from Main engine assessories (1).pdf,52,spare_parts_table,high,EDUR/Boll standard parts list pages
test18_main_engine_accessories,Test/Test 18/Extracted pages from Main engine assessories (1).pdf,53,spare_parts_table,high,EDUR/Boll standard parts list pages
test18_main_engine_accessories,Test/Test 18/Extracted pages from Main engine assessories (1).pdf,54,spare_parts_table,high,EDUR/Boll standard parts list pages
test18_main_engine_accessories,Test/Test 18/Extracted pages from Main engine assessories (1).pdf,55,spare_parts_table,high,EDUR/Boll standard parts list pages
test18_main_engine_accessories,Test/Test 18/Extracted pages from Main engine assessories (1).pdf,56,drawing_only,medium,Boll spec/drawing pages
test18_main_engine_accessories,Test/Test 18/Extracted pages from Main engine assessories (1).pdf,57,drawing_only,medium,Boll spec/drawing pages
test18_main_engine_accessories,Test/Test 18/Extracted pages from Main engine assessories (1).pdf,58,drawing_only,medium,Boll spec/drawing pages
test18_main_engine_accessories,Test/Test 18/Extracted pages from Main engine assessories (1).pdf,59,spare_parts_table,high,EDUR/Boll standard parts list pages
test18_main_engine_accessories,Test/Test 18/Extracted pages from Main engine assessories (1).pdf,60,spare_parts_table,high,EDUR/Boll standard parts list pages
test18_main_engine_accessories,Test/Test 18/Extracted pages from Main engine assessories (1).pdf,61,index_page,high,rotated Boll matrix/cross-reference list
test18_main_engine_accessories,Test/Test 18/Extracted pages from Main engine assessories (1).pdf,62,index_page,high,rotated Boll matrix/cross-reference list
test18_main_engine_accessories,Test/Test 18/Extracted pages from Main engine assessories (1).pdf,63,spare_parts_table,high,Boll parts list pages
test18_main_engine_accessories,Test/Test 18/Extracted pages from Main engine assessories (1).pdf,64,spare_parts_table,high,Boll parts list pages
test18_main_engine_accessories,Test/Test 18/Extracted pages from Main engine assessories (1).pdf,65,spare_parts_table,high,Boll parts list pages
test18_main_engine_accessories,Test/Test 18/Extracted pages from Main engine assessories (1).pdf,66,spare_parts_table,high,Boll parts list pages
test18_main_engine_accessories,Test/Test 18/Extracted pages from Main engine assessories (1).pdf,67,spare_parts_table,high,Boll parts list pages
test18_main_engine_accessories,Test/Test 18/Extracted pages from Main engine assessories (1).pdf,68,spare_parts_table,high,Boll parts list pages
test18_main_engine_accessories,Test/Test 18/Extracted pages from Main engine assessories (1).pdf,69,spare_parts_table,high,Boll parts list pages
test18_main_engine_accessories,Test/Test 18/Extracted pages from Main engine assessories (1).pdf,70,spare_parts_table,high,Boll parts list pages
test18_main_engine_accessories,Test/Test 18/Extracted pages from Main engine assessories (1).pdf,71,spare_parts_table,high,Boll parts list pages
test18_main_engine_accessories,Test/Test 18/Extracted pages from Main engine assessories (1).pdf,72,spare_parts_table,high,Boll parts list pages
test18_main_engine_accessories,Test/Test 18/Extracted pages from Main engine assessories (1).pdf,73,spare_parts_table,high,Boll parts list pages
test18_main_engine_accessories,Test/Test 18/Extracted pages from Main engine assessories (1).pdf,74,spare_parts_table,high,Boll parts list pages
test18_main_engine_accessories,Test/Test 18/Extracted pages from Main engine assessories (1).pdf,75,spare_parts_table,high,Boll parts list pages
test18_main_engine_accessories,Test/Test 18/Extracted pages from Main engine assessories (1).pdf,76,drawing_only,medium,drawing-only pages audited
test18_main_engine_accessories,Test/Test 18/Extracted pages from Main engine assessories (1).pdf,77,drawing_only,medium,drawing-only pages audited
test18_main_engine_accessories,Test/Test 18/Extracted pages from Main engine assessories (1).pdf,78,index_page,high,Boll NW matrix pages
test18_main_engine_accessories,Test/Test 18/Extracted pages from Main engine assessories (1).pdf,79,index_page,high,Boll NW matrix pages
test18_main_engine_accessories,Test/Test 18/Extracted pages from Main engine assessories (1).pdf,80,index_page,high,Boll NW matrix pages
test18_main_engine_accessories,Test/Test 18/Extracted pages from Main engine assessories (1).pdf,81,index_page,high,Boll NW matrix pages
test18_main_engine_accessories,Test/Test 18/Extracted pages from Main engine assessories (1).pdf,82,index_page,high,Boll NW matrix pages
test18_main_engine_accessories,Test/Test 18/Extracted pages from Main engine assessories (1).pdf,83,index_page,high,Boll NW matrix pages
test18_main_engine_accessories,Test/Test 18/Extracted pages from Main engine assessories (1).pdf,84,index_page,high,Boll NW matrix pages
test18_main_engine_accessories,Test/Test 18/Extracted pages from Main engine assessories (1).pdf,85,spare_parts_table,high,Boll list pages
test18_main_engine_accessories,Test/Test 18/Extracted pages from Main engine assessories (1).pdf,86,spare_parts_table,high,Boll list pages
test18_main_engine_accessories,Test/Test 18/Extracted pages from Main engine assessories (1).pdf,87,spare_parts_table,high,Boll list pages
test18_main_engine_accessories,Test/Test 18/Extracted pages from Main engine assessories (1).pdf,88,spare_parts_table,high,Boll list pages
test18_main_engine_accessories,Test/Test 18/Extracted pages from Main engine assessories (1).pdf,89,drawing_only,medium,spec/drawing pages audited
test18_main_engine_accessories,Test/Test 18/Extracted pages from Main engine assessories (1).pdf,90,drawing_only,medium,spec/drawing pages audited
test19_life_boat_bukh_diesel,Test/Test 19/Life boat spares 1 (1).pdf,1,drawing_only,medium,front/non-extraction pages
test19_life_boat_bukh_diesel,Test/Test 19/Life boat spares 1 (1).pdf,2,drawing_only,medium,front/non-extraction pages
test19_life_boat_bukh_diesel,Test/Test 19/Life boat spares 1 (1).pdf,3,spare_parts_table,high,BUKH spare-parts pages
test19_life_boat_bukh_diesel,Test/Test 19/Life boat spares 1 (1).pdf,4,spare_parts_table,high,BUKH spare-parts pages
test19_life_boat_bukh_diesel,Test/Test 19/Life boat spares 1 (1).pdf,5,spare_parts_table,high,BUKH spare-parts pages
test19_life_boat_bukh_diesel,Test/Test 19/Life boat spares 1 (1).pdf,6,spare_parts_table,high,BUKH spare-parts pages
test19_life_boat_bukh_diesel,Test/Test 19/Life boat spares 1 (1).pdf,7,spare_parts_table,high,BUKH spare-parts pages
test19_life_boat_bukh_diesel,Test/Test 19/Life boat spares 1 (1).pdf,8,spare_parts_table,high,BUKH spare-parts pages
test19_life_boat_bukh_diesel,Test/Test 19/Life boat spares 1 (1).pdf,9,spare_parts_table,high,BUKH spare-parts pages
test19_life_boat_bukh_diesel,Test/Test 19/Life boat spares 1 (1).pdf,10,spare_parts_table,high,BUKH spare-parts pages
test19_life_boat_bukh_diesel,Test/Test 19/Life boat spares 1 (1).pdf,11,spare_parts_table,high,BUKH spare-parts pages
test19_life_boat_bukh_diesel,Test/Test 19/Life boat spares 1 (1).pdf,12,spare_parts_table,high,BUKH spare-parts pages
test19_life_boat_bukh_diesel,Test/Test 19/Life boat spares 1 (1).pdf,13,spare_parts_table,high,BUKH spare-parts pages
test19_life_boat_bukh_diesel,Test/Test 19/Life boat spares 1 (1).pdf,14,spare_parts_table,high,BUKH spare-parts pages
test19_life_boat_bukh_diesel,Test/Test 19/Life boat spares 1 (1).pdf,15,spare_parts_table,high,BUKH spare-parts pages
test19_life_boat_bukh_diesel,Test/Test 19/Life boat spares 1 (1).pdf,16,spare_parts_table,high,BUKH spare-parts pages
test19_life_boat_bukh_diesel,Test/Test 19/Life boat spares 1 (1).pdf,17,spare_parts_table,high,BUKH spare-parts pages
test19_life_boat_bukh_diesel,Test/Test 19/Life boat spares 1 (1).pdf,18,spare_parts_table,high,BUKH spare-parts pages
test19_life_boat_bukh_diesel,Test/Test 19/Life boat spares 1 (1).pdf,19,spare_parts_table,high,BUKH spare-parts pages
test19_life_boat_bukh_diesel,Test/Test 19/Life boat spares 1 (1).pdf,20,spare_parts_table,high,BUKH spare-parts pages
test19_life_boat_bukh_diesel,Test/Test 19/Life boat spares 1 (1).pdf,21,spare_parts_table,high,BUKH spare-parts pages
test19_life_boat_bukh_diesel,Test/Test 19/Life boat spares 1 (1).pdf,22,spare_parts_table,high,BUKH spare-parts pages
test19_life_boat_bukh_diesel,Test/Test 19/Life boat spares 1 (1).pdf,23,spare_parts_table,high,BUKH spare-parts pages
test19_life_boat_bukh_diesel,Test/Test 19/Life boat spares 1 (1).pdf,24,spare_parts_table,high,BUKH spare-parts pages
test19_life_boat_bukh_diesel,Test/Test 19/Life boat spares 1 (1).pdf,25,spare_parts_table,high,BUKH spare-parts pages
test19_life_boat_bukh_diesel,Test/Test 19/Life boat spares 1 (1).pdf,26,spare_parts_table,high,BUKH spare-parts pages
test19_life_boat_bukh_diesel,Test/Test 19/Life boat spares 1 (1).pdf,27,spare_parts_table,high,BUKH spare-parts pages
test19_life_boat_bukh_diesel,Test/Test 19/Life boat spares 1 (1).pdf,28,spare_parts_table,high,BUKH spare-parts pages
test19_life_boat_bukh_diesel,Test/Test 19/Life boat spares 1 (1).pdf,29,spare_parts_table,high,BUKH spare-parts pages
test19_life_boat_bukh_diesel,Test/Test 19/Life boat spares 1 (1).pdf,30,spare_parts_table,high,BUKH spare-parts pages
test19_life_boat_bukh_diesel,Test/Test 19/Life boat spares 1 (1).pdf,31,spare_parts_table,high,BUKH spare-parts pages
test19_life_boat_bukh_diesel,Test/Test 19/Life boat spares 1 (1).pdf,32,spare_parts_table,high,BUKH spare-parts pages
test19_life_boat_bukh_diesel,Test/Test 19/Life boat spares 1 (1).pdf,33,spare_parts_table,high,BUKH spare-parts pages
test19_life_boat_bukh_diesel,Test/Test 19/Life boat spares 1 (1).pdf,34,spare_parts_table,high,BUKH spare-parts pages
test19_life_boat_bukh_diesel,Test/Test 19/Life boat spares 1 (1).pdf,35,spare_parts_table,high,BUKH spare-parts pages
test19_life_boat_bukh_diesel,Test/Test 19/Life boat spares 1 (1).pdf,36,spare_parts_table,high,BUKH spare-parts pages
test19_life_boat_bukh_diesel,Test/Test 19/Life boat spares 1 (1).pdf,37,spare_parts_table,high,BUKH spare-parts pages
test19_life_boat_bukh_diesel,Test/Test 19/Life boat spares 1 (1).pdf,38,spare_parts_table,high,BUKH spare-parts pages
test19_life_boat_bukh_diesel,Test/Test 19/Life boat spares 1 (1).pdf,39,spare_parts_table,high,BUKH spare-parts pages
